:020000040800F2
:1000000000060020790400087B0400087B04000837
:100010007B0400087B0400087B0400087B040008C4
:100020007B0400087B0400087B04000829B000085A
:100030007B0400087B0400087B0400087B040008A4
:100040007B0400087B0400087B0400087B04000894
:100050007B0400087B0400087B0400087B04000884
:100060007B0400087B0400087B040008CD7E0008A8
:10007000F57E0008217F00084D7F0008797F000889
:10008000A17F0008CD7F00087B0400087B040008E6
:100090007B0400087B0400087B0400087B04000844
:1000A0007B0400087B0400087B0400087B04000834
:1000B0007B0400087B0400087B0400087B04000824
:1000C0007B0400087B0400087B0400087B04000814
:1000D0007B0400087B0400087B04000849BF00087B
:1000E0007B0400087B0400087B0400087B040008F4
:1000F0007B0400087B0400087B040008F97F0008EB
:100100007B0400087B04000885BF00087B0400080E
:100110007B0400085DBF00087B0400087B04000826
:10012000258000084D80000879800008A58000081F
:10013000D18000087B0400087B0400087B040008D1
:100140007B0400087B0400087B0400087B04000893
:10015000F980000825810008518100087B0400080F
:100160007B0400087B0400087B0400087B04000873
:100170007B04000815BC00087B0400087B04000811
:100180007B0400087B04000871BF00087B040008A2
:100190007B0400087B0400087B0400087B04000843
:1001A0007B0400087B0400087B0400087B04000833
:1001B0007B0400087B0400087B0400087B04000823
:1001C0007B0400087B0400087B0400087B04000813
:1001D0007B04000801BC00087B0400087B040008C5
:1001E0007B0400087B0400087B0400087B040008F3
:1001F0007B0400087B0400087B0400087B040008E3
:100200007B0400087B0400087B0400087B040008D2
:100210007B0400087B0400087B0400087B040008C2
:100220007B0400087B0400087B0400087B040008B2
:1002300035BF00087B0400087B0400087B0400082D
:100240007B0400087B0400087B0400087B04000892
:100250007B0400087B0400087B0400087B04000882
:100260007B0400087B0400087B0400087B04000872
:100270007B0400087B0400087B0400087B04000862
:100280007B0400087B0400087B0400087B04000852
:100290007B0400087B0400087B0400087B04000842
:1002A0007B0400087B0400087B0400087B04000832
:1002B0007B0400087B0400087B0400087B04000822
:1002C0007B0400087B0400087B0400087B04000812
:1002D0007B0400087B0400087B0400087B04000802
:1002E0004ECF4EA5A6B6F729000000000000000082
:1002F00000000000000000000000000000000000FE
:1003000000000000000000000000000000000000ED
:1003100000000000000000000000000000000000DD
:1003200000000000000000000000000000000000CD
:1003300000000000000000000000000000000000BD
:1003400000000000000000000000000000000000AD
:10035000000000000000000000000000000000009D
:10036000000000000000000000000000000000008D
:10037000000000000000000000000000000000007D
:10038000000000000000000000000000000000006D
:10039000000000000000000000000000000000005D
:1003A000000000000000000000000000000000004D
:1003B000000000000000000000000000000000003D
:1003C000000000000000000000000000000000002D
:1003D000000000000000000000000000000000001D
:1003E000000000000000000000000000000000000D
:1003F00000000000000000000000000000000000FD
:1004000000000000000000000000000000000000EC
:1004100000000000000000000000000000000000DC
:100420000000000000000000435253756D526567E4
:1004300001010000000000000000000000000000BA
:1004400000000000000000000000000000000000AC
:10045000000000000000000000000000000000009C
:10046000000000000000000000000000000000008C
:10047000000000000000000002E000F000F8FEE7CD
:1004800072B6374880F30888364880F309883648C2
:100490003649086040F20000CCF200004EF634719C
:1004A000CEF200010860BFF34F8FBFF36F8F40F2B1
:1004B0000000C0F2F0004EF68851CEF20001086054
:1004C000BFF34F8FBFF36F8F4FF00000E1EE100AC4
:1004D0004EF63C71CEF200010860062080F31488CD
:1004E000BFF36F8F0AF002FE09F058FF4FF055304E
:1004F0001F491B4A91423CBF41F8040BFAE71D49D2
:10050000184A91423CBF41F8040BFAE71A491B4ACA
:100510001B4B9A423EBF51F8040B42F8040BF8E71C
:1005200000201849184A91423CBF41F8040BFAE7F1
:100530000AF01AFE09F0B6FF144C154DAC4203DA6E
:1005400054F8041B8847F9E700F08AFD114C124D5E
:10055000AC4203DA54F8041B8847F9E70AF002BEFC
:1005600000060020002200200000000808ED00E046
:10057000000000200006002018DC000800220020F7
:100580007422002078220020CC660020E0020008BF
:10059000E0020008E0020008E00200082DE9F04F48
:1005A0002DED108AC1F80CD0D0F80CD0BDEC108A1B
:1005B000BDE8F08F002383F311882846A047002070
:1005C00009F0CEFCFEE709F021FC00DFFEE70000A9
:1005D00053B94AB9002908BF00281CBF4FF0FF31AA
:1005E0004FF0FF3000F074B9ADF1080C6DE904CEA6
:1005F00000F006F8DDF804E0DDE9022304B07047FE
:100600002DE9F047089D04468E46002B4DD18A42C5
:10061000944669D9B2FA82F252B101FA02F3C2F1F8
:10062000200120FA01F10CFA02FC41EA030E944089
:100630004FEA1C48210CBEFBF8F61FFA8CF708FBAA
:1006400016E341EA034306FB07F199420AD91CEB82
:10065000030306F1FF3080F01F81994240F21C81B4
:10066000023E63445B1AA4B2B3FBF8F008FB1033FC
:1006700044EA034400FB07F7A7420AD91CEB040431
:1006800000F1FF3380F00A81A74240F20781644401
:10069000023840EA0640E41B00261DB1D440002386
:1006A000C5E900433146BDE8F0878B4209D9002DEA
:1006B00000F0EF800026C5E9000130463146BDE874
:1006C000F087B3FA83F6002E4AD18B4202D38242DE
:1006D00000F2F980841A61EB030301209E46002D8D
:1006E000E0D0C5E9004EDDE702B9FFDEB2FA82F2E2
:1006F000002A40F09280A1EB0C014FEA1C471FFA40
:100700008CFE0126200CB1FBF7F307FB131140EA26
:1007100001410EFB03F0884208D91CEB010103F1F3
:10072000FF3802D2884200F2CB804346091AA4B2B5
:10073000B1FBF7F007FB101144EA01440EFB00FE89
:10074000A64508D91CEB040400F1FF3102D2A645EE
:1007500000F2BB800846A4EB0E0440EA03409CE78D
:10076000C6F12007B34022FA07FC4CEA030C20FA3A
:1007700007F401FA06F31C43F9404FEA1C4900FA5A
:1007800006F3B1FBF9F8200C1FFA8CFE09FB1811D7
:1007900040EA014108FB0EF0884202FA06F20BD94A
:1007A0001CEB010108F1FF3A80F08880884240F29A
:1007B0008580A8F102086144091AA4B2B1FBF9F0DE
:1007C00009FB101144EA014100FB0EFE8E4508D9D9
:1007D0001CEB010100F1FF346CD28E456AD902385E
:1007E000614440EA0840A0FB0294A1EB0E01A14243
:1007F000C846A64656D353D05DB1B3EB080261EBB1
:100800000E0101FA07F722FA06F3F1401F43C5E98A
:10081000007100263146BDE8F087C2F12003D840C0
:100820000CFA02FC21FA03F3914001434FEA1C4702
:100830001FFA8CFEB3FBF7F007FB10360B0C43EAF4
:10084000064300FB0EF69E4204FA02F408D91CEBA4
:10085000030300F1FF382FD29E422DD902386344A2
:100860009B1B89B2B3FBF7F607FB163341EA034142
:1008700006FB0EF38B4208D91CEB010106F1FF3891
:1008800016D28B4214D9023E6144C91A46EA004688
:1008900038E72E46284605E70646E3E61846F8E61A
:1008A0004B45A9D2B9EB020864EB0C0E0138A3E763
:1008B0004646EAE7204694E74046D1E7D0467BE744
:1008C000023B614432E7304609E76444023842E7BC
:1008D000704700BF032A70B515D940EA010C1CF01F
:1008E000030F04460B4621D1194620460E680568C1
:1008F000B54204F1040403F1040317D1043A032AB6
:1009000020461946F0D8541EA2B100F1FF3C01392F
:1009100001E0C3180CD01CF801EF11F8012F964527
:10092000A4EB0C03F5D0AEEB020070BD541EECE757
:10093000184670BD104670BD2DE9F04F012BADF289
:100940001C4D07468A46154640F21F814FF00109AB
:10095000002448464FF0FF364A4606E0A2EB06095F
:1009600014460120221893420FD9A91915F802C084
:10097000095C8C45F2D300F08C804FF001092646CB
:1009800048464C4422189342EFD84FF0010E002401
:1009900070464FF0FF3C724606E0A2EB0C0E144688
:1009A0000120221893420FD905EB0C0115F80280A3
:1009B000095C8845F1D872D04FF0010EA44670460C
:1009C000744422189342EFD80CF1010C01366645AD
:1009D00001D8F146664605AA0DF2144142F8043FDB
:1009E0008A42FBD1002B00F0CB805C1E691E05EB18
:1009F000040C0DF1180811F8010FCA431A442A44D7
:100A0000614548F82020F6D1324605EB0901284619
:100A10000193FFF75FFF019B002868D1AAEB030158
:100A2000A3EB0903024602930346701E0590C6F12C
:100A30000100CDE903908A4601950AE022B1039AAC
:100A40009142029A38BF11460B4453454FF00002C1
:100A500048D807EB030B1BF8041058F821100029A5
:100A6000ECD1B242114638BF3146A1421DD20198A5
:100A70004D1E05445818384402E00131A14214D2F9
:100A800010F801CB15F801EFE645F6D0049A1344AF
:100A9000DAE7814512BF01304C44012062E770451E
:100AA0000ABF2418013001207BE7B242059972D2B7
:100AB000019D98193844354402E08A425ED061466F
:100AC00010F801CD15F801EDE64501F1010901F13C
:100AD000FF3CF2D001324A455BD8039A1344534598
:100AE000029AB6D900200DF21C4DBDE8F08FAAEB9A
:100AF000030A9B1BB34238BF33464FF00009013352
:100B000007EB09000293C6F101030193035D58F856
:100B1000233006F1FF3B4BB19944D145E2D807EBB6
:100B20000900035D58F82330002BF5D1A64213D2FB
:100B300006EB09023A4405EB0B01334602E00133B0
:100B4000A34209D212F801CB11F801EFE645F6D025
:100B5000019A91449944E0E7002EC4D006EB0901C4
:100B60003944AA1901E0AB42BDD012F801ED11F8E9
:100B700001CDE6451346F6D0029BCDE79146A9E7A5
:100B80004FF0FF340DF118083EE74FF00109002641
:100B900021E75846A7E7B1469CE700BF2DE9F0479B
:100BA0000446C0B0002B69D0012B0D4690461F466D
:100BB00000F087808B425DD8CD1A022B00EB050632
:100BC00060D0B3F5807F00F2838000214FF4807203
:100BD00068465D1E01F0B0FD4046012102464378A3
:100BE0001278A3EBC203DBB201300DF80310013120
:100BF0008D42F3D808EB07034FF0000A13F8022CDC
:100C000018F80530A3EBC203DBB21DF803900DF812
:100C10000350A5EB0909B44201D92BE063B92C4478
:100C2000A64214F8013C94F800C0ACEBC30C5FFA88
:100C30008CFC1DF80C30F1D29D42A4EB0304EAD8E1
:100C40000F2D07D9042208EB0A0104EB0A00FFF775
:100C500041FE60B92A4641462046FFF73BFE68B197
:100C6000BAF1030F8CBFAAF1040AA7F1050A4C449C
:100C7000B442D4D9002040B0BDE8F087204640B04F
:100C8000BDE8F08713785578017845EA03450346B7
:100C900013F8012F9E4242EA01421DD39542EDD046
:100CA000013601E09542E6D0184613F8011FB34221
:100CB00041EA0242F6D1954208BF06F1FF30D9D190
:100CC000D9E711782A4640B0BDE8F04700F078B97E
:100CD00040B0BDE8F0472FE61E46ECE788420DD94C
:100CE0008B1883420AD900EB020CBAB1624613F8A2
:100CF00001CD02F801CD9942F9D170470F2A0ED8E3
:100D0000034602F1FF3C4AB10CF1010C013B8C445B
:100D100011F8012B03F8012F6145F9D1704740EA22
:100D200001039B0750D1A2F1100370B501F1200C13
:100D300023F00F0501F1100E00F11004AC441B0963
:100D40005EF8105C44F8105C5EF80C5C44F80C5CD7
:100D50005EF8085C44F8085C5EF8045C44F8045CE7
:100D60000EF1100EE64504F11004E9D1013312F042
:100D70000C0F01EB031102F00F0400EB031327D05B
:100D8000043C24F003064FEA940C1E441C1F8E46BC
:100D90005EF8045B44F8045FB442F9D10CF101043D
:100DA00002F0030203EB840301EB840102F1FF3C38
:100DB0004AB10CF1010C013B8C4411F8012B03F8F2
:100DC000012F6145F9D170BD02F1FF3C03469BE75D
:100DD0002246EBE711F0FF01034644D0820732D1EF
:100DE00010B5046841EA012E4EEA0E4E8EEA040266
:100DF000A2F1013323EA0203A4F1013222EA040240
:100E0000134313F0803F0FD150F8044F84EA0E0CC7
:100E1000A4F10133ACF1013223EA040322EA0C020B
:100E2000134313F0803FEFD0037823B936E010F876
:100E3000013F002B32D09942F9D110BD8A4211D026
:100E40009A071846CCD0184613F8012B002AF5D182
:100E5000104670479907184607D0184601330278A4
:100E6000002AF7D170478207F7D10268A2F1013357
:100E700023EA020313F0803F08D150F8042FA2F1B7
:100E8000013323EA020313F0803FF6D00378002BEE
:100E9000E8D010F8013F002BFBD17047184610BD79
:100EA00080EA0102844612F0030F4FD111F0030FC4
:100EB00032D14DF8044D11F0040F51F8043B0BD022
:100EC000A3F101329A4312F0803F04BF4CF8043B77
:100ED00051F8043B16D100BF51F8044BA3F1013285
:100EE0009A4312F0803FA4F101320BD14CF8043B3D
:100EF000A24312F0803F04BF51F8043B4CF8044B6E
:100F0000EAD023460CF8013B13F0FF0F4FEA3323DE
:100F1000F8D15DF8044B704711F0010F06D011F8BD
:100F2000012B0CF8012B002A08BF704711F0020FAB
:100F3000BFD031F8022B12F0FF0F16BF2CF8022B96
:100F40008CF8002012F47F4FB3D1704711F8012BB9
:100F50000CF8012B002AF9D1704700BF30B540EAE8
:100F60000104A30701D1032A0FD8844601F1FF3EF3
:100F700007E01EF8011F03F8011B541EC1B19C4677
:100F800022466346002AF4D130BD0B4684461946FA
:100F900053F8045BA5F1013424EA050414F0803F02
:100FA000E4D1043A032A4CF8045B1946EFD8DDE794
:100FB0006244002CE8D003F8011B9342FBD130BD02
:100FC00001F0FF01102A2BDB10F0070F08D010F8FA
:100FD000013B013A8B422DD010F0070F42B3F6D1FE
:100FE000F0B441EA012141EA014122F007047FF017
:100FF00000070023F0E80256083C85EA010586EA6E
:10100000010685FA47F5A3FA87F586FA47F6A5FAA9
:1010100087F68EB9EED1F0BC01F0FF0102F00702B5
:1010200032B110F8013B013A83EA010313B1F8D160
:101030000020704701387047002D06BF3546033841
:10104000073815F0010F07D1013015F4807F02BF7A
:10105000013015F4C03F0130F0BC0138704700BFCB
:1010600070B501F02BFA01F01DFC09F0BBFE05463E
:1010700009F0CCFF044620BB194B9D4223D001331D
:101080009D4241F2883504BF0124002501F0CCFEC9
:10109000064601F067FD0146BEB9124801F0E8FAC4
:1010A000002009F0A9FE0CB100F084F801F09AFBD1
:1010B00000F048FD08B100F07DF8284600F034F952
:1010C000F9E70025E2E70546E0E732460648002555
:1010D00001F0CEFA03202C4600F056F8E0E700BFFE
:1010E000010007B0E0C80008EDC8000808B501F02D
:1010F000B1F9A0F120035842584108BD07B50421B9
:1011000001900DEB010001F0C3F903B05DF804FBA1
:1011100038B5302383F31188174803680BB109F001
:1011200003F80023154A4FF47A71134808F0F2FFD0
:10113000002383F31188124C236813B12368013B09
:101140002360636813B16368013B63600D4D2B78C6
:1011500033B963687BB9022001F078FA3223636007
:101160002B78032B07D163682BB9022001F06EFAAC
:101170004FF47A73636038BD7822002011110008A3
:101180009823002090220020084B187003280CD8C8
:10119000DFE800F008050208022001F047BA02204B
:1011A00001F034BA024B00225A60704790220020AE
:1011B00098230020F8B501F037FE30B1524B0322DE
:1011C0001A700022514B5A60F8BD514B514A1C46CF
:1011D00019680131F8D004339342F9D162684E4B5B
:1011E0009A42F1D94D4B9B6803F1006303F500333C
:1011F0009A42E9D2002001F07BF90220FFF7C4FFF8
:10120000474B0021D3F8E820C3F8E810D3F81021A9
:10121000C3F81011D3F81021D3F8EC20C3F8EC1068
:10122000D3F81421C3F81411D3F81421D3F8F02003
:10123000C3F8F010D3F81821C3F81811D3F8182107
:10124000D3F8802042F00062C3F88020D3F88020D9
:1012500022F00062C3F88020D3F88020D3F88020E9
:1012600042F00072C3F88020D3F8802022F0007290
:10127000C3F88020D3F8803072B64FF0E023C3F873
:10128000084DD4E90004BFF34F8FBFF36F8F254A99
:10129000C2F88410BFF34F8F536923F48033536136
:1012A000BFF34F8FD2F8803043F6E076C3F3C90521
:1012B000C3F34E335B0103EA060C29464CEA8177FF
:1012C0000139C2F87472F9D2203B13F1200FF2D128
:1012D000BFF34F8FBFF36F8FBFF34F8FBFF36F8F8E
:1012E000536923F4003353610023C2F85032BFF333
:1012F0004F8FBFF36F8F302383F31188854680F3C0
:101300000888204760E700BF902200209823002033
:101310000000020820000208FFFF01080022002050
:101320000044025800ED00E02DE9F04F95B0DFF8E1
:10133000D8922022FF21029004A8D9F8085001F089
:10134000FBF9A84A1378A3B90121A74811700360DB
:10135000302383F3118803680BB108F0E5FE002306
:10136000A24A4FF47A71A04808F0D4FE002383F318
:101370001188029B13B19E4B029A1A609D4A137802
:10138000032B03D000231370994A53604FF0000BD6
:10139000029C5E46DA46CDF804B0012001F046F921
:1013A00024B1934B1B68002B00F02882002001F031
:1013B00051F8B0F10008F3DB012001F027F9A8F1A2
:1013C00021031F2BE9D801A252F823F04D14000885
:1013D00069140008F71400089B1300089B13000809
:1013E0009B13000881150008731700086516000894
:1013F000C1160008E71600080D1700089B13000827
:101400001F17000843170008BB170008D514000871
:101410009B1300080318000859140008D51400088D
:101420009B130008C11600089B1300089B130008BB
:101430009B1300089B1300089B1300089B130008D4
:101440009B1300089B130008F71400080220FFF705
:101450004DFE002840F0FF81029B02216648BBF14F
:10146000000F08BF1C4640E04FF47A7000F0F2FF16
:10147000071EF1DB0220FFF739FE0028ECD0013F08
:10148000052F00F2EA81DFE807F003070A0D1033A9
:101490000520FFF733FE14E0D9F80000F9E7D9F88A
:1014A0000400F6E7D9F80800F3E74FF01C084046BF
:1014B00008F1040801F01EF8FFF720FEB8F12C0F28
:1014C000F5D10120019B4FF0000A00FA07F71F43F6
:1014D000FBB2019301F07CF92EB1019B03F00B03E9
:1014E0000B2B08BF00240221444800F0D1FF54E731
:1014F000D9F80C00CDE7002EAED0019B03F00B0312
:101500000B2BA9D10220FFF7F1FD07460028A3D03D
:101510000120002600F0ECFF0220FFF735FE1FFA45
:1015200086FB584600F0F4FF044688B1A8F140025B
:10153000584601365142514100F0FAFF0028EED1E1
:10154000BB46044602212E483E4600F0A1FF24E798
:1015500025460120FFF718FED9F80830AB4207D91D
:10156000284600F0C7FF013040F07A810435F3E7E8
:101570000025204BBB463E461D701D4B5D60A9E714
:10158000002E3FF469AF019B03F00B030B2B7FF49C
:1015900063AF0220FFF7F8FD322000F05BFFB0F1EF
:1015A0000008FFF659AF18F003077FF455AF08EBBA
:1015B0000503D9F8082093423FF64EAFB8F5807F77
:1015C0003FF74AAF0F4BB84503931FDD4FF47A70D6
:1015D00000F040FF0028FFF63FAF039B013703F800
:1015E000010BF0E79423002078220020111100085D
:1015F000982300209022002020C9000818C9000864
:101600001CC900089422002000220020C820FFF7F7
:101610006DFD074600283FF41FAF1F2D11D8C5F1FF
:10162000200204AB25F003008F494245184428BF2F
:101630004246039201F05AF8039AFF218A4801F0CA
:101640007BF84FEAA803C8F387028749284603932B
:1016500001F07AF8064600283FF474AF039B05EBCF
:10166000830537E70220FFF741FD00283FF4F4AE81
:1016700000F07CFF00283FF4EFAE0027B846D9F811
:101680000830BB4218D91F2F11D8049B01330ED04C
:1016900027F0030350336B4453F8403C0C9340460F
:1016A00004220CA9043701F095F98046E7E7384693
:1016B00000F020FF0C90F2E74046FFF71FFD09E71E
:1016C000002364210CA80C9300F0D8FE00287FF4BE
:1016D000C3AE0220FFF70AFD00283FF4BDAE0C9810
:1016E00000F03AFFE9E7002364210CA80C9300F016
:1016F000C5FE00287FF4B0AE0220FFF7F7FC0028FB
:101700003FF4AAAE0C9800F029FFD6E70220FFF7BD
:10171000EDFC00283FF4A0AE00F038FFCDE702203A
:10172000FFF7E4FC00283FF497AE0CA9142000F06A
:1017300033FF0390FFF7E2FC03990CA800F0A8FE2A
:10174000C8E60220FFF7D2FC00283FF485AE474BE5
:101750000CAF03F1100C1868083353F8041C3A4618
:10176000634503C21746F6D11020FFF7C7FC1021CE
:10177000E3E7322000F06EFE071EFFF66DAEBB07FA
:101780007FF46AAE07EB0A03D9F8082093423FF6CC
:1017900063AE0220FFF7AAFC00283FF45DAE27F0FD
:1017A00003075744BA453FF495AE50460AF1040A80
:1017B00000F0A0FEFFF7A2FCF4E74FF47A70FFF709
:1017C00095FC00283FF448AE00F0D0FE002849D038
:1017D000049B01330BD0082204A9002000F0B4FFC1
:1017E00000283FD02022FF2104A800F0A5FF2048B8
:1017F000022100F04DFE1F4808F0B8FB15B0BDE80F
:10180000F08F002E3FF428AE019B03F00B030B2B4F
:101810007FF422AE002364210CA80C9300F02EFE6E
:10182000074600287FF418AE0220FFF75FFC8046D1
:1018300000283FF411AE02210D4800F029FE41F2CC
:10184000883008F093FB0C9801F00AF846463C46B5
:1018500000F0BEFFA1E506463CE64FF0000AFBE5BE
:10186000BB466FE637466DE69422002004C90008A7
:1018700018C90008A08601007047000070470000EA
:10188000704700002DE9F04100F580370446164608
:101890003B7C5BB9C0681030204400F027FFE5684E
:1018A0003544B5F5004FE56002D816B1BDE8F081CA
:1018B000DEB905F07F0605F110000021C6F18006B3
:1018C0002044F6B232462E4400F036FFA06804F100
:1018D0001008324600F10060414600F5003009F082
:1018E00021F830B901233B74E0E74FF40046354658
:1018F000ECE7A26805F11001404632442144A260A1
:10190000E268521BE26000F0F1FE0220BDE8F04107
:1019100000F09CBE183000F0E9BC000010B5044691
:1019200003F030FD204610BD10B5044603F02AFD3B
:10193000204610BDC0B2A0F14103052B02D83738B4
:10194000C0B27047A0F16103052B94BF57383038FF
:10195000F6E7000070B504461546084603220C4918
:1019600000F0CEFE014688B908346E1C15F911004E
:10197000FFF7E0FF024616F911000131FFF7DAFF29
:10198000102940EA021004F8010BEFD170BD00BF2E
:1019900024C900082DE9F04FADF53F7D07464168A9
:1019A00001222AA805F0E4FB002840F087800646C3
:1019B000824681461125DFF80C81DFF80CB101ABBE
:1019C0004FF4805241462AA805F032FD002875D117
:1019D000019AB2F5805F71D8002A65D00446019A59
:1019E0009442ECD2282D0FD008DC132D2DD01E2DC3
:1019F00039D0112D13D00134A4B2F0E7322D2DD0FF
:101A0000372D2FD02D2DF6D13B68121B08EB04018A
:101A100038461B692D259847BDF80440EBE7121B9B
:101A2000022A09D9594608EB040000F069FE18B9EA
:101A300002342825A4B2DEE718F804303A2B3DD052
:101A40000A2B1CBFA1461325D5E718F804300A2B32
:101A500034D03A2B04BFA2463225CCE718F8043024
:101A6000202BC8D0264618F804300A2B1AD1AAEB2E
:101A7000090208EB090102A811254F2A28BF4F22AD
:101A8000FFF76CFAA21B08EB060116A84F2A28BF25
:101A90004F22FFF763FA3B6816AA02A9DB683846B3
:101AA0009847A8E71E25A6E73B68384604491B6906
:101AB000984701200DF53F7DBDE8F08F0020F9E744
:101AC00034CA0008A023002028C9000800F118012A
:101AD00010B5044686B00846019100F0F1FB20469F
:101AE000FFF758FF60B1019902A800F049FC1022ED
:101AF00004F1080102A8FEF7EDFEB0FA80F04009FB
:101B000006B010BD70B504460025EEB2304600F0B8
:101B1000FFFC58B100213046013500F009FD08B93D
:101B2000002070BD022000F091FDEEE72046FFF797
:101B300031FF0028F4D004F58034207C80F00100CF
:101B4000EFE70000F0B5C9B009F064F903F036FC26
:101B500018B90025284649B0F0BD69462A4805F065
:101B600029FD00284BD1294C204605F053FD28487B
:101B700005F050FD274805F04DFD2146224805F0AF
:101B8000C5FD0028E5D1702003F0F6FB064610B134
:101B9000214B44600360336830469B689847054694
:101BA00000282ED01A4F1948394605F0AFFD0546DA
:101BB0000028CED1194803F0DFFB044638B1184B9A
:101BC0004760036000F58033C0E902551D74236847
:101BD00020469B689847054628B10E490C4805F0F9
:101BE00095FD0028B5D1336830465B6898471CB135
:101BF000236820465B68984703F0C8FBAAE70025E6
:101C0000FAE70446EFE700BF2CC900083CC900080A
:101C100053C9000869C900088CC9000814000100F4
:101C2000A8C900082DE9F04FD44A8DB00B68D0F850
:101C300004A001931A440368D14E1A44D1F81C90B1
:101C4000DFF8B4C3DFF8B4B3D0E90234634003EA89
:101C50000A03634013444A6802920AEB7363029CCE
:101C6000C84A2244C468224484688AEA04051D40A4
:101C7000654015448A68039203EB3555039CC24ABC
:101C80002244846822448AEA03042C4084EA0A0439
:101C90001444CA6805EBF4340492164483EA05023E
:101CA000224056445A4032440E69059604EBB22253
:101CB000059FB64E3E441E4485EA040313406B4024
:101CC00033444E69069602EB7363069FB04E3E4462
:101CD0002E4484EA02051D40654035448E6907960E
:101CE00003EB3555079FAB4E3E44264482EA03047E
:101CF0002C4054403444A84E4E4405EBF434164472
:101D000083EA050222405A4032440E6A089604EBE8
:101D1000B222089FA14E3E441E4485EA04031340AC
:101D20006B4033444E6A099602EB7363099F9C4EE5
:101D3000D1F830E03E44D1F83880F3442E4484EAB0
:101D400002051D40654035448E6AA6F5244703EB25
:101D500035550A964F3F274482EA03042C405440ED
:101D60003C44CF6A0B9705EBF4340B9E8D4F374400
:101D7000029E174483EA050222405A403A448A4FA1
:101D8000774404EBB2221F4485EA040313406B40FE
:101D90003B444F6BBC4402EB7363654484EA020C22
:101DA0000CEA030C8CEA040C6544DFF854C2C4440A
:101DB00003EB3555A44482EA03042C4054406444A8
:101DC000D1F83CC0794905EBF4346144114483EA0D
:101DD000050222405A400A44754904EBB2223144BC
:101DE000079E194484EA02032B4063400B44714967
:101DF00002EBF36331440B9E0D4482EA0301214060
:101E0000514029446C4D03EBF1513544019E25446A
:101E100083EA010414405C402C44684D01EBB44457
:101E20003544069E154481EA04021A404A402A4479
:101E3000634D04EB323235440A9E1D4484EA0203AA
:101E40000B4063402B445F4D02EBF3633544059E2A
:101E50000D4482EA03012140514029445A4D03EBCD
:101E6000F1516544254483EA010414405C402C444C
:101E7000564D01EBB4443544099E154481EA0402F1
:101E80001A404A402A44524D04EB32323544049EF3
:101E90001D4484EA02030B4063402B444D4D02EB8A
:101EA000F36345440D4482EA030121405140294433
:101EB000494D03EBF1513544089E2C4483EA01055A
:101EC00015405D402C44454D01EBB4443544039E20
:101ED0002A4481EA04051D404D402A44404D04EB4C
:101EE00032323D442B4484EA020593440D40654060
:101EF0002B443C4D02EBF3633544069E294482EAB1
:101F00000305254055402944374D03EBF1514D441D
:101F10002C4483EA010515405D40254401EBB5459D
:101F200081EA050404EA03024A405A44A6F5B82BA4
:101F3000089E05EB3232ABF2BE6B54405B44234447
:101F40002A4C344402EB33730B9E0C4485EA0201A5
:101F500059402144264C344403EB7151029E2544E0
:101F600082EA03044C402544224C444401EB3545AD
:101F7000144483EA01026A40224443E078A46AD709
:101F8000EECEBDC156B7C7E8DB702024AF0F7CF59D
:101F90002AC68747134630A8019546FDD898806920
:101FA000AFF7448BBED75C892211906B2108B449EE
:101FB00062251EF640B340C0515A5E26AAC7B6E954
:101FC0005D102FD65314440281E6A1D8C8FBD3E795
:101FD000E6CDE121D60737C3870DD5F4ED145A4578
:101FE00005E9E3A9F8A3EFFCD9026F6781F67187D1
:101FF00022619D6D0C38E5FD937198FD8A4C2A8D08
:102000008E4379A6934C344405EB7222059E1C4402
:1020100081EA0503534023448F4C344402EB33736D
:102020000A9E0C4485EA0201594021448B4C4C44E1
:1020300003EB7151254482EA03044C402C44884D43
:10204000354401EB3444019E154483EA01026240A9
:102050002A44844D3D4404EB72221D4481EA04036A
:1020600053402B44804D354402EB3373049E294486
:1020700084EA02055D4029447C4D354403EB7151EF
:10208000079E254482EA03044C402C44784D354495
:1020900001EB3444099E2A4483EA01056540154456
:1020A000744A324404EB7525039E134481EA04020A
:1020B0006A401A44704B734405EB32720B4484EA55
:1020C0000501514019446D4B634402EB71511C44AE
:1020D00085EA02034B401C44694B334401EB344412
:1020E000019E1D4482EA010363402B44654D04EBCD
:1020F00073233544069E154463EA010262402A4474
:10210000614D03EBB2624D4462EA040929445F4D1C
:1021100089EA0309454449442C445D4D02EBB15121
:102120003544049E61EA03081D4488EA02084444D9
:1021300001EB744464EA02034B402B44554D04EB1D
:10214000F323754463EA010E15448EEA040E0EEB88
:102150000502514D03EBB262354462EA040E294494
:102160000A9D8EEA030EA5F580164C4D7144A6F625
:10217000833602EBB151264461EA030454403444EF
:10218000029E01EB7444354464EA02061D444E404D
:102190007319089E424D04EBF323354463EA0106AC
:1021A0001544664072193F4D03EBB262654462EA22
:1021B000040629443C4D5E403144079E02EBB15178
:1021C000354461EA03062C44384D56403D443444BE
:1021D000059E1D4401EB744464EA02034B402B440A
:1021E000334D04EBF32335440B9E154463EA01029F
:1021F00062402A442F4D03EBB2623544039E0D44E6
:1022000062EA0401594029442B4D02EBB151354497
:102210002A4E254461EA030454402C44099D01EBF5
:1022200074442E4464EA02051E4485EA01039D19A4
:1022300003681A440AEB040303EBF52302604360CE
:1022400083681C44C36819448460C1600DB0BDE854
:10225000F08F00BF44EABEA4A9CFDE4B604BBBF6B3
:1022600070BCBFBEC67E9B28FA27A1EA8530EFD49A
:10227000051D880439D0D4D9E599DBE6F87CA21F86
:102280006556ACC4442229F497FF2A43A72394AB94
:1022900039A093FCC3595B6592CC0C8FD15D8485CA
:1022A0004F7EA86FE0E62CFE144301A3A111084E57
:1022B000827E53F735F23ABDBBD2D72A91D386EB53
:1022C000094B036003F18833436003F12943A3F50D
:1022D0009613A3F68B638360A3F18833C360002356
:1022E000C0E90433704700BF012345672DE9F84377
:1022F0001446026905460E46E300C2F3C50800F124
:1023000018079B18036122BF43690133436112F42C
:10231000FC7F436903EB5473436114D0C8F1400957
:1023200007EB08004C4504D22246BDE8F843FEF70F
:10233000D5BC403C4A464E44FEF7D0FC44443946A6
:102340002846FFF76FFCA04606EB0409B8F13F0FE3
:10235000A9EB08010AD940223846FEF7BFFC3946EE
:102360002846A8F14008FFF75DFCEFE7A1096FF0F0
:102370003F02384602FB014206EB8111D5E700001F
:1023800070B50B6901F1180506460C46C3F3C50389
:10239000EA18501C8022EA54C3F13F02072A1FD8D2
:1023A000002100F0C9F929462046FFF73BFC3822FE
:1023B0000021284600F0C0F92369294620462365FC
:1023C00063696365FFF72EFC214610223046FEF755
:1023D00085FC204658220021BDE8704000F0ACB9D1
:1023E000C3F137020021E5E72DE9F84F4FF47A7386
:1023F00006460D46002402FB03F7DFF85080DFF8A5
:10240000509098F900305FFA84FA5A1C01D0A34228
:1024100010D159F824002A4631460368D3F820B079
:102420003B46D847854205D1074B012083F800A0E1
:10243000BDE8F88F0134042CE3D14FF4FA7007F0B3
:1024400095FD0020F4E700BFE433002010220020B7
:1024500014220020002307B5024601210DF10700D8
:102460008DF80730FFF7C0FF20B19DF8070003B0DB
:102470005DF804FB4FF0FF30F9E700000A46042145
:1024800008B5FFF7B1FF80F00100C0B2404208BDBF
:10249000074B0A4630B41978064B53F821400146E1
:1024A00023682046DD69044BAC4630BC604700BF62
:1024B000E433002014220020A086010070B50A4EEB
:1024C00000240A4D08F0D2F930802868338883420E
:1024D00008D908F0C7F92B6804440133B4F5003F6C
:1024E0002B60F2D370BD00BFE6330020A033002084
:1024F00008F096BA00F1006000F5003000687047FF
:1025000000F10060920000F5003008F00BBA000006
:10251000054B1A68054B1B889B1A834202D910444D
:1025200008F0A0B900207047A0330020E633002057
:1025300038B50446074D29B128682044BDE8384025
:1025400008F0A8B92868204408F092F90028F3D0D0
:1025500038BD00BFA03300200020704700F1FF50BD
:1025600000F58F10D0F8000870470000064991F878
:10257000243033B100230822086A81F82430FFF7A1
:10258000BFBF0120704700BFA4330020014B186873
:10259000704700BF0010005C194B0138032208444B
:1025A00070B51D68174BC5F30B042D0C1E88A64291
:1025B0000BD15C680A46013C824213460FD214F9E3
:1025C000016F4EB102F8016BF6E7013A03F108031F
:1025D000ECD181420B4602D22C2203F8012B0424B9
:1025E000094A1688AE4204D1984284BF967803F80F
:1025F000016B013C02F10402F3D1581A70BD00BF17
:102600000010005C24220020E8C90008022804D140
:10261000054B4FF000629A6170470128FCD1024BD4
:102620004FF08062F7E700BF000C0258022804D187
:10263000054B4FF400629A6170470128FCD1024BB0
:102640004FF48062F7E700BF000C0258022805D162
:10265000064A536983F40063536170470128FCD133
:10266000024A536983F48063F6E700BF000C025806
:102670000FB4124B30B51A78B5B042B901221049E7
:1026800010481A704FF4E1330B6006F0C5FE39AB09
:102690000C4C389AC82102A8019302F0E5FE236889
:1026A000C8280246DD6902A9074B28BFC822204678
:1026B000A84735B0BDE8304004B07047E83300208B
:1026C000EC3300203C390020A086010070B50446A0
:1026D0004FF47A764CB1412C254628BF412506FBA4
:1026E00005F0641B07F042FCF4E770BD002310B551
:1026F000934203D0CC5CC4540133F9E710BD000011
:10270000013810B510F9013F3BB191F900409C42EE
:1027100003D11AB10131013AF4E71AB191F900205D
:10272000981A10BD1046FCE703460246D01A12F96B
:10273000011B0029FAD1704702440346934202D09C
:1027400003F8011BFAE770472DE9F8431F4D1446C3
:102750000746884695F8242052BBDFF870909CB35A
:1027600095F824302BB92022FF2148462F62FFF72D
:10277000E3FF95F824004146C0F1080205EB800014
:10278000A24228BF2246D6B29200FFF7AFFF95F8CB
:102790002430A41B17441E449044E4B2F6B2082E21
:1027A00085F82460DBD1FFF7E1FE0028D7D108E0EF
:1027B0002B6A03EB82038342CFD0FFF7D7FE0028BA
:1027C000CBD10020BDE8F8830120FBE7A433002033
:1027D000024B1A78024B1A70704700BFE433002096
:1027E00010220020F8B5194C194806F0B7FE214612
:1027F000174806F0DFFE24684FF47A70154ED4F8BF
:102800009020154DD2F80438114F43F00203C2F85E
:102810000438FFF75BFF2046104906F0D9FFD4F8D3
:1028200090200424D2F8043823F00203C2F80438BC
:102830004FF4E133336055F8040BB84202D031460F
:1028400006F0EAFD013CF6D1F8BD00BF94DA0008BD
:1028500030490020CC330020142200209CDA0008EC
:102860000C4B70B50C4D04461E780C4B55F82620C9
:102870009A420DD00A4B002118221846FFF75CFF40
:102880000460014655F82600BDE8704006F0C4BD5E
:1028900070BD00BFE4330020142200203049002026
:1028A000CC3300202DE9F04771B6464B01201D685E
:1028B000454BB3F8008000231A46194605F0F0FC9A
:1028C0000446802008F04CF90746002862D0002C0E
:1028D00060D03E4EADB24FF0800A7369284643F097
:1028E000C0637361D6F8143143F0C063C6F8143185
:1028F00007F0B8FF05EB080200FB05F34FF4D06CBE
:1029000050434FF03D0E984233D93269520144D4BE
:10291000D6F81021510140D4216803F100628A6089
:102920002268D7602268C2F804A02268C2F800C0FA
:10293000D4F80090D9F8002042F00102C9F8002034
:10294000D4F80090D9F8002022F01E02C9F8002027
:10295000D4F80090D9F80020D207FBD494F80C905A
:10296000803361680EFA09F20A60CCE7002008F0B3
:1029700057F8204605F0D4FC384608F02DF9134BE3
:102980005A6942F0C0625A61D3F8142142F0C06221
:10299000C3F8142161B6BDE8F0870D4B9A6A42F482
:1029A00000729A629A6A42F400429A6261B6002604
:1029B000012008F035F8B045D8D9A819013607F03C
:1029C00069FFF8E7A0330020E63300200020005222
:1029D00000ED00E030B50A44084D91420DD011F8E9
:1029E000013B5840082340F30004013B2C4013F006
:1029F000FF0384EA5000F6D1EFE730BD2083B8ED45
:102A00002DE9F04F00F1400185B003461A6812BA73
:102A100043F8042B8B42F9D1D0E91263D0E9105767
:102A200002930021DFF80081D0E916C3D0E9144EEB
:102A300003930F294EDC50F821204FEAF42304EAD7
:102A40000E0B2CEA040958F804AB83EAB4130131E5
:102A500089EA0B0983EA746340299944039BCA44B9
:102A600087EA0609524409EA050907EA060A1A44F0
:102A70004FEA753389EA0A0983EAB50383EAB55355
:102A80009944029B13444A449B46CDE9026C1AD1F7
:102A9000436C016C2B440A444364836C02643B44E2
:102AA0008364C36C3344C364036D5B440365436D4B
:102AB00023444365836D73448365C36D6344C36579
:102AC00005B0BDE8F08FF4463E46A6462F465C466C
:102AD0001546AEE78B1E01F00F0903F00F0350F807
:102AE000292050F823A0A1F10F0303F00F0350F8A1
:102AF00023300193CB1F03F00F0350F8233003EB77
:102B0000020B4FEAFA4383EA7A4383EA9A239B440F
:102B1000019B4FEAB34A8AEAF31A8AEAD3025A447B
:102B200040F8292089E700BFC8CB000830B5002451
:102B300089B00B4D1C22214601A80094FFF7FCFD33
:102B4000202269462819FDF7C5FE30B92034B4F5B6
:102B5000A07FF5D1012009B030BD0020FBE700BF08
:102B6000E802000813289ABF024B53F820000248DD
:102B7000704700BF78CB0008F8C900080C4B0D4A1D
:102B80000D49DFF844C0C0E910230C4BC0E9121313
:102B90000B4BC0E914C30B4B836503F17453A3F5CE
:102BA0002303A3F69243C36500230366704700BF67
:102BB00085AE67BB67E6096A72F36E3C3AF54FA5CE
:102BC0008C68059BABD9831F7F520E512DE9F041D4
:102BD000036E06468846144603F03F051344036619
:102BE000A4B1C5F1400770194146A74228BF274646
:102BF0003D443A46FFF77AFDB844402DA4EB070464
:102C0000EED130460025FFF7FBFEE9E7BDE8F08195
:102C100070B59AB005460E46144601A8FFF7AEFF00
:102C200032462946FFF7D2FF199D05F03F02ED001D
:102C3000501C02F1680338280DEB03024FF08003AB
:102C400002F8643C0AD901ABC0F1400200211844EB
:102C5000FFF772FD01A8FFF7D3FE002001ABC0F122
:102C60003C0200212DBA1844FFF766FD01A810951B
:102C7000FFF7C6FE11A9224604F1200051F8043BDB
:102C800004321C0E02F8013C02F8044C1C0C02F841
:102C9000034C1C0A02F8024C8242EFD11AB070BDFC
:102CA0002DE9F047564AE2B010686B4651686A4613
:102CB00003C3082353495448FDF770FF0446002816
:102CC00000F091800569B5F5F01F00F28E80B0F834
:102CD0006630382B40F08B804C4F074407F15C0383
:102CE0009D42C0F086805C3D00F164083A4646494A
:102CF000ED1B0020FFF76EFE414606462A460020E7
:102D0000FFF768FEA368B34275D1E368834272D1CE
:102D1000FFF70CFF80BBA369482B6ED1082204F19A
:102D20001C013B48FDF7D6FD002866D10646DFF8BA
:102D3000F490DFF8D4A04FF4B07200210AA8FFF796
:102D4000FBFC09EB060204F124010AA802F0D8F901
:102D50003A4651460AA802F0D9F90AA82A4641463D
:102D600002F0D4F90AA802F0D3F928B12036B6F55A
:102D7000A07FE0D112201AE0264A0AAB1068516801
:102D8000082203C30AA92448FDF7A4FD70B9234C07
:102D9000202223492046FDF79DFD38B104F120068D
:102DA00020221F493046FDF795FD18B9002062B07A
:102DB000BDE8F08702AA39461348FFF729FF0AAA9F
:102DC00029464046FFF724FF2022214602A8FDF7AE
:102DD00081FD30B9202231460AA8FDF77BFD00288D
:102DE000E5D01320E3E70A20E1E70B20DFE70C2022
:102DF000DDE71020DBE70D20D9E71120D7E700BF82
:102E000018CA000890FF1D00000002080800FEF725
:102E1000E8CC000821CA000828040008380400088B
:102E2000C8CC0008E8020008F7B5FFF739FF0646EE
:102E300080B3FFF77BFE68B3184A6B461068516891
:102E40006A4603C3082316491648FDF7A7FE044641
:102E500000B30369B3F5F01F1CD8428B382A19D18F
:102E6000114A024402F110018B4213D3103B0D4969
:102E700000209D1AFFF7AEFD04F1180107462A460F
:102E80000020FFF7A7FDA3689F4203D1E3689842A3
:102E900008BF0026304603B0F0BD00BF2CCA0008B2
:102EA000DCFF1D00000002080800FEF7837842786E
:102EB0001B04007843EA02231843704700687047F8
:102EC00008B50246FFF7FAFF0346101DFFF7F6FFAD
:102ED0000146184608BD00000B0A017043700B0C38
:102EE000090E8370C170704708B501EB8202031FA1
:102EF00008460431FFF7E2FF43F8040F9142F7D18F
:102F000008BD000010B500EB82020C1F54F8041F2E
:102F1000FFF7E2FF04309042F8D110BD2DE9F041F7
:102F200088460546FFF7CCFF06460C464046FFF7AD
:102F3000C7FF464005F108004C40FFF7C1FF0746B8
:102F40000D4608F10800FFF7BBFF784069403043A9
:102F50002143BDE8F0810000F8B506460F46FFF7B3
:102F6000DDFF05460C4606F1100007F11001FFF7E2
:102F7000D5FF28432143F8BD2DE9F04F0368B7B0D2
:102F8000384CC1F1000A1A93436837491B93836890
:102F9000364D1C93C368364F1D930369DFF8F8B0B4
:102FA0001E9343698AEA0B0B324E1F938369DFF845
:102FB000ECE02093C369DFF8E8C02193036A229311
:102FC000436A2393D0E9102362402B4C05922B4A8D
:102FD00053400693836A2493C36A2593D0E912234E
:102FE00062400D92264A5340264A0E93036B00928C
:102FF0002693436B279381EAEA7320991793836B97
:1030000018912893C36B289A299300F150031192C9
:10301000299A21991292269A19910792279A1E9914
:103020000892249A159103921F99259A1691049259
:10303000DDE922421C990F911D9910911A9909916D
:103040001B990A911049CDE9015101F14F7101F528
:10305000D341583113910D4914910D49CDE90B71AC
:103060000C4F1FE0D182E6ADABD9831F79217E13CF
:103070002BF894FE85AE67BB1F6C3E2B7F520E5122
:103080008C68059B88D1000819CDE05B3AF54FA507
:1030900072F36E3C3BA7CA846BBD41FB08C9BCF30D
:1030A00067E6096A0099097803EBC10553F8311006
:1030B0006D68611842EB0508099D49190A9D45EBA9
:1030C0000808059D81EA0509069D88EA050A1AEBAC
:1030D0000E0E4CEB090C8EEA04048CEA0202250E5B
:1030E00045EA0225120E42EA0422009C6478099205
:1030F00003EBC40253F834405268091948EB020844
:103100004A190592099A48EB02020692059A82EA48
:103110000A0A069A4FEA1A4182EA090941EA094273
:1031200009994FEA1949349249EA0A423592349A88
:103130001EEB02022A92359A4CEB02022B922A9A3B
:1031400055402B9A51400A46490041EAD5716D001D
:10315000339145EAD2723292009A927803EBC2011F
:1031600053F832204968039C0D9DA218049C44EB3F
:10317000010E0F9912EB010A1099009A41EB0E0E05
:103180000E9985EA0A058EEA0108039918EB0707EC
:1031900046EB050687EA010C74404FEA1C6141EAE0
:1031A0000421240E44EA0C2492F803C003EBCC095A
:1031B00053F83CC0D9F804901AEB0C024EEB090E00
:1031C00052180D924EEB04020E920D9A82EA0808F4
:1031D0000E9A55404FEA184242EA05422D0C3092B1
:1031E00045EA08423192309ABA182C92319A46EB4D
:1031F00002022D922C9A51402D9A5440620042EACC
:10320000D1724900099241EAD4720492009A12796B
:1032100003EBC20153F832204D6807998A180899C8
:1032200041EB050515995218169941EB05051799BB
:1032300082EA0B04039285EA010A0B99009A1AEBC1
:1032400001060C9992F805E041EB040B079953F83D
:103250003E8086EA010C0899039A8BEA01074FEA3F
:103260001C6112EB080241EA07214FEA176747EA9F
:103270000C2703EBCE0CDCF8049045EB0905521843
:10328000159245EB07021692159A82EA0A0A169AD7
:103290004FEA1A49544049EA0442240C2E9244EA67
:1032A0000A42119C2F922E9AB6182F9A4BEB020BC2
:1032B00071408BEA07077A0042EAD172490008920E
:1032C00041EAD7720792009A917903EBC10253F851
:1032D000311052686118129C44EB0208189A891840
:1032E000199A42EB0808019A029C4A40129F88EA08
:1032F000040E139C1EEB0405149C44EB0209119C64
:103300006C4089EA070C270E47EA0C274FEA1C6C31
:103310004CEA042C009CE47903EBC40A53F83440D3
:10332000DAF804A00919059C48EB0A08C919179195
:1033300048EB0C011891179981EA0E0E18994FEA83
:103340001E4A4A404AEA024A120C15EB0A0542EAB2
:103350000E4E87EA050749EB0E0989EA0C0C4FEA85
:103360004C0848EAD7727F00129247EADC72119249
:10337000009A117A03EBC10253F8311052686118B8
:10338000069C44EB0208049A8918099A48EB020843
:1033900081EA0A0A049A88EA0E0E1EEB06064BEB37
:1033A0000A0B86EA0204099A270E8BEA020247EA10
:1033B00002274FEA126C009A527A4CEA042C03EB73
:1033C000C20453F832206468891848EB0408CA190B
:1033D000099248EB0C020A92099A8EEA020E0A9AA6
:1033E0008AEA020A4FEA1E4242EA0A424FEA1A4AAF
:1033F00001924AEA0E420292019A92190B92029AA3
:1034000042EB0B020C920B9A57400C9A8CEA020C7E
:103410004FEA4C0444EAD772359C7F00049247EA95
:10342000DC720392009A927A03EBC20153F83220C5
:103430004E680D998A180E9941EB0606079912EB12
:1034400001080899009A46EB0106349986EA040AB5
:1034500088EA0101079C1AEB050549EB010985EA99
:10346000040C089C89EA04074FEA1C6444EA072418
:103470003F0E47EA0C2792F80BC003EBCC0E53F833
:103480003CC0DEF804E018EB0C0246EB0E06121905
:103490000F9246EB070210920F9A8AEA020A109ADC
:1034A00051404FEA1A4242EA0142090C059241EAB0
:1034B0000A420692059A52191392069A42EB0902A1
:1034C0001492139A5440149A57407A0042EAD472E4
:1034D0006400089244EAD7720792009A127B03EBC9
:1034E000C20153F832204D6815998A18169941EB9C
:1034F0000505119912EB010A1299009A45EB010595
:1035000030998AEA0106319985EA01072A9911EB77
:10351000070E2B9941EB060C11998EEA01041299C2
:103520008CEA0108210E41EA08214FEA186848EAAE
:10353000042492F80D8003EBC80953F83880D9F8B9
:1035400004901AEB080245EB09055218159245EB59
:1035500004021692159A5740169A56403A0C42EABF
:103560000642360C0D9246EA07420E920D9A12EB75
:103570000E0E0E9A42EB0C0C81EA0E0184EA0C044A
:103580004FEA440A4AEAD1724900129241EAD472DF
:10359000179C1192009A917B03EBC10253F83110F2
:1035A00052686118189C44EB0208329A009C8918F2
:1035B000339AE47B48EB02082E9A81EA02092F9A9B
:1035C00088EA020A2C9A12EB0A072D9A42EB0906A6
:1035D000329A87EA020B339A4FEA1B65724045EA3A
:1035E0000225120E42EA0B2203EBC40B53F83440BF
:1035F000DBF804B0091948EB0B084919189148EB9E
:103600000201199118998AEA010A199989EA0109AE
:103610004FEA1A4141EA094B4FEA19491BEB0707E8
:1036200049EA0A4185EA070541EB0606179182EA55
:1036300006014A0042EAD5726D0045EAD17400994C
:1036400010310091009D3949A9427FF42BAD099BAF
:103650000C9D83EA0E010A9B83EA0C081A9B5940D1
:103660001B9B88EA0303C0E900130F9B13997B405F
:103670001F46109B73401E461C9B5F401D9B5E4077
:10368000159BC0E902760B9E5E40169B5D401E9B1B
:103690005E401F9B5D40189BC0E904655940199D21
:1036A000149B83EA0508209B5940219B88EA030369
:1036B000C0E90613059B83EA0409069B83EA020A14
:1036C000229B89EA0304239B8AEA0302C0E9084299
:1036D000039B0D9A049C83EA020C0E9B259A5C4086
:1036E000249B12998CEA03035440179AC0E90A34C8
:1036F000079B83EA0B04089B83EA020A269B5C4033
:10370000279B8AEA0302119BC0E90C42019A5A40A6
:10371000029B83EA010A289B5A40299B8AEA0303F9
:10372000C0E90E2337B0BDE8F08F00BF48D20008D3
:1037300070B505460E46144622B980222146503007
:10374000FEF7FAFF24F00700E40004F038042844F0
:10375000A4F12003C4F1200206FA04F406FA03F3EC
:1037600026FA02F21343D0E9146234431343C0E94A
:10377000144370BD28220021FEF7DEBF012324225E
:10378000002140F8043BFEF7D7BF0000002351F8AA
:10379000232040F8232001330A2BF8D17047000082
:1037A000002351F82320524240F8232001330A2BF2
:1037B000F7D17047002330B551F8234052F8235019
:1037C0002C4440F8234001330A2BF5D130BD0000D2
:1037D000002330B551F8234052F82350641B40F8C1
:1037E000234001330A2BF5D130BD000030B55242E1
:1037F000041F0439243054F8045F51F8043F844214
:1038000083EA050303EA020383EA05032360F2D196
:1038100030BD00002DE9F04F8BB00446084600256E
:10382000FFF74CFB0190081DFFF740FB8301C81D0B
:103830000093FFF73BFB4FEA401A01F10A00FFF744
:1038400035FB4FEAC00B01F10D00FFF72FFB86009F
:1038500001F11000FFF732FB814601F11400FFF780
:1038600025FB4FEAC01801F11700FFF71FFB4701C6
:1038700001F11A00FFF71AFB030101F11D00049387
:10388000FFF714FB019A6C4B03EA800312F10070FE
:1038900005934FEA906045F1000340EA83109B16C0
:1038A00081064FEA901C521A06926CEB4C0207926A
:1038B000009A101843F1000216F1007C45F1000156
:1038C0004FEA9C6C4CEA811C89164FEA8C634FEAE4
:1038D0009C15F31A65EB450619EB0C0941F1000143
:1038E00010F1807C42F100054FEA5C6C4CEAC51C8B
:1038F0006D161AEB0C0AA0EB4C6245F1000519F1AC
:10390000807008924FEA506041F1000240EAC21014
:103910005216A9EB4061099118EB0001009142F1A8
:1039200000021AF1007145F10005890E41EA851186
:10393000AD161BEB01004FF0130B019045F1000594
:10394000009810F1007042F10002800E40EA8210EF
:1039500092163F18029742F10002019F17F1807EF4
:1039600045F100054FEA5E6E4EEAC51E029D13EB5F
:103970000E0346F1000615F18077049D42F1000226
:103980007F0E039347EAC2175216ED1942F1000267
:1039900013F1007C049546F100064FEA9C6C069BEF
:1039A0004CEA861C15F10076059D42F10002B60E28
:1039B00046EA8216921615EB060942F1000219F149
:1039C000807542F100026D0E45EAC215A5FB0B2B76
:1039D000A9EB4565D218079B4BEB030B12F100785E
:1039E000089B4BF1000B4FEA986848EA8B18A2EB52
:1039F0008862226013EB08026260AAEB8162A26017
:103A0000019B6562A3EB4E61039BA3EB8C63E160BA
:103A10002361099B13EB0C036361009BA3EB8063A1
:103A2000A361029BA3EB4760049BA3EB8666E06166
:103A300026620BB0BDE8F08FFCFFFF012DE9F04FCF
:103A40000D688BB00C694FF0130B82FB055C82FB99
:103A5000044615F100774CF1000ABF0E47EA8A17B9
:103A60004FEAAA680AF07C4ABB064AEA971AEB1AA0
:103A70004D6806936CEB0A0314F1007CC2FB0578D9
:103A8000079346F1000E4FEA9C6C4D694CEA8E1C80
:103A90004FEAAE6A0EF07C4E4FEA8C634EEA9C1EF3
:103AA000C2FB05CAE41A66EB0E0E17F1807548F1E9
:103AB00000086D0E45EAC8154FEA6863A7EB456636
:103AC0008F6808961CF18076C2FB07534AF1000A02
:103AD000760E15F1007946EACA1643F100034FEA63
:103AE0009969ACEB466749EA831909974FEA6A6A14
:103AF0008F699B16A5EB8965C2FB076ACF680196A3
:103B00004E46C2FB07630296019ECF6916F1007C08
:103B10004AF1000A4FEA9C6C4CEA8A1C4FEAAA6AF6
:103B20006646C2FB076A0396029E16F1807843F14F
:103B300000034FEA586848EAC31814EB08044EEB38
:103B40006366039B13F180770B6A496A4AF1000AA6
:103B50007F0E856047EACA174FEA6A6ABE46C2FB13
:103B600003EACDF810E014F1007E46F100034FEABD
:103B70009E6E4EEA831E049B13F10076A4EB8E64C6
:103B80004AF10003B60E46EA83169B16B246C2FB04
:103B900001A31AF18071CDF814A043F10003490E7E
:103BA00041EAC3115B16A1FB0B2A0BFB03AA069B80
:103BB000D218079B4AEB030A12F100734AF1000A7C
:103BC0009B0E43EA8A13A2EB83620260089AD31821
:103BD0004360029BA3EB4863C3600461099B13EB42
:103BE0000E034361019BA3EB8C638361039BA3EBF7
:103BF0004767049BA3EB8666059BC761A3EB416106
:103C0000066241620BB0BDE8F08F00002DE9F04F75
:103C1000A3B04FF0130E8146D1E90053D2E90084DE
:103C200007938B680EFB04F00093CB680893D1E9EF
:103C300004C30993D1E906730A93D1E908630B938E
:103C400093680193D36803931369059353690C93A5
:103C500093690E93D3691593136A1793536A189354
:103C6000079B5B000F93089B5B001093099B5B0015
:103C700011930A9B5B0012930B9B5B001393019BB8
:103C80000EFB03F31993039B0EFB03FB059B0EFB3B
:103C900003F316930C9B0EFB03F314930E9B0EFB86
:103CA00003F30D93159B0EFB03F30693179B0EFB7B
:103CB00003F30493189B0EFB03F30293029A0F9BEA
:103CC00083FB021A009B049AC5FB081AC3FB021A65
:103CD000109B069AC3FB021A0D9B149ACCFB031A85
:103CE000119BC3FB021A169B009AC7FB031A129B77
:103CF000C3FB0B1A199BC6FB031A139BC3FB001AC9
:103D0000079B1A9188FB03300299C5FB0430C1FB65
:103D10000230049A0899C2FB0130069A0999C2FB45
:103D20000C300D9AC2FB0130149A0A99C2FB07307D
:103D3000169AC2FB0130199A0B99CBFB0630C2FBD5
:103D4000013019930F9B019A1B9083FB0430029959
:103D5000C5FB0230009AC8FB0230109AC1FB02304A
:103D6000049A1199C2FB0C30069AC2FB01300D9ADD
:103D70001299C2FB0730149AC2FB0130169AC2FB9B
:103D80000630139ACBFB0230019ACDE91C30079B19
:103D900083FB02B0039B099AC5FB03B0009BC3FBE6
:103DA00004B0089BC8FB03B0029BC3FB0CB0049B90
:103DB000C3FB02B0069B0A9AC3FB07B00D9BC3FB73
:103DC00002B0149B0B9AC3FB06B0169BC3FB02B058
:103DD000039A0F9B1E9083FB0231059AC5FB0231AB
:103DE000DDE90020C2FB0031109A0298C2FB0431C9
:103DF000119AC8FB0C31C0FB0231049AC2FB073197
:103E0000069A1298C2FB00310D9AC2FB0631DDE919
:103E10001302C2FB0031059A1493079B169183FB92
:103E200002030C9A0399C5FB0203009AC2FB01032B
:103E3000089A0199C2FB0103099ACCFB04030A9971
:103E4000C8FB0203029AC2FB0703049AC2FB0103E8
:103E5000069A0B99C2FB06030D9AC2FB01030C9A4A
:103E60001F930F9B0D9083FB02030E9A0599C5FBD0
:103E70000203009AC2FB0103109A0399C2FB0103DB
:103E8000019ACCFB0203119AC2FB0403129A029915
:103E9000C8FB0703C1FB0203049A1399C2FB060384
:103EA000069AC2FB01030E9A2093079B069083FBA0
:103EB0000203159A0C99C5FB0203009AC2FB010389
:103EC000089A0599C2FB0103039A0199CCFB0203EE
:103ED000099AC2FB01030A9AC7FB04030B99C8FBAA
:103EE0000203029AC2FB0603049AC2FB0103159A5D
:103EF00021930F9B049083FB0203179A0E99C5FB35
:103F00000203009AC2FB0103109A0C99C2FB010341
:103F1000059A0399CCFB0203119AC2FB0103019A93
:103F20000299C7FB0203129AC2FB0403139AC8FB4F
:103F30000603C1FB0203179A1093079B189983FB92
:103F400002320F90C5FB013215980099C1FB003277
:103F50000E991546089AC2FB01350C9A0599CCFBBF
:103F60000235099AC2FB0135039A0199C7FB023554
:103F70000A9AC2FB01350B9AC6FB04351A99C8FB95
:103F8000023505931A9B079513F100764AF100005C
:103F9000B60E46EA801600F07C43B20643EA96135A
:103FA0008A1A14996AEB030308920993199B9E19C4
:103FB0001B9B43EBA060149B13F10075169B4FEA0B
:103FC000956543F1000345EA831503F07C44AA0696
:103FD00044EA95148A1A169961EB04010D9C65193F
:103FE0001F9C44EBA36316F1807440F10000640E43
:103FF00044EAC014A6EB44660A961C9E3419009449
:104000001D9C44EB606015F1807443F10003640E65
:1040100044EAC314A5EB44650B95069D2C19019445
:10402000209C44EB6363009C14F1007440F1000099
:104030004FEA94681E9C48EA80181BEB080B44EB7F
:10404000A060019C14F10076049C43F10003B60EBD
:1040500046EA831614EB060A219C44EBA3631BF18A
:10406000807C40F100004FEA5C6C4CEAC01C12EB13
:104070000C0241EB60611AF180750F9843F1000367
:104080006D0E029245EAC3154019AAEB45650390EF
:10409000109840EB636312F1007741F10001BF0E0D
:1040A00047EA8117039911F10074059943F1000360
:1040B000A40E44EA831409190491079941EBA36300
:1040C000049911F1807043F10003400E40EAC310DF
:1040D0005B16A0FB0E120EFB0323089A8918099A9F
:1040E00043EB020311F1007E43F100034FEA9E6EA1
:1040F0004EEA831E0A9B13EB0E03A1EB8E61C9F8F7
:104100000430009BC9F80010A3EB8863C9F808309D
:10411000ABEB4C63C9F80C30029BC9F81C50A3EB05
:1041200087620B9BDF19019BC9F81020A3EB866601
:10413000039BC9F81470A3EB8464049BC9F818604E
:10414000A3EB4060C9F82040C9F8240023B0BDE8C3
:10415000F08F00002DE9F04F95B04FF02608824611
:10416000D1E90262D1E9003008924FEA400B4FEAF0
:10417000430ED1E904720392D1E9065204920A6A0D
:1041800005924A6A13210992720001FB05F4069216
:10419000089A52000192039A52000292049A520025
:1041A0000A92049A08FB02F20792059A01FB02F9AF
:1041B000099A039908FB02F208FB01F88BFB021C29
:1041C0000092C3FB031C7300079AC3FB091C019BED
:1041D000C3FB021C7B00C3FB041C039BC3FB081C2A
:1041E0000B91009B019A83FB0638CEFB0038C9FB7C
:1041F0000238079AC2FB0738029AC4FB02380C93B4
:104200008BFB0031DDE90002CEFB0631C0FB023141
:104210007A000298C9FB0231079AC2FB00310846B6
:10422000089AC4FB0530CDE90D308BFB0631CEFB7F
:104230000231009AC2FB0731029AC9FB0231079A88
:1042400008460099C2FB0530CDE90F30019B68009C
:10425000029A8BFB0334CEFB0734C6FB0634C1FB4A
:104260000234079A0499C9FB0034C2FB01348BFB6A
:1042700007160793039B089AC3FB0E16069BC3FB06
:104280000216009BC3FB05160A9B0846C9FB0306E2
:10429000029B11908BFB0310069BCEFB0510C3FB0A
:1042A0000710019BC3FB02100A9B009AC2FB03107C
:1042B000059B049AC9FB031008918BFB0513129010
:1042C000CEFB02130398069AC2FB0013019AC2FBAD
:1042D0000713059A08460099C1FB020313930A9B32
:1042E00003908BFB03930498CEFB0293069AC2FBC8
:1042F0000593DDE90121C2FB0193099A0099C7FBEF
:104300000793C1FB02930A93059B8BFB0312099B46
:10431000CEFB0312069BC3FB0012019BC3FB0512DD
:10432000029B08461546C7FB03050B9B049013F13F
:10433000007E0B9805954CF100014FEA9E6E4EEA07
:10434000811E01F07C434FEA8E6243EA9E13801A7D
:104350006CEB0303069009930C9B079813EB0E0E6E
:10436000079B48EBA16813F1007C44F100034FEA7E
:104370009C6C4CEA831C03F07C414FEA8C6241EA5E
:104380009C11821A64EB0104119911EB0C0C46EBA1
:10439000A3631EF1807648F10001760E46EAC1164D
:1043A000AEEB466007900D98801900900E9840EB98
:1043B00061611CF1807E43F100064FEA5E6343EACF
:1043C000C613ACEB43600B900898C3180098019398
:1043D000129B43EB666310F100760F9841F10001E8
:1043E0004FEA966848EA811810EB080B109840EBEA
:1043F000A161019810F1007643F10000B60E039B15
:1044000046EA80169B190293139B43EBA0631BF1B2
:10441000807C41F100004FEA5C6C4CEAC01C12EB5E
:104420000C0244EB60610298039210F180750A98C7
:1044300043F100036D0E45EAC31519EB050940EB86
:10444000636312F100774FF0130241F1000119F19B
:1044500000744FEA976743F10003A40E47EA8117FF
:10446000049944EA83140919A9EB84640491059919
:1044700041EBA363049911F1807043F10003400EF6
:1044800040EAC3105B16A0FB021E02FB03E3069A80
:104490008918099A43EB020311F1007E43F10003EE
:1044A0004FEA9E6E4EEA831E079B13EB0E03A1EBB1
:1044B0008E61CAF80430009BCAF80010A3EB886331
:1044C000CAF80830ABEB4C63CAF82040CAF80C308D
:1044D000039BA3EB87620B9BDF19019BCAF810209B
:1044E000A3EB8666029BCAF81470A3EB4565049B98
:1044F000CAF81860A3EB4060CAF81C50CAF8240040
:1045000015B0BDE8F08F00000029A1BFCB1001F06D
:104510000701C05C40FA01F1ACBF01F001000020CE
:104520007047000070B500F11C02041F084E012006
:10453000002556F8041B54F8043FC9435B1845EBAB
:1045400005011B1841F10000A242F2D170BD00BF6D
:10455000F0CC0008F8B50024064608460D46FFF7E3
:10456000E1FFDFF834C00246C117C0F1000E20465B
:104570005CF8043B55F824702EEA0303DB1940EB8A
:1045800000079B1846F8243004F1010441EB0702B0
:104590000021082CECD1F8BDF0CC000810B5044681
:1045A000FFF7E8F804F12800FFF7E8F804F15000FD
:1045B000FFF7E4F804F17800BDE81040FFF7DAB83F
:1045C00038B50A4605460C462831FFF7F3F828307F
:1045D000FFF7FEF804F1500105F15000FFF7D6F89F
:1045E00004F1780105F17800024ABDE83840FFF790
:1045F0000DBB00BF38CD00082DE9F04395B004464F
:1046000016460D460A466846283104F12808FFF789
:10461000D1F80AA8FFF7DCF8324669466846FFF78A
:10462000F5FA0AA906F1280204F15007084604F138
:104630007809FFF7EBFA0AAA69464046FFF7BAF88D
:104640002046FFF7C5F805F1500238461146FFF73E
:10465000B1F806F150023946FFF7D8FA06F17802B0
:1046600005F178014846FFF7D1FA4A4639466846CF
:10467000FFF7A0F80AA8FFF7ABF8424621464846E4
:10468000FFF7C4FA0AAA21462046FFF7BFFA6A4696
:1046900041464046FFF7BAFA0AAA69463846FFF78C
:1046A000B5FA15B0BDE8F0832DE9F84F0A9E1C4617
:1046B0000546904618460F460A462831FFF77AF815
:1046C000304605F1280AFFF783F842462146204686
:1046D00005F15009FFF79AFA08F1280231463046F1
:1046E000FFF794FA324621465046FFF763F8284612
:1046F000FFF76EF807F1500205F1780B48461146B6
:10470000FFF758F808F1500207F178015846FFF713
:104710007DFA5A4649462046FFF74CF83046FFF7E7
:1047200057F8524629465846FFF770FA324629464E
:104730002846FFF76BFA224651465046FFF766FAC5
:10474000324621464846BDE8F84FFFF75FBA000001
:104750002DE9F047144689460746104604F128081B
:1047600009F1280A04F15005FFF7F4FC51464046D0
:10477000FFF7F0FC09F15001284604F17806FFF735
:10478000E9FC294628460222FFF758F9494607F175
:10479000780952463046FFF70DF831464846FFF794
:1047A000D9FC224641463046FFF704F84046FFF761
:1047B0000FF8324649462046FFF70AF84246294696
:1047C0002846FFF705F82A4621463846FFF71EFA25
:1047D0004246314607F12800FFF718FA2A464146BB
:1047E00007F15000FFF712FA324621464846BDE86D
:1047F000F047FFF70BBA000038B5FC2204460D461F
:1048000011462846FFF780FE08B9013AF8D14FF665
:10481000FF7301322380E270A37038BD2DE9F84F99
:104820009846C37805460E4693420CD11146404641
:10483000571EFFF769FE044640463946FFF764FEFF
:10484000844209D1EF70B5F9003093420CBF95F95D
:1048500002000020BDE8F88F511C4FF000098E4285
:10486000A8BF0E4606F1FF3A971B04FA0AF4BB46AE
:104870006442CA450BF1010B09DD59464046FFF77A
:1048800043FE00FA09F009F101090444F1E7394651
:104890004046FFF739FE04446342234013F0AA0F59
:1048A00014BF0120002013F0CC0118BF022113F027
:1048B000F00340EA010018BF0423511C03438E1B80
:1048C0001E4444FA03F32E80AB70BBE7D0E91032EC
:1048D00010B5D0F8D04000211B1952F1000228BFBA
:1048E0000121C0E9103231B1D0E91232013342F175
:1048F0000002C0E9123210BD70B50D46A0F10806E5
:1049000000F1780428460835FEF7DAFAE6E90201F4
:10491000A642F7D170BD0000F8B504460D468E18CA
:104920000027B54218D0D4F8D030802B07D12046CC
:10493000FFF7CCFF0021FEF71FFBC4F8D070D4F8BE
:10494000D020204615F8011BFEF7F2FED4F8D03037
:104950000133C4F8D030E4E7F8BD000008B5FEF735
:10496000FBFA0843B0FA80F04009013808BD0000A6
:1049700000231A468B4202D0C2540133FAE7704733
:1049800070B59EB005460C4604266846FFF7E2FB6C
:1049900069460AA8FFF7DEFB0AA90846FFF7DAFB1B
:1049A0000AAA21461046FFF731F90AAA6946684665
:1049B000FFF72CF969466846FFF7CCFB6A460AA95F
:1049C0006846FFF723F969460AA8FFF7C3FB0AA95F
:1049D0000846FFF7BFFB013EF9D16A460AA96846BF
:1049E0000926FFF713F969460AA8FFF7B3FB0AA9DE
:1049F0000846FFF7AFFB013EF9D10AA96A46132624
:104A00000846FFF703F90AA914A8FFF7A3FB14A9A6
:104A10000846FFF79FFB013EF9D10AAA14A909260F
:104A20001046FFF7F3F80AA90846FFF793FB0AA917
:104A30000846FFF78FFB013EF9D16A460AA968468E
:104A40003126FFF7E3F869460AA8FFF783FB0AA9B6
:104A50000846FFF77FFB013EF9D10AA96A466326A3
:104A60000846FFF7D3F80AA914A8FFF773FB14A9A7
:104A70000846FFF76FFB013EF9D10AAA14A93126B7
:104A80001046FFF7C3F80AA90846FFF763FB0AA917
:104A90000846FFF75FFB013EF9D16A460AA968465E
:104AA000FFF7B4F869466846FFF754FB6946684665
:104AB000FFF750FB224669462846FFF7A7F8282152
:104AC0006846FFF755FF0DEB0100FFF751FF14A8F3
:104AD000FFF74EFF1EB070BD10B58CB0044602A8A3
:104AE0000191FFF74DFF02A90846FFF733FB02A92A
:104AF0000846FFF72FFB02A9019A0846FFF786F840
:104B000002A90846FFF726FB019A02A92046FFF7F3
:104B10007DF8282102A8FFF72BFF0CB010BD000084
:104B200070B58AB002460B4601F128066D4618683A
:104B3000083353F8041C2C46B34203C42546F6D16F
:104B40001321099B684600244B43694603F1807397
:104B50005B160568013408302B4450F8045C052CC2
:104B600005EBA3634FEA6363F3D1132000244343AF
:104B70000868013408310344052C23F07C4041F8D7
:104B8000080C51F8040C00EBA3604FEA606320F0BE
:104B90007E4041F8040CEBD11046DDE9003143EAD8
:104BA0008161FEF799F90299019B101DC90441EA40
:104BB0009311FEF791F90399029B02F10800490352
:104BC00041EA5331FEF788F90499039B02F10C0086
:104BD000890141EAD341FEF77FF902F11000DDE9D6
:104BE000053143EA4161FEF777F90799069B02F127
:104BF0001400C90441EAD311FEF76EF90899079B26
:104C000002F11800090341EA5331FEF765F90999E9
:104C1000089B02F11C00890141EA1351FEF75CF97F
:104C200028216846FFF7A4FE0AB070BD2DE9F04FB9
:104C30002DED028B9DB00C466422002108EE100A77
:104C400003A8FDF779FD0DF10C080022DFF8E0E084
:104C5000414604F13C0992465EF8043B251F8C4610
:104C60000026019300950098D346DCF8003050F8F8
:104C7000047F00903846019FE7FB003B9B194CF8EE
:104C8000043B4BF10006009B9945ECD101320E64C8
:104C90000431092AE0D10021202203A8FDF74CFDB0
:104CA000002103AB8E461A6C0020DFF888A09C46DA
:104CB000C1F10809019200905AF8047BF346DCF830
:104CC000002001303E46019FE7FB062B009E921913
:104CD0004CF8042B4BF1000248450092ECD3013113
:104CE00004330829DFD11C3401210020D8F800202A
:104CF00055F8043FD2439B1840EB00025B1842F189
:104D00000001A54248F8043BF0D103A90846FFF78B
:104D100021FC082203A918EE100AFEF7F3F864211B
:104D200003A8FFF725FE1DB0BDEC028BBDE8F08F98
:104D300048D20008F0CC000810B588B0014668469B
:104D4000FFF7EEFE9DF800406846202104F00104C4
:104D5000FFF70EFE204608B010BD000030B59FB032
:104D60000D46044650316846FFF7B6FE6A462946AE
:104D70000AA8FEF74BFF6A4605F1280114A8FEF7C2
:104D800045FF14A92046FFF7CBFE0AA8FFF7D4FF82
:104D9000E37F282183EAC010E0776846FFF7E8FD4B
:104DA0000DEB0100FFF7E4FD14A8FFF7E1FD1FB0D4
:104DB00030BD000010B590B0044610220146684690
:104DC000FEF792F869462046FFF730FF402168461B
:104DD000FFF7CEFD10B010BD10B590B00C460146E7
:104DE0006846FFF79DFE214608A8FFF799FE08A92F
:104DF0006846FFF7B3FD202104466846FFF7B8FD7B
:104E00000DEB0100FFF7B4FD601C10B010BD0000F9
:104E1000F0B595B004466846FEF7B8FC69462046F2
:104E2000FFF7AEFD21460AA8FFF794F90AA96A46E2
:104E30000846FEF7EBFE6846FEF7A0FC69460AA8A6
:104E4000FFF7CAFF694606466846FEF7A9FC0AA8AE
:104E5000FFF7C2FF104A054668461146FEF7A0FC60
:104E600069460AA8FFF7B8FF0746214668460A4A7E
:104E7000FEF7CCFE45EA070269462046FEF7B6FC7F
:104E800028210DEB0100FFF773FD6846FFF770FD69
:104E900046EA050015B0F0BDA0CD0008DFF880C0DF
:104EA0002DE9F0419046A0B004460E461D4600F1A3
:104EB00008070CF138026346083703CB934247F8E2
:104EC000080C47F8041C9C46F5D186EA0522124BD3
:104ED0000021534000222360104B63600023C4E98B
:104EE0003416C4E91023C4E912238DB17C2201A831
:104EF0000091FDF721FC2A4641466846FDF7F6FB86
:104F0000694604F15000FFF7F7FC8023C4F8D03065
:104F100020B0BDE8F08100BF08C9BDF267E6096AAC
:104F200068CD0008002340211A46FFF7B7BF0000F4
:104F30008830FFF7F7BF00002DE9F04704460D4623
:104F400017469AB3D0F8D0604FF0000A04F1500928
:104F50004FF08008764206F07F06964228BF16463C
:104F600032463544BE1BFFF7D7FC26F07F072F449F
:104F7000AF4213D0D4F8D030802B07D12046FFF7B2
:104F8000A5FC0021FDF7F8FFC4F8D0A0294648464B
:104F9000FFF7B2FC8035C4F8D080E9E706F07F0265
:104FA00039462046BDE8F047FFF7B6BCBDE8F087BC
:104FB0008830FFF7C1BF00002DE9F84304460D46D5
:104FC000D0F8D0607F2E06D8324600212046013628
:104FD000FEF7AEFBF6E72046A4F10807FFF776FCE4
:104FE0000121FDF7C9FFD4F8D4202E4622F007088E
:104FF000A84446450CD057F8081F3046D7F804900F
:10500000FDF76AFF301D08364946FDF765FFF0E7FA
:1050100022F00703D4F8D4209A4217D903F00702EC
:1050200023F00700DE08D100204454F836204768FA
:10503000C1F12006A1F12000CA4007FA06F627FABE
:1050400000F032430243EA540133E3E72046D8211B
:10505000BDE8F843FFF78CBC8830FFF7ADBF000018
:1050600010B5B6B004466846FFF718FF6846DDE99C
:105070003812FFF761FF21466846FFF79DFF36B003
:1050800010BD0000002307B5CDE900121A464021EB
:10509000FFF7E6FF03B05DF804FB000003689B68C0
:1050A000184700002DE9F0410E4604461546013927
:1050B000024606F13F0042F8043B11F8017F8142AD
:1050C00002F8017BF9D16A1E04F1640105F11F00A9
:1050D00012F8017F824201F8017BF9D120465B681A
:1050E00098472368314620469B68202298472368CA
:1050F000294620469B682022BDE8F0411847000061
:10510000014BFFF7CFBF00BF6CD20008FFF7C6BF4F
:105110002DE9F04F8046ADF56F7D054658F8043B0C
:1051200016A905F1240A05F16409DB6826AC984745
:1051300016A8FFF73FFE0822514604A8FDF7D4FE4B
:10514000494630A8FEF766FB3AA8FEF717FB30A9E0
:1051500044A8FEF7FFFF864A44A92046FEF756FD05
:1051600044A93AAA0846FEF733FB20462146FEF73B
:1051700021FB44A92246FEF749FD21462046FFF7C0
:1051800047FE28B94FF0FF300DF56F7DBDE8F08F79
:10519000224644A92046FEF739FD2046FFF7CCFD04
:1051A00095F88330B0EBD31F03D021462046FEF79D
:1051B000F7FA44A830AA2146FEF728FD04A8FFF715
:1051C000B1F90028DED121462046FEF7E9FA44A9CC
:1051D0004EAF0846FEF7E4FA76AA21463846FFF7B6
:1051E000B7FA21469EA8FFF7EBF99EAA394676A8A2
:1051F000FFF702FA76A9C6A8FFF7E2F916A902A8F6
:10520000FFF7FAFA03A85146FFF7F6FA9DF80B608C
:105210009DF80F3020469E4238BF1E46FFF7BEF96C
:105220003A4621462046FFF793FA16AB3246032151
:1052300002A8FFF7F3FA05465346052103A8FFF736
:10524000EDFA002D834623DD6D10A0229EAB02FBFC
:10525000053221462046FFF7CFF9BBF1000F3ADDBA
:1052600076AB44494FEA6B0B78220093204602FB51
:105270000B120CAB2146FFF717FA013ED0D226A93C
:105280004846FFF76BFD49464046FFF767FB7BE763
:10529000E3D005EBD5756FF09F019EAB80A86D1034
:1052A0004D435919FEF772FA9EAB05F1280176A815
:1052B0001944FEF76BFA9EAB05F150018AA8194418
:1052C000FEF764FA9EAB05F1780194A81944FEF745
:1052D00067FA76AABDE7D0D00BEBDB73254A6FF0F7
:1052E000770530A95B100CA803FB05252246FEF7C5
:1052F00061FA76A8FEF76CFA0CA905F128020846B7
:10530000FEF784FC76A92A460846FEF77FFC76AABB
:105310000CA930A8FEF74EFA2046FEF759FA3AAA31
:1053200011461046FEF746FA44A905F15002084618
:10533000FEF76CFC44AA3AA90CA8FEF749FA76A835
:10534000FEF738FA30AA214644A8FEF75FFC76AA99
:1053500021462046FEF75AFC30A90CAA0846FEF763
:1053600055FC76AA0CA93AA8FEF750FC85E700BFC9
:1053700010CD0008C8CD00080121884238BF08467A
:1053800005F026BC08B105F027BC704710B5084CE5
:1053900001220849002001F0C7FE23783BB10648EE
:1053A00003F0B2FF044803F0E5FF0023237010BDB3
:1053B0000434002080D20008E43600202DE9F041BA
:1053C000234C244E236DBBB901224FF4004104F15C
:1053D000500005F063FD236D1B686BB901224FF48B
:1053E000805104F1500005F059FD236D1B681BB975
:1053F00000203070BDE8F08133780BB1FFF7C6FFB5
:105400000324154F4FF00008114D13492846C7F8E3
:10541000048003F0A1FF284603F0DAFD38B1013C17
:10542000284603F0A7FF14F0FF04E1D0EDE70B4995
:1054300001220B4801F078FE014618B1284603F01E
:1054400063FFECE7074800F011F80120D1E700BF47
:10545000E4360020043400203C22002080D20008E2
:105460000834002084D2000802F0B8BC0FB4002039
:1054700004B0704700687047034600685968704779
:105480000B0A017043700B0C090E8370C1707047DA
:10549000110A027003714170110C120E8170C270FA
:1054A0001A0A42711A0C1B0E8271C37170470000F8
:1054B000C36A0239023B8B4283BF4389006C01FB04
:1054C0000300002070470000C2F307238A76CB76E2
:1054D0000378032B01BF120C0A75120A4A75704734
:1054E00000F10B010022D30143EA520310F8012B13
:1054F00052FA83F38842DAB2F5D1104670470000C1
:1055000010B5417804460020013102464901022AC3
:1055100016BFA35C032203EBC03302F101021EBFDE
:105520009BB203EB500398B29142F0D810BD00003B
:1055300002684AB1134613F8011B1F290DD93A29F5
:10554000F9D1911C8B4202D04FF0FF307047127896
:10555000302AF9D1036000207047014B187870475A
:105560005436002038B50D46044618B909200023EA
:105570002B6038BD0368002BF8D01A78002AF5D0CC
:105580008188DA889142F1D1587804F08BFE10F0CE
:105590000100EBD12368EBE738B50D4640F25231FC
:1055A000144602F0BDF9FF2807D9012C0BD9030AD4
:1055B000022468702B70204638BD30B1002CFAD020
:1055C00001242870F7E70024F5E70446F3E700001C
:1055D0002DE9F8430026D0F8008005460C468E766B
:1055E000836B002B4AD098F80030042B4BD1334604
:1055F0003546402720E0B7F5187F80F0C480F906D3
:1056000006F1010608BF0237D05B02372BB900F55F
:10561000205292B2B2F5006F0DD305F11A01C5F117
:10562000FF0240EA03402144FFF7B6FF002800F0E4
:10563000AA80054400200346D8F8102092F82310D1
:10564000B142D8D8002B40F09E80002D00F09B8006
:1056500000232544AB766373D8F81020137903F048
:105660003701DB0621730BD402F13800FFF704FF8A
:10567000C4E9000193896381D3892381BDE8F8835C
:1056800000200146F4E7C36C01335ED1EA6B0023CE
:105690002E26551E184615F8011F013020290CD062
:1056A000052908BFE521092804D10B2B9EBFE71867
:1056B00001337E73E718013379730B28EBD1E118BE
:1056C00000204873A17E00294BD1002B40D06FF001
:1056D0000C0604F10D000825361B331810F8011BC9
:1056E000002938D02E298BB24AD0A3F141011929C3
:1056F00003D8117B0D4200D020330373EDE7B9F1DD
:10570000000F05D100F520539BB2B3F5006F0BD30A
:1057100007F11A01C7F1FF0240EA09402144FFF7EF
:105720003BFF48B10744002002368146D8F80C30D0
:10573000985B0028E3D13846B9F1000F4FF0000222
:1057400018BF002023189A76A0E7B1463746EDE748
:105750003F23A3760123234400219976137B03B9C9
:105760006373D37A02F11C0003F03F032373002319
:10577000FFF780FE20606360D38A6381138B7CE730
:1057800010250B46B9E73F230125A37660E700000B
:1057900038B50546002435F8020B08B9204638BD57
:1057A00002F0F2F86308C2B203EBC43312FA83F3D7
:1057B0009AB2C0F3072303EB520303EBC2339CB24C
:1057C000E9E7000037B5C37804461BB90025284631
:1057D00003B030BD00F14C01826C0123407801918F
:1057E00004F086FD054680B9A36BE070A06C226BC7
:1057F000C31A9342EAD2A3780199022BE6D102445C
:105800000123607804F074FDE1E70125DFE7000083
:1058100038B5836C05460C468B4210D0FFF7D2FF9B
:1058200060B92246012305F14C01687804F03CFD83
:1058300000281CBF4FF0FF340120AC6438BD0020AD
:10584000FCE7000038B500230446C3704FF0FF3377
:105850008364FFF7DDFF00284BD1B4F84A524AF6C3
:1058600055239D4207D10B22254904F14C00FBF73B
:1058700031F800283FD094F84C30EB2B03D018338C
:10588000DBB2012B2ED84AF655239D4206D10822C1
:105890001C4904F19E00FBF71DF848B3B4F85730DB
:1058A000B3F5007F1ED194F85930DBB15A1E1A426D
:1058B00018D1B4F85A30ABB194F85C30013B012BED
:1058C00010D8B4F85D306BB1B4F85F307F2B06D8D8
:1058D00004F16C00FFF7CEFDB0F5803F02D3B4F8C1
:1058E000623053B94AF6552085420CBF022003208E
:1058F00038BD0420FCE70120FAE70020F8E700BFEC
:10590000B0D20008BCD2000802392DE9F04701F0FE
:1059100007044FF0010A466C05460AFA04F41746DC
:10592000984606EB1136C1F3C809E4B23146284661
:105930000136FFF76DFF18B10120BDE8F0879946E9
:1059400005EB090292F84C30234214BF01210021DB
:10595000414513D06340013F82F84C3085F803A0E5
:10596000EBD0640014F0FF04EAD109F10103012433
:105970004FF00009B3F5007FE1D1D7E70220DCE763
:1059800001290246F8B50C4640F28C800668F36A9D
:105990008B4240F287803378013B032B00F28280F8
:1059A000DFE803F00229384B04EB5405B16B3046B5
:1059B00001EB5521FFF72CFF10B14FF0FF30F8BD80
:1059C0006F1CC5F30805B16B3046354401EB572118
:1059D00095F84C50FFF71CFF0028EED1C7F30807DD
:1059E000E3073E4496F84C0045EA00204CBF00090E
:1059F000C0F30B00E3E7B16B304601EB1421FFF776
:105A000007FF0028D9D1640004F4FF742644B6F8D7
:105A10004C00D4E7B16B304601EBD411FFF7F8FE30
:105A20000028CAD1A40006F14C0004F4FE742044FE
:105A3000FFF720FD20F07040C1E7D0E90430D579B0
:105A400053EA000101D0916801B95DBB9168022D54
:105A5000A4EB01010DD1013B728940F1FF305B0ADB
:105A600043EAC053B3FBF2F399421BD81CD0601C2D
:105A7000A5E7032D02D193698B42F8D8D3699BB96E
:105A8000B16B304601EBD411FFF7C2FE002894D170
:105A9000A0004C3600F4FE703044FFF7EBFC20F021
:105AA00000408CE701208AE76FF0004087E70000A4
:105AB000F8B5066804460D463378042B0CBF4FF04A
:105AC00080524FF400128A4201D80220F8BDCA0663
:105AD000FBD182680163D2B9022B13D83389B3EBAF
:105AE000551FF2D9F36BA363A36B6263002BECD059
:105AF00003EB55234C36C5F308050020A36335445A
:105B0000E563E3E7F36BC271002BE7D01A467789B0
:105B10007F02BD42114604D23046FFF7C9FCA063A4
:105B2000E2E72046FFF72CFF431C024606D001287F
:105B3000CBD9F36A8342C8D9ED1BEAE70120C5E758
:105B400001292DE9F04706460C46174608D9C36AD5
:105B50008B4205D90378022B62D003D8012B22D0C7
:105B6000022552E0033B012BFAD8816B01EBD411E3
:105B7000FFF74EFE0546002847D1A40006F14C036E
:105B800004F4FE741C443378042B07D0204627F01D
:105B90007047FFF76FFC00F070400743394620461E
:105BA000FFF76EFC2FE001EB5108816B01EB5821F0
:105BB000FFF72EFE054640BB14F0010406F14C0928
:105BC00008F1010AC8F3080808BFFBB230461FBF3E
:105BD00019F8083003F00F023B0103F0F00318BF7F
:105BE000134309F808300123B16BF37001EB5A211C
:105BF000FFF70EFE054640B9CAF3080A44B1C7F3E1
:105C0000071709F80A700123F3702846BDE8F087EA
:105C100019F80A30C7F3032723F00F031F43F0E7F7
:105C2000816B01EB1421FFF7F3FD05460028ECD151
:105C3000640006F14C0304F4FF741F551919C7F3EF
:105C400007274F70DFE70000F8B504460E461746F9
:105C5000E3690BB91846F8BD012BA6EB03052068D4
:105C600014BFAA1C3A46691CFFF76AFF0028F2D14C
:105C7000E369013BE361EBE701292DE9F8430646BF
:105C80000C461746056802D80220BDE8F883EB6A87
:105C90008B42F9D97AB9A14621463046A046FFF792
:105CA0006FFE0446B0B92B78042B02D1002F43D1EC
:105CB000F7710020E9E72B78042B02D1C379022B7E
:105CC000E9D04FF0FF3239462846FFF739FF002868
:105CD000E1D0DAE70128D7D0421C01D10120D4E776
:105CE0002B78042B19D1EA6AAB69023A93421CD390
:105CF00008F10102A2420CD02B78042B08D100231A
:105D0000A2EB090249462846FFF7FEFD0028BCD158
:105D1000A146EB6AA342BFD8C5E700224146284608
:105D2000FFF70EFF0028DED0AFE70133AB612B7920
:105D300043F001032B71DBE7F3798BB9B468BC4204
:105D400002D10223F371B4E721463046FFF718FE73
:105D5000012899D9431CC1D001348442EFD0A8E76F
:105D6000032BA6D1B368BB42A3D8B2691344BB428C
:105D70009FD3E6E770B5C3790446032B06D181684B
:105D80008369CD18A94203D10023E371002070BDBF
:105D90004E1C20683246FFF7D3FE0028F7D131466B
:105DA000F0E700002DE9F74305460191FFF70AFDF2
:105DB0000446002849D105F14C09019928464FF4C1
:105DC0000072FFF775FB2146A86407464846FCF7BA
:105DD000B3FC6C896402B4F5004F28BF4FF4004453
:105DE000B4F5007F2FD9204604F0FAFE804630B18A
:105DF00022460021640A0026FCF79EFC09E06408A4
:105E0000EEE72346BA194146687804F071FA18B9EA
:105E100026446B899E42F4D3404604F0F1FE688923
:105E2000801B18BF012003B0BDE8F08301366B89E9
:105E30009E42F4D20123BA194946687804F058FA10
:105E40000028F3D0EBE70026F1E70120EBE70000A4
:105E5000F8B50446FFF7B6FC0546002842D1237882
:105E6000032B37D12779012F34D104F14C06014699
:105E70004FF400723046FCF75FFC5523412272213B
:105E800084F84A32AA2304F50D7084F84F2084F870
:105E90004B32522384F8301284F84C3084F84D3061
:105EA000612384F8311284F84E3084F83332A169CA
:105EB00084F83222FFF7E4FA616904F50E70FFF707
:105EC000DFFA626B3B46314601326078A26404F02F
:105ED0000FFA257100226078114604F02DFA00387F
:105EE00018BF0120F8BD000000232DE9F0430B602E
:105EF00085B00F461546FFF71BFB061EC0F2B281A8
:105F0000804B53F82640002C00F0AE813C6005F039
:105F1000FE0523786BB1607804F0C4F9C70708D494
:105F20001DB110F0040500D00A25284605B0BDE8D3
:105F3000F0830023F0B22370607004F09FF9C10772
:105F400000F194810DB14207EED400212046FFF705
:105F500079FC022840F099806E4604F2122304F284
:105F60005221324618461033FFF784FA42F8040BE8
:105F70008B42F7D1002556F8041B00297DD020461E
:105F8000FFF760FC012879D80128A26C40F0C0809E
:105F900004F1570304F18C0113F8015B002D7BD150
:105FA0008B42F9D1B4F8B430B3F5807F74D194F852
:105FB000B830092B70D104F19400FFF75DFA4FF06F
:105FC000FF33171841F10001BB4275EB010363D3A6
:105FD00004F1A000FFF74EFA94F8BA302063012BC9
:105FE000A37059D194F8B99003FA09F91FFA89F30B
:105FF0006381002B50D0444B04F1A800FFF73AFA1C
:106000000646984248D8831C626304F1A400E36208
:10601000FFF730FA00EB020804F19C00C4F840805E
:10602000FFF728FA10441FFA89F2A06306FB02F377
:1060300013EB080345EB05029F4271EB02032BD3E0
:106040002E4604F1AC00FFF715FAE06365B96389E9
:10605000B34221D9E16B2046FFF72AFA8119204685
:10606000FFF7D6FB98B90136631993F84C30812BB2
:1060700014D02035C5F30805E8E703200135042DC9
:106080007FF479AF042807D101E0042801D101256C
:106090004BE701287FF678AF0D2546E705F11400A0
:1060A00004F14C063044FFF7E5F901280546F3D921
:1060B000E36A8342F0D96189821E236C02FB0133BB
:1060C0006364A16B204601EBD511FFF7A1FB00280B
:1060D000DDD105F07F0006EB8000FFF7CBF9431C14
:1060E00003D00135A842ECD0D6E70425C4E9050069
:1060F000064A257000251388E56101339BB21380A1
:10610000E38012E758360020FDFFFF7F5C36002059
:10611000B4F85730B3F5007FBED1B4F8626026B949
:1061200004F17000FFF7A6F9064694F85C30266388
:10613000591EA3700129AFD894F859506581002DDC
:10614000AAD0691E2942A7D1B4F85D8018F00F0FBC
:10615000A4F80880A0D1B4F85F0018B904F16C006D
:10616000FFF788F9B4F85A10002995D006FB03FE12
:1061700001EB181CF44460458ED3A0EB0C00A84240
:10618000B0FBF5F388D33E48834285D84FF6F570CF
:1061900083426DD903259F1C114402EB0C03032D90
:1061A000E7626263A16323644CD1B4F8763053EAAA
:1061B00008037FF471AFBB0004F17800FFF75AF9D0
:1061C000E06303F2FF13B6EB532FFFF465AF4FF01C
:1061D000FF33032DC4E905334FF08003237187D1CA
:1061E000B4F87C30012B83D1511C2046FFF710FB03
:1061F00000287FF47DAFB4F84A224AF65523207177
:106200009A427FF475AF1F4B04F14C00FFF732F94F
:1062100098427FF46DAF03F1FF5304F50C70FFF764
:1062200029F903F50053203398427FF461AF04F558
:106230000D70FFF71FF9A06104F50E70FFF71AF952
:10624000606155E7B8F1000F3FF426AF7144022DAD
:106250004FEA4703E1631EBFD91907F0010303EBBF
:106260005103AEE70B2560E60C255EE603255CE6F0
:1062700040F6F575AB428CBF022501258BE700BFC8
:10628000F5FFFF0F525261412DE9F84F07460568AF
:10629000884649B96E69C6B1EB6AB34298BF012618
:1062A000AB69A3B9002405E0FFF76AFB01280446A7
:1062B00003D801242046BDE8F88F421C00F0D280AC
:1062C000EB6A8342F6D84646EAE70126E8E72A78F1
:1062D000EB6A042A40F08380A6F1020A023B4FF0E9
:1062E000010B9A4528BF4FF0000AD146696C284639
:1062F00001EB1931FFF78CFA00283BD109F00703B5
:10630000EA6AC9F3C8010BFA03F3901EDBB26A18FC
:106310004C4609F1010992F84C20814502EA03023A
:1063200033BF5B0000234FF40071DBB228BF9946F6
:10633000B2B90234631E0333BCD801232146284678
:106340001A46FFF7E1FA0228B3D0012800F08A804C
:10635000B8F1000F13D10223FB710028A9D130E05E
:10636000CA450AD0002BD2D10131B1F5007FBDD290
:106370000123CCE74FF0FF34DCE70024DAE7FB79B8
:10638000022B07D1731CA342E7D0BB68F31ABB6191
:106390000323FB7108F10102FB69A24205D113B18D
:1063A0000133FB61D9E70223FBE70BB90123FB6152
:1063B000224641463846FFF747FC00284FD10123CB
:1063C000FB61EA6AAB69023A6C6193429CBF03F1DC
:1063D000FF33AB612B7943F001032B716AE746452C
:1063E00014D1741C38469C4228BF02242146FFF772
:1063F000C7FA01283FF45DAF431C33D0E0B16B69AD
:10640000012B03D9EA6A934238BF1E463446013451
:10641000EB6AA34203D8012E7FF644AF0224214643
:106420003846FFF7ADFA48B101283FF442AF0130DA
:1064300018D0B442EBD135E7002CE7D04FF0FF3253
:1064400021462846FFF77CFB48B9B8F1000FB8D0C9
:10645000224641462846FFF773FB0028B1D00128A9
:106460007FF427AF4FF0FF3424E700002DE9F84315
:1064700006680446076B894633782037042B0CBF27
:106480004FF080534FF40013BB429CBF0023836343
:10649000836B73B1C7F30808B8F1000F3CD1013327
:1064A000416B836339B93389B3EB571F34D8002369
:1064B000A36304200AE07389013B13EA57232BD11D
:1064C000FFF75EFA0128054602D80220BDE8F883EE
:1064D000421C01D10120F9E7F36A834216D8B9F1D1
:1064E000000FE4D0616B2046FFF7CEFE0546C8B131
:1064F0000128EAD0431CEDD001463046FFF752FC9C
:106500000028E7D1E37943F00403E37129463046DC
:106510006563FEF7CDFFA0634C3600202763464439
:10652000E663D3E70720D1E7F8B50E46002104461D
:106530000768FFF7BDFA98B90546A16B3846FFF723
:1065400067F968B93A78E36B042A1B780CD11B060B
:106550000ED5054601212046FFF788FF0028ECD024
:10656000042808BF072006E0E52B01D0002BF0D15E
:106570000135B542EED1F8BDC16C4B1C2DE9F0419F
:1065800004460568066B1FD1E5274FF00108A16B93
:106590002846FFF73DF998B92A78E36B042A09BF2A
:1065A0001A781F7002F07F021A7085F80380236B3F
:1065B000B3420DD200212046FFF758FF0028E6D055
:1065C000042808BF022003E0FFF772FA0028DBD09E
:1065D000BDE8F0812DE9F04105460068A96B066928
:1065E000FFF716F9044620B9EB6B1A78852A03D019
:1065F00002242046BDE8F081324603F1200153F821
:10660000040B8B4242F8040BF9D1777801377F01F4
:10661000A7F16003B3F5007FEAD800212846FFF711
:1066200025FF04280446E3D00028E2D1A96B28689E
:10663000FFF7EEF804460028DBD1EB6B1A78C02A8E
:10664000D6D106F1200203F1200153F8040B8B424E
:1066500042F8040BF9D196F823300F222C33B3FB08
:10666000F2F3B7EB431FC3D34FF040080021284695
:10667000FFF7FCFE04280446BAD00028B9D1A96B64
:106680002868FFF7C5F804460028B2D1EB6B1A78EA
:10669000C12AADD1B8F5187F09D206EB080203F183
:1066A000200153F8040B8B4242F8040BF9D108F196
:1066B00020084745DAD8B8F5187F9AD83046FEF753
:1066C0001FFF7388834294D092E700000B6800227A
:1066D00010B5036004460B6A83604B6AC261C371E4
:1066E00023F0FF03896AC0E90432C164FFF7E0F9CF
:1066F00020B92046BDE81040FFF76CBF10BD000078
:10670000F8B50368054601271C692046FEF7F8FE28
:10671000A070000A6678E0702846E96CFFF7C8F9B7
:1067200020B1022828BF0220C0B2F8BDA96B28689A
:10673000FFF76EF80028F4D1EB6B04F1200254F857
:10674000041B944243F8041BF9D12B68DF70002E20
:10675000E7D000212846013EFFF788FEE0E7000071
:106760002DE9F8434FF0FF08064607680424454624
:106770004FF6FF79B16B11B9002C73D063E0384646
:10678000FFF746F8044600285DD1F06B0378002B34
:106790006ED03A78042A11D1852B4DD1336B304617
:1067A000F364FFF717FF044600284CD13B691B79BF
:1067B00003F03F03B3712046BDE8F883C27AE52BAE
:1067C00002F03F02B27143D02E2B41D022F02001C3
:1067D00008293DD00F2A40D1590637D503F0BF050F
:1067E000336B90F80D80F364437B434530D1428B8B
:1067F00072BB03780D21FC6823F04003DFF874E0DE
:10680000013B4B4301211EF801CB30F80CC009B30A
:10681000FF2B1DD824F813C06146013301320D2A25
:10682000F1D10278520605D521B1FF2B10D80022F4
:1068300024F81320013DEDB200213046FFF716FE8B
:106840000446002896D00023B363B4E7AB42CBD014
:10685000FF25F1E7CC45E1D0FAE72DB9FEF740FE80
:10686000404501D10024A6E74FF0FF33F364A2E7CF
:106870000424E8E758D300082DE9F04F002187B041
:106880000446D0F80090FFF713F9804670B999F8E4
:106890000030042B33D1D9F80C00FEF779FF0746FE
:1068A0002046FFF75DFF054620B18046404607B011
:1068B000BDE8F08FD9F810309A8CBA42F0D193F835
:1068C00023B040265D4506D1D9F80C3033F8153099
:1068D000002BE5D1EAE7F106D9F8103008BF0236FF
:1068E000985B01F051F8D9F80C30824633F8150066
:1068F00001F04AF88245D3D102360135E2E74FF084
:10690000FF0A4FF0FF3B5546C4F84CB0A16B484618
:10691000FEF77EFF00285CD1E66B3778002F77D03A
:10692000F27AE52F02F03F03A37103D0120704D5DA
:106930000F2B04D0C4F84CB04FE00F2B54D194F877
:106940004B3058063FD4790645D5236B07F0BF0777
:1069500096F80DA0E364737B53453ED1738B002BF7
:106960003BD135780121D9F80C3005F03F05019372
:106970000D23013D5D43284B13F8012BB25A71B32F
:10698000FF2D059329D81046049200F0FDFF6B1CE3
:1069900003900293019B33F8150000F0F5FF039973
:1069A00081421AD1049A029D1146059B1B4A9342CB
:1069B000E2D133785A0604D519B1019B33F815306A
:1069C0005BB97D1EEDB200212046FFF74FFD002888
:1069D0009CD080466AE7BD42BDD0FF25F3E74FF665
:1069E000FF708242E2D0F8E72DB93046FEF778FD1D
:1069F00050453FF45BAF94F84B30DB079AD40B2241
:106A000004F140013046F9F765FF002892D14DE7C7
:106A10004FF004084AE700BF58D3000865D30008C8
:106A20002DE9F04F90F84BB099B004461BF0A0054B
:106A300040F06C810668F26832F81530002B4AD1BC
:106A40003378042B40F087800F230E352046B5FBAA
:106A5000F3F5A91CFFF768FD8146002877D1236B69
:106A60000135A3EB4515E3795A07E56435D523F0E5
:106A700004032046E371FFF77DF950BB4FF0FF326E
:106A8000616B2046FFF7E0F818BBA3682BB32146E3
:106A900004A8FFF71BFEE0B970894FF40071D4E938
:106AA0000423E0FB01233069C4E904233830FEF7F6
:106AB000EFFC3069D4E904232830FEF7E9FCE379E0
:106AC000326904A843F0010382F82130FFF718FE71
:106AD00018B181463BE00135AEE7D6E903544022C8
:106AE00000212046FBF728FE852301214022237048
:106AF000C0234FF0C10C04EB010884F820300023C0
:106B00001E469E46571C04F802C0F0B2023204F83A
:106B100007E021B135F8131009B10133DBB20F0AD8
:106B2000A15408F802700232D706F2D135F813707A
:106B30000136002FE6D184F82330831C2846637089
:106B4000FEF726FE84F82400000A84F82500484653
:106B500019B0BDE8F08F04F140070DF1100A1BF0E9
:106B6000010F97E807008AE8070000F0D78040236C
:106B70004FF0010884F84B30BC46F368B8F1050FBC
:106B80009AE80700ACE803002CF8022B4FEA124207
:106B90008CF800205DD9981E424630F8021F00296B
:106BA00046D10DF10F0C072102F00F0E914612098C
:106BB0000EF13000392888BF0EF1370001390CF88A
:106BC000010902D0B9F10F0FEED801F160037E2068
:106BD0000DEB030202F8580C38460022914206D011
:106BE00010F801CB02F1010EBCF1200F33D104F1FA
:106BF0003F0C072902F1010297BF01F16003202039
:106C000001310DEB030098BF10F8580C072A0CF85F
:106C10000200EED92046FFF72FFE8146002878D1EA
:106C200008F10108B8F1640FA6D14FF007098EE70B
:106C30004FF0100C01F0010E49080EEB4202D30395
:106C400044BF82F4883282F02102BCF1010CF1D100
:106C5000A3E74246A5E77246C0E7216B2046A1EBB9
:106C60004511FEF725FF814600287FF470AF4FF6EF
:106C7000FF783846FEF734FC0190A16B3046FEF7F2
:106C8000C7FD814600287FF462AFE36BE9B2019A49
:106C90004FF00D0CD6F80CE05A734FF00F02DFF8EE
:106CA000E0A0DA724A1E18730CFB02F28446987652
:106CB000D87640451AF8019B0CF1010C18BF3EF83C
:106CC000120003EB090B18BF013203F809004FEA69
:106CD0001029002808BF4046BCF10D0F8BF8019029
:106CE000E7D1404502D03EF812200AB941F04001F8
:106CF0001970012300212046F370FFF7B7FB81468E
:106D000000287FF424AF013DB7D11BE04FF0060906
:106D10001DE704287FF41BAF84F84BB01BF0020F73
:106D200020461BBF0C350D210125B5FBF1F518BF21
:106D300001352946FFF7F8FB814600287FF407AFAD
:106D4000013D8AD1A16B3046FEF762FD81460028E5
:106D50007FF4FDAE01462022E06BFBF7EDFCE36B18
:106D600003CF18605960BA7839889A72198194F8FB
:106D70004B30E26B03F0180313730123F370E6E664
:106D800058D3000810B504460A463430FEF772FBAB
:106D9000886004F13800FEF76FFBC2E9040194F843
:106DA000213003F00203D3710023D36110BD000032
:106DB00003284B8B04BF8A8A43EA02431846704774
:106DC0002DE9F04F0B7899B0044689462F2BD0F867
:106DD00000B001D05C2B09D14A46137891460132AC
:106DE0002F2BFAD05C2BF8D0002301E0DBF81C300D
:106DF000A3600023E3619BF80030042B1ED1A3683D
:106E0000E3B1DBF82030214604A82362DBF824300C
:106E10006362DBF82830A362FFF758FC03460028C2
:106E200054D1DBF8102002F13800FEF723FBC4E94F
:106E3000040392F8213003F00203E37199F8003063
:106E40001F2B00F2358180230021204684F84B302F
:106E500019B0BDE8F04FFEF72BBE49460B788946C6
:106E600001312F2BFAD05C2BF8D01F2B8CBF0025C3
:106E70000425012F2FD113882E2B31D1002322F886
:106E8000173004F140029F428CBF2E212021013394
:106E90000B2B02F8011BF6D145F02005204684F8A3
:106EA0004B50FFF7E9FC94F84B30002800F0E780E6
:106EB00004280BD1990603F0040240F1DC80002A7B
:106EC00000F0F6808023002084F84B3019B0BDE834
:106ED000F08F0425CDE7022F02D153882E2BCAD084
:106EE000911E87BB002322F81730002F00F011817C
:106EF00032F81300194601332028F9D009B92E2899
:106F000001D145F00305901E30F817302E2B01D02B
:106F1000013FF9D14FF020334FF0000A6364D046AF
:106F20002364C4F847300823481C32F811600090ED
:106F3000F6B1202E03D02E2E0DD1B84210D045F040
:106F400003050099F0E731F81730202B01D02E2BE4
:106F5000C8D1013FC5E79A4505D20099B9423BD156
:106F60000B2B30D101E00B2B27D145F003050B2370
:106F700094F84020E52A04BF052284F84020082B1D
:106F800004BF4FEA88085FFA88F808F00C030C2B5E
:106F900003D008F00303032B01D145F00205A80735
:106FA0003FF57CAF18F0010F18BF45F0100518F041
:106FB000040F18BF45F0080570E70099B94202D0E8
:106FC00045F00305D4D84FEA88080B234FF0080A90
:106FD00000975FFA88F8B4E77F2E15D9304640F263
:106FE0005231CDE9022345F00203019300F098FCF1
:106FF00010F0800F0646DDE9022316D000F07F0670
:1070000046498E5D019D46B331464548CDE9012391
:10701000F9F7E0FEDDE90123F8B9A6F1410189B2F3
:1070200019291ED848F0020810E0FF28EAD9591E95
:107030008A4503D345F003059A4682E704EB0A012B
:10704000000A0AF1010A019D81F8400004EB0A01DF
:107050000AF1010A81F8406073E745F003055F26F5
:10706000F4E7A6F1610189B219299EBF203E48F0DC
:107070000108B6B2EAE7002A08BF052026E75A074A
:107080003FF524AFA379DB0645D59BF80000042823
:1070900035D1A3682146E27923622369DBF8100029
:1070A00023F0FF0313436362E36CA362FFF76AFEFE
:1070B00023680027DA6819F8010B00283FF409AFAC
:1070C00040F25231009200F04BFC054608B31F28F5
:1070D000009A7FF6FEAE2F283FF4BFAE5C283FF447
:1070E000BCAE7F2805D801460E48F9F773FE009A1A
:1070F00078B9FF2F0DD022F817500137DBE7216B4D
:107100000BF14C03C1F308011944FFF751FEA060D5
:10711000CEE70620DAE60520D8E600BFD8D2000880
:10712000D1D20008C8D200081FB5CDE9001003A8CD
:1071300014460391FEF7FCF9002815DB0B4A52F8C0
:1071400020300BB100211970019B0BB10021197087
:1071500042F820302CB1002201A96846FEF7C4FE97
:107160000446204604B010BD0B24FAE75836002030
:107170002DE9F04798B0904605460191002800F0AF
:10718000528102F03F0603A901A83246FEF7ACFE89
:10719000002840F04681039B4FF48C60049303F079
:1071A0001FFD0746002800F04081039B00F5007298
:1071B0000199D86004A81A61FFF702FE044620B9BD
:1071C0009DF95B30002BB8BF062418F01C0F00F0AF
:1071D000CD80002C4CD0042C40D104A8FFF720FC1B
:1071E000044600283AD146F00806039B1A78042A80
:1071F00040F08380186929462B60FFF7C3FD039B8D
:107200001E22002118690230FBF796FA039C002128
:107210001A2220692630FBF78FFA236920221A717F
:10722000246903F017FD0146012208342046FEF7C9
:1072300027F9039B04A81B6983F82120FFF760FA54
:10724000044658B9A96801B302462846FEF714FD62
:10725000AB68039A0446013B5361B4B1384603F06E
:10726000CFFC0CB100232B60204618B0BDE8F0879E
:107270009DF8163013F0110F40F0848018F0040FC1
:1072800040F0C98018F0080FAFD1039A3107139965
:10729000936C48BF46F04006E964AB64107804285C
:1072A00072D1069B9DF817102B62089B106923F082
:1072B000FF030B4329466B62179BAB62FFF762FD2E
:1072C000DDF80CA00024002205F15008BAF80630C1
:1072D00021464046C5F800A0AB80002385F8306009
:1072E00085F831406C64C5E90E234FF40072FBF75A
:1072F00023FAB20653D40024B0E703F0ABFC0146F6
:10730000009013980E30FEF7BBF8139800991630D2
:10731000FEF7B6F8039C13992078FFF749FD202368
:1073200000228046CB7220461399FEF7CDF8139BBE
:10733000002201211A775A779A77DA77039BD9705E
:10734000B8F1000FA1D0414604A8D3F84890FEF749
:1073500093FC0446002881D149460398FEF758FA69
:10736000039B044608F1FF30586176E7002C7FF458
:1073700075AF9DF81630DC064FD418F0020F84D09C
:10738000D80782D5072469E7FFF712FD0023A8601C
:1073900001F11C00FEF76EF86B61286190E7D5E9FA
:1073A000046956EA0903A6D0BAF80AA0A9684FEA08
:1073B0004A2AC5E90E69B24574EB09031BD30024C0
:1073C0002964002C7FF44AAFC6F30803002B92D047
:1073D000039C2046FEF76CF808B3760A0123414669
:1073E00046EAC95682196A64607802F05DFF041E9D
:1073F00018BF012432E72846FEF7C2FAB6EB0A06A8
:10740000014669F10009012803D9431CD3D10124A5
:10741000D6E70224D4E7082420E704241EE7022448
:107420001CE704461EE709241EE711241CE70000A0
:107430002DE9F04F994685B00023884603A90446FC
:10744000C9F800301646FEF78DF8054680BB94F863
:1074500031506DBB94F8303013F00103009300F00D
:10746000A68004F1500AD4E90432D4E90E011B1AB3
:1074700062EB0102B34272F1000238BF1E46BEB198
:10748000D4E90E10C1F30803002B40F08280039B67
:107490005A894B0A013A43EAC0531A401BD151EAB8
:1074A000000309D1A06801280DD8022584F83150C5
:1074B000284605B0BDE8F08F216C20460192FEF70A
:1074C0005FFA019AEFE7431C04D10123009D84F881
:1074D0003130EDE72064DDF80CB0216C5846FDF743
:1074E000E7FF0028E1D0B6F5007F02EB000731D3BB
:1074F000BBF80A1002EB5620730A88429BF8010081
:1075000088BF8B1A3A464146019302F0CDFE00280F
:10751000DBD194F93020019B002A0BDA606CC01B90
:10752000984207D24FF40072514608EB4020FBF717
:10753000DDF8019B5F02D9F80030F61BB8443B44EC
:10754000C9F80030D4E90E32DB1942F10002C4E977
:107550000E3294E7626CBA421AD094F93030002BA4
:107560000DDA012351469BF8010002F0C1FE00280C
:10757000ABD194F8303003F07F0384F830300398B7
:1075800001233A465146407802F08EFE00289CD1F5
:107590006764A16B4046C1F30801C1F5007751440F
:1075A000B74228BF37463A46FBF7A0F8C3E707259E
:1075B0007EE7000070B596B00E460022019002A949
:1075C00001A8FEF791FC0446E0B94FF48C6003F08B
:1075D00007FB0546D8B1029B00F500720199D860FF
:1075E00002A81A61FFF7ECFB044640B99DF953303D
:1075F000002B0ADB1EB1314602A8FDF7E9FF284641
:1076000003F0FEFA204616B070BD0624F7E71124F9
:10761000F8E7000070B5B8B00222019003A901A8F4
:10762000FEF762FC044608BB039B4FF48C6010938A
:1076300003F0D6FA0546002866D0039B00F50072D9
:107640000199D86010A81A61FFF7BAFB044650B937
:107650009DF88B30980655D4190653D49DF84630C2
:10766000DA0706D50724284603F0CAFA204638B0C0
:1076700070BD039B04931878042814D104A91869D9
:10768000FFF780FB069E9DF84630DB0610D410A85D
:10769000FEF772FF04460028E5D156BB0398FEF7BB
:1076A000D7FB0446DFE71F99FFF782FB0646EAE7B0
:1076B000039BDA69B242D5D024930021269624A8F0
:1076C0001B78042B01BFDDE90823CDE928239DF8B1
:1076D00017308DF89730FEF7EBF904460028C2D139
:1076E00024A8FFF73DF804460028BBD00428BAD1EF
:1076F000CDE70246314604A8FEF7BEFA044600284C
:10770000B1D1CBE70624AEE71124AFE7F0B5BDB0A9
:10771000CDE900106846FDF70BFF022203A901A87E
:10772000FEF7E2FB0446002841D1039B4FF48C6036
:10773000149303F055FA0546002800F0EE80039BF1
:1077400000F5007214AE0199D8601A613046FFF757
:1077500037FB044640BB9DF89B3013F0A00F40F070
:10776000D880039B009F1A78042A68D11B6904AC57
:1077700003F1400C1868083353F8041C2246634593
:1077800003C21446F6D15022314628A8FAF7AEFFBC
:10779000394628A8FFF714FB044600284CD12A9A42
:1077A000169B9A4206D00824284603F029FA204660
:1077B0003DB0F0BD349A209B9A42F4D128A8FFF73F
:1077C0002FF904460028EFD1039B04AF1B6993F8FF
:1077D00001E093F823C09C8C3A46083303CAB242B6
:1077E00043F8080C43F8041C1746F5D1039B28A85E
:1077F0001B6983F801E0039B1A6982F823C01A69A8
:1078000082F82440240A82F825401A691379D9069F
:107810005CBF43F020031371FEF772FF044600289B
:10782000C2D13046FEF7A8FE04460028BCD103981A
:10783000FEF70EFB0446B7E70428B5D1BEE7239A4E
:1078400004AB02F1200C1068083252F8041C1C46EC
:10785000624503C42346F6D15022314628A8FAF7E0
:1078600045FF394628A8FFF7ABFA044600284CD15B
:107870002A9A169B9A4296D1349A209B9A4292D188
:1078800028A8FFF7CDF8044600288DD137990DF1CF
:107890001D030DF12D0001F10D0253F8044B83423D
:1078A00042F8044BF9D11888012710809B78937017
:1078B0009DF81B30039CDA0658BF43F02003CB72BF
:1078C000E770CB7ADB06ACD5169A2A9B9A42A8D0F1
:1078D0002078FFF76DFA01462046FDF7E9FD0146E5
:1078E000C8B12046FDF794FF044600287FF45CAF42
:1078F000039890F86D302E2B93D12A9A00F16C01E9
:10790000FDF7E2FD039BDF708BE704287FF44CAFAB
:10791000B6E7062448E7022446E7112447E70000BB
:107920007F2810B501D880B210BDB0F5803F13D2CA
:1079300040F2523399420FD10849002231F8024BEC
:1079400093B2844203D103F18000C0B2ECE701326C
:10795000802AF3D11346F6E70020E5E718D60008A1
:107960007F280DD940F25233994208D1FF2806D81A
:1079700000F10040034B803833F8100070470020BE
:10798000704700BF18D60008B0F5803FF0B522D28E
:107990001F4A83B21F49B0F5805F28BF0A46141DF5
:1079A00034F8042C2146AAB1934213D334F8025C74
:1079B0002E0AEFB252FA85F5A84222DA082E09D82B
:1079C000DFE806F0050A10121416181A1C00801AB7
:1079D00034F810301846F0BD981A00F001001B1A58
:1079E0009BB2F7E7103BFBE7203BF9E7303BF7E7BB
:1079F0001A3BF5E70833F3E7503BF1E7A3F5E35310
:107A0000EEE70434002ECBD101EB4702C7E700BFFD
:107A100068D300085CD50008F0B500F10B042346DC
:107A20000D46B1FBF2F102FB115707F13006392E7A
:107A3000C8BF07F13706954203F8016DF0D2421E28
:107A4000E11A13F8015B9C4202F8015FF9D1084486
:107A5000F0BD00002DE9F04F804687B015464FF08D
:107A600000090C4614F8013B002B3BD0252B08D015
:107A7000D8F800201946404609F10109D26890471C
:107A800049E14B782D2B06BF8C1C01230023019369
:107A900023782B2B06BF01340127002794F800A080
:107AA000BAF1300F0CBF01344FF0200A23782A2B93
:107AB0001CD16178023455F804BB2E2943D12178BA
:107AC00081B12A2921D0661C0020A1F13002344660
:107AD000D2B2092A1DD80A2316F8011B03FB002085
:107AE0000029F2D1484607B0BDE8F08F4FF0000BF7
:107AF00014F8011B0029F5D0A1F13002D2B2092AF5
:107B0000DBD80A2303FB0B2BF2E76178023455F82C
:107B1000040B01F0DF024C2A17D121780029E1D0B3
:107B2000782904F101041FD8622900F20081582944
:107B30001AD84E2900F23081442900F09180492959
:107B400000F08E8010E00020E3E7A1F141027829E7
:107B5000D2B209D862290BD8582905D84E293BD86A
:107B6000442978D0492976D02E468DF80C1056E05D
:107B7000A1F16306152EF7D80FF2040C5CF826F07D
:107B8000117C0008577C0008697B0008697B0008AD
:107B9000697B0008697B0008577C0008697B000846
:107BA000697B0008697B0008697B0008697B000825
:107BB000E77C0008D57D0008697B0008697B000828
:107BC000277C0008697B0008D17D0008697B0008DC
:107BD000697B0008D57D0008A1F14F02092AC3D8AE
:107BE00001A050F822F000BFE77C0008D57D000816
:107BF000697B0008697B0008697B0008697B0008D5
:107C0000D17D0008697B0008697B0008D57D0008EC
:107C10002E464FF0200A56F8042B8DF80C2003ADA9
:107C20000DF10D002BE02E4647F6FF726A4B56F819
:107C3000045B002808BF1046002D08BF1D462A46D9
:107C40002F18104612F8011B11B1B91A0029F8DAE1
:107C50004FF0200A13E02E46192A56F8041B02D8CA
:107C60002E4656F8041B002936DA2D2249428DF89B
:107C70000C200DF10D000A2203ADFFF7CDFE471BCE
:107C80000199ABEB070323EAE372002945D1002BEE
:107C9000C2F1000B1EDD29782D2901D02B290DD131
:107CA000BAF1300F0AD1D8F800304046019209F1FC
:107CB0000109DB68013F98470135019AD8F8003087
:107CC000514640460192DB6898471BF1010B019A2F
:107CD000F4D191443B4615E01FB12B228DF80C20C6
:107CE000C7E703A8C7E708222E4603A856F8041BD7
:107CF000C2E7D8F80020404615F8011BD26801936E
:107D00009047019B013BF4D5002FA8BFB9445D46C5
:107D10002DB9D94435462146A3E69346DAE7D8F88B
:107D2000003051464046013DDB689847F0E7A1F13D
:107D30006302152A3FF618AF01A353F822F000BFE3
:107D4000117C0008617C0008697B0008697B0008E1
:107D5000697B0008697B0008617C0008697B00087A
:107D6000697B0008697B0008697B0008697B000863
:107D7000E77C0008D57D0008697B0008697B000866
:107D8000277C0008697B0008D17D0008697B00081A
:107D9000697B0008D57D0008A1F14F02092A3FF652
:107DA000E3AE01A353F822F0E77C0008D57D00087C
:107DB000697B0008697B0008697B0008697B000813
:107DC000D17D0008697B0008697B0008D57D00082B
:107DD0000A2289E7102287E718D70008F0B5054680
:107DE00087B016461F460C4689B14A1E0023294615
:107DF00001A800F05FF83A46314601A8FFF72AFED5
:107E0000049BA3423CBF0022EA5407B0F0BD0A46DF
:107E1000ECE70000D0E902239A421FBF4268D15428
:107E2000C36801331ABFC36000206FF001007047C0
:107E3000D0E903239A421FBF4268D25C0133036139
:107E400014BF10466FF001007047000003692BB1AA
:107E5000013B426803610020D15470476FF001007C
:107E60007047000038B504460846D4E903315B1A70
:107E7000934228BF13461D4663682A461944FAF701
:107E800035FC236928462B44236138BD38B50446A8
:107E9000D0E902301B1A934228BF13461D4663687F
:107EA0002A461844FAF722FCE36828462B44E3608C
:107EB00038BD000010B5C0E90223034C0023C0E91F
:107EC0000041036110BD00BF20D7000808B5074B73
:107ED000074A196801F03D01996053680BB1906839
:107EE0009847BDE8084003F0D7B800BF0000024043
:107EF0006036002008B5084B1968890901F03D017A
:107F00008A019A60054AD3680BB110699847BDE8A9
:107F1000084003F0C1B800BF0000024060360020F6
:107F200008B5084B1968090C01F03D010A049A6074
:107F3000054A53690BB190699847BDE8084003F0C2
:107F4000ABB800BF000002406036002008B5084B07
:107F50001968890D01F03D018A059A60054AD369C7
:107F60000BB1106A9847BDE8084003F095B800BF10
:107F7000000002406036002008B5074B074A5968E8
:107F800001F03D01D960536A0BB1906A9847BDE892
:107F9000084003F081B800BF0000024060360020B6
:107FA00008B5084B5968890901F03D018A01DA607A
:107FB000054AD36A0BB1106B9847BDE8084003F03F
:107FC0006BB800BF000002406036002008B5084BC7
:107FD0005968090C01F03D010A04DA60054A536B47
:107FE0000BB1906B9847BDE8084003F055B800BF4F
:107FF000000002406036002008B5084B5968890D22
:1080000001F03D018A05DA60054AD36B0BB1106CB3
:108010009847BDE8084003F03FB800BF00000240A9
:108020006036002008B5074B074A196801F03D018A
:108030009960536C0BB1906C9847BDE8084003F011
:108040002BB800BF000402406036002008B5084B82
:108050001968890901F03D018A019A60054AD36CCB
:108060000BB1106D9847BDE8084003F015B800BF8C
:10807000000402406036002008B5084B1968090C5E
:1080800001F03D010A049A60054A536D0BB1906DF1
:108090009847BDE8084002F0FFBF00BF000402405F
:1080A0006036002008B5084B1968890D01F03D01C4
:1080B0008A059A60054AD36D0BB1106E9847BDE8EA
:1080C000084002F0E9BF00BF000402406036002013
:1080D00008B5074B074A596801F03D01D960536E56
:1080E0000BB1906E9847BDE8084002F0D5BF00BFC5
:1080F000000402406036002008B5084B5968890921
:1081000001F03D018A01DA60054AD36E0BB1106FB0
:108110009847BDE8084002F0BFBF00BF000402401E
:108120006036002008B5084B5968090C01F03D0184
:108130000A04DA60054A536F0BB1906F9847BDE8A7
:10814000084002F0A9BF00BF0004024060360020D2
:1081500008B5084B5968890D01F03D018A05DA60C0
:10816000054AD36F13B1D2F880009847BDE80840A4
:1081700002F092BF000402406036002000230C4948
:1081800010B51A460B4C0B6054F82300026001EB4B
:10819000430004334260402BF6D1074A4FF0FF33CF
:1081A0009360D360C2F80834C2F80C3410BD00BF2D
:1081B0006036002038D70008000002400F28F8B5CC
:1081C00010D9102810D0112811D0122808D10F244E
:1081D0000720DFF8C8E00126DEF80050A04208D9E9
:1081E000002653E00446F4E70F240020F1E70724BB
:1081F000FBE706FA00F73D424AD1264C4FEA001C45
:108200003D4304EB00160EEBC000CEF80050C0E971
:108210000123FBB273B12048D0F8D83043F00103FA
:10822000C0F8D830D0F8003143F00103C0F8003175
:10823000D0F8003117F47F4F0ED01748D0F8D8305F
:1082400043F00203C0F8D830D0F8003143F0020305
:10825000C0F80031D0F8003154F80C00036823F066
:108260001F030360056815F00105FBD104EB0C0347
:108270003D2493F80CC05F6804FA0CF43C602124A0
:108280000560446112B1987B00F0D8FC3046F8BD1F
:108290000130A3E738D700080044025860360020B8
:1082A00010B5302484F31188FFF788FF002383F38F
:1082B000118810BD10B50446807B00F0D5FC012369
:1082C0001549627B03FA02F20B6823EA0203DAB271
:1082D0000B6072B9114AD2F8D81021F00101C2F82E
:1082E000D810D2F8001121F00101C2F80011D2F823
:1082F000002113F47F4F0ED1084BD3F8D82022F081
:108300000202C3F8D820D3F8002122F00202C3F8F9
:108310000021D3F8003110BD60360020004402581F
:1083200008B5302383F31188FFF7C4FF002383F3DC
:10833000118808BD836CC26A8B42506810B506D99B
:108340005A1E4C0002EB4103B3FBF4F3184410BD7A
:1083500001F001038A0748BF43F002034A0748BF00
:1083600043F008030A0748BF43F00403CA0648BFA6
:1083700043F010038A06426B48BF43F020031343C7
:108380004363704710B5074C204600F0D9FF064BF9
:108390000022C4E91023054BA364054BE363054B9E
:1083A000E36410BDE43600200024024800B4C40495
:1083B0003837002038390020C36A0BB9104BC3622C
:1083C0000379012B11D10F4B98420ED10E4BD3F8EC
:1083D000DC2042F40072C3F8DC20D3F8042142F41C
:1083E0000072C3F80421D3F80431436C00221A65EB
:1083F000DA621A605A605A624FF0FF329A6370472D
:1084000038D80008E4360020004402580379012BD4
:1084100029D0436C00221A65DA621A605A605A62E7
:108420004FF0FF329A63104B98421CD10F4BD3F898
:10843000842042F40072C3F88420D3F8842022F40C
:108440000072C3F88420D3F88420D3F8DC2022F40F
:108450000072C3F8DC20D3F8042122F40072C3F8C0
:108460000421D3F804317047E43600200044025858
:1084700010B5446C0649FFF75DFF6060236842F267
:10848000107043F003032360BDE8104001F06EBD9F
:10849000801A06000129F8B5466C0B4F09D17568A2
:1084A0000A493D40FFF746FF054345F48055756096
:1084B000F8BD746806493C40FFF73CFF044344F4B0
:1084C00080547460F4E700BF00ECFFFF80F0FA0214
:1084D00040787D01436C00225A601A6070470000AA
:1084E000426C0129536823F4404304D0022905D08B
:1084F00001B95360704743F48043FAE743F4004303
:10850000F7E70000436C41F480519A60D9605A6BE0
:108510001206FCD580229A637047000010B541F422
:108520008851446CA260E160616B11F04502FBD0A0
:10853000A26311F0040203D0FFF70AFF012010BD6F
:10854000616910461960FAE710B541F48851446C2E
:10855000A260E160616B11F04502FBD0A26311F0F3
:10856000050203D0FFF7F4FE012010BD616910463B
:108570001960FAE773B5134604460E46302282F3BB
:108580001188426CD26B32B14FF0FF314030019311
:1085900001F0F8FC019B606C00220265C263C262BC
:1085A000456B15F4807504D185F31188012002B064
:1085B00070BD4FF0FF31816382F31188012E06D91F
:1085C0000C21204602B0BDE87040FFF7BDBF104649
:1085D000EDE7000073B5446C0E4600250192616B17
:1085E000A1632565E562FFF7B3FE012E07D9019B64
:1085F0002A460C2102B0BDE87040FFF7A5BF02B0CB
:1086000070BD000010B541F49851446CA260E16067
:10861000616B11F04502FBD0A26311F03F0203D061
:10862000FFF796FE012010BD216A10461960E1692E
:108630005960A16999606169D960F4E72DE9F74350
:1086400004460191006D01A91746984602F03EFCD0
:10865000064600284AD0626C2046DDF80490556832
:10866000C5F3090501356B00A56CB5FBF3F54FF4B7
:108670007A73B5FBF3F55D43556200F027FE50BBFE
:10868000636C4FF0FF3201254146C3F858902046F5
:108690001D659A634FF49572DA6342F207029F6296
:1086A000DA62E36C0A9AFFF74FFFA0B9E26C104B55
:1086B00011680B407BB929462046FFF75BFF054652
:1086C00048B92E463A460199206D02F037FC3046F3
:1086D00003B0BDE8F083E26C20460121FFF77AFF8A
:1086E0003A460199206D02F029FCF0E70126EEE7F9
:1086F00008E0FFFD2DE9F7431F46436C01924FF45C
:108700007A725D6804468846C5F3090501356E0036
:10871000856CB5FBF6F5B5FBF2F555435D6200F0EF
:10872000D5FD20B10125284603B0BDE8F0837E02C7
:1087300001A9206D324602F0C9FB05460028F1D0A0
:10874000636C019AD4F84C909A6501221A654FF037
:10875000FF329A634FF49572DA639E62236BDB06F5
:108760004B4658BF4FEA4828012F42461BD91221D9
:108770002046FFF7E9FEC0B9D9F80020104B13409E
:108780009BB9636C42F2930239462046DA62E26C8E
:10879000FFF7F0FE804640B932460199206D45460C
:1087A00002F0CCFBBFE71121E2E7E26C394620463C
:1087B000FFF710FF32460199206D02F0BFFBB2E7D0
:1087C00008E0FFFD2DE9F3411F46436C01924FF491
:1087D0007A725D6804468846C5F3090501356E0066
:1087E000856CB5FBF6F5B5FBF2F555435D6200F01F
:1087F0006DFD20B10125284602B0BDE8F0817E0262
:1088000001A9206D324602F0B1FB05460028F1D0E7
:10881000636C019A9A6501221A654FF0FF329A63E0
:108820004FF48D72DA639E62236BE66CDB0633468F
:1088300058BF4FEA4828012F424619D9192120462E
:10884000FFF782FEB0B932680F4B134093B9636CE7
:1088500042F2910239462046DA62E26CFFF78AFE64
:10886000064638B901993546206D02F0BBFBC2E7D8
:108870001821E4E739462046E26CFFF7ABFE019988
:10888000206D02F0AFFBB6E708E0FFFD12F0030F2A
:108890002DE9F04107460C4615461E4617D00E44FA
:1088A000B44202D10020BDE8F0810123FA6B2146D9
:1088B0003846FFF71FFF0028F5D128464FF4007215
:1088C000F96B05F500750134F9F710FFE8E7BDE82D
:1088D000F041FFF70FBF000012F0030F2DE9F04148
:1088E00007460C4615461E4617D00E44B44202D128
:1088F0000020BDE8F08129464FF40072F86B05F5C1
:108900000075F9F7F3FE0123FA6B21463846FFF7AD
:1089100059FF0028EDD10134E8E7BDE8F041FFF749
:1089200051BF000000207047302310B583F3118839
:108930000024436C40302146DC6301F031FB84F3BA
:10894000118810BD026843681143016003B11847E4
:1089500070470000024A136843F0C0031360704779
:1089600000480040024A136843F0C0031360704798
:1089700000500040024A136843F0C0031360704780
:1089800000780040064BD3F8E8200243C3F8E82003
:10899000D3F810211043C3F81001D3F810317047F9
:1089A0000044025837B5274C274D204600F028FDDB
:1089B00004F11400009400234FF40072234900F0E6
:1089C000C3F94FF40072224904F138000094214B9E
:1089D00000F03CFA204BC4E91735204C204600F04B
:1089E0000FFD04F11400009400234FF400721C49A1
:1089F00000F0AAF94FF400721A4904F1380000940B
:108A0000194B00F023FA194BC4E91735184C2046CE
:108A100000F0F6FC04F1140000234FF40072154935
:108A2000009400F091F9144B4FF40072134904F1D3
:108A30003800009400F00AFA114BC4E9173503B06E
:108A400030BD00BF3C39002000E1F505803A002030
:108A5000804000205589000800480040A8390020C7
:108A6000803C0020804200206589000800500040C2
:108A7000143A0020803E00207589000880440020C0
:108A80000078004038B5264D0446037C002918BF05
:108A90000D46012B06D1234B984230D14FF4802054
:108AA000FFF770FF2A68236EE16D03EB5203A566A2
:108AB000B3FBF2F36A68100442BF23F0070003F02F
:108AC000070343EA4003CB60AB6843F040034B60CD
:108AD000EB6843F001038B6042F4967343F00103AB
:108AE0000B604FF0FF330B62510505D512F01022D9
:108AF00011D0B2F1805F10D084F8643038BD0A4BD9
:108B0000984205D0094B9842CCD14FF08040C7E73E
:108B10004FF48010C4E77F23EEE73F23ECE700BF6C
:108B200040D800083C390020A8390020143A002021
:108B30002DE9F047C66D05463768F46921073462B0
:108B40001AD014F0080118BF4FF48071E20748BF33
:108B500041F02001A3074FF0300348BF41F040012E
:108B6000600748BF41F0800183F31188281DFFF79B
:108B7000E9FE002383F31188E2050AD5302383F34D
:108B800011884FF48061281DFFF7DCFE002383F37A
:108B900011884FF030094FF0000A14F0200838D146
:108BA0003B0616D54FF0300905F1380A200610D5DE
:108BB00089F31188504600F07DF9002836DA082143
:108BC000281DFFF7BFFE27F080033360002383F3E7
:108BD0001188790614D5620612D5302383F31188E3
:108BE000D5E913239A4208D12B6C33B127F0400703
:108BF0001021281DFFF7A6FE3760002383F311889C
:108C0000E30618D5AA6E1369ABB15069BDE8F04709
:108C1000184789F31188736A284695F8641019403B
:108C200000F008FC8AF31188F469B6E7B06288F3B3
:108C30001188F469BAE7BDE8F0870000090100F186
:108C40006043012203F56143C9B283F8001300F0C9
:108C50001F039A4043099B0003F1604303F56143FE
:108C6000C3F880211A60704700F01F0301229A4068
:108C7000430900F160409B0000F5614003F160434F
:108C800003F56143C3F88020C3F88021002380F8F6
:108C900000337047F8B51546826804460B46AA4271
:108CA00000D28568A1692669761AB5420BD21846AA
:108CB0002A46F9F71BFDA3692B44A3612846A36844
:108CC0005B1BA360F8BD0CD9AF1B18463246F9F701
:108CD0000DFD3A46E1683044F9F708FDE3683B448E
:108CE000EBE718462A46F9F701FDE368E5E70000DF
:108CF00083689342F7B50446154600D28568D4E9E7
:108D00000460361AB5420BD22A46F9F7EFFC6369C4
:108D10002B4463612846A3685B1BA36003B0F0BDCE
:108D20000DD93246AF1B0191F9F7E0FC01993A46A3
:108D3000E0683144F9F7DAFCE3683B44E9E72A46A6
:108D4000F9F7D4FCE368E4E710B50A440024C361F2
:108D5000029B8460C16002610362C0E90000C0E957
:108D6000051110BD08B5D0E90532934201D18268E2
:108D700082B98268013282605A1C426119700021F6
:108D8000D0E904329A4224BFC368436101F022F95A
:108D9000002008BD4FF0FF30FBE7000070B5302326
:108DA00004460E4683F31188A568A5B1A368A2699D
:108DB000013BA360531CA36115782269934224BF31
:108DC000E368A361E3690BB120469847002383F36E
:108DD0001188284607E03146204601F0EBF80028CC
:108DE000E2DA85F3118870BD2DE9F74F04460E468F
:108DF00017469846D0F81C904FF0300A8AF3118835
:108E00004FF0000B154665B12A4631462046FFF764
:108E100041FF034660B94146204601F0CBF80028E7
:108E2000F1D0002383F31188781B03B0BDE8F08FE5
:108E3000B9F1000F03D001902046C847019B8BF386
:108E40001188ED1A1E448AF31188DCE7C160C36102
:108E5000009B82600362C0E905111144C0E9000073
:108E600001617047F8B504460D461646302383F37A
:108E70001188A768A7B1A368013BA36063695A1C66
:108E800062611D70D4E904329A4224BFE3686361D1
:108E9000E3690BB120469847002080F3118807E072
:108EA0003146204601F086F80028E2DA87F311887F
:108EB000F8BD0000D0E9052310B59A4201D18268BF
:108EC0007AB982680021013282605A1C82611C7862
:108ED00003699A4224BFC368836101F07BF820468E
:108EE00010BD4FF0FF30FBE72DE9F74F04460E466B
:108EF00017469846D0F81C904FF0300A8AF3118834
:108F00004FF0000B154665B12A4631462046FFF763
:108F1000EFFE034660B94146204601F04BF80028B9
:108F2000F1D0002383F31188781B03B0BDE8F08FE4
:108F3000B9F1000F03D001902046C847019B8BF385
:108F40001188ED1A1E448AF31188DCE70379052B9A
:108F500005BF836A002001204B6004BF4FF40073FB
:108F60000B60704770B55D1E866A04460D44B542BD
:108F700005D9436B43F080034363012070BD062590
:108F80000571FFF783FC05232371F7E770B55D1EBC
:108F9000866A04460D44B54205D9436B43F080030D
:108FA0004363012070BD07250571FFF795FC05237C
:108FB0002371F7E738B505790446052D05D1082357
:108FC0000371FFF7AFFC257138BD0120FCE70000FD
:108FD0000323F0B5037185B00446FFF749FA002278
:108FE00020461146FFF78EFA4FF4D57203AB0821E5
:108FF0002046FFF7A9FA0246B8B901232363039B71
:10900000C3F30323012B09D103AB37212046FFF71C
:109010009BFA18B9A44B039A1340ABB12046012523
:10902000FFF758FA0223237137E103AB00223721FF
:109030002046FFF789FA28B99B4A039B1A40002A69
:1090400000F0A78002232363236B03F00F03022B9E
:1090500040F0A9806425954E42F2107000F086FF22
:1090600003AB324601212046FFF758FA0028D5D13C
:10907000039B002B80F293805A0003D5236B43F0AF
:1090800010032363002204F1080302212046FFF7A6
:10909000B9FA02460028C1D104F138030321204661
:1090A000FFF752FA0028B9D104F11805A26B092183
:1090B00020462B46FFF7A6FA0028AFD102ABA26BE1
:1090C00007212046FFF740FA06460028A6D1236B69
:1090D00003F00F03022B40F08F807E227F21284671
:1090E00003F052F9012840F28780E76B42F21070DA
:1090F00000F03CFF08234FF40072394620460096EA
:10910000FFF79CFA002889D1384603F08BF9236BCE
:10911000A06203F00F03022B72D103AB644A062155
:109120002046FFF711FA002871D15F49039B1940CF
:10913000B1FA81F149092046FFF7ACF902AB4FF4CF
:10914000007210212046FFF7FFF9054600287FF442
:1091500065AF554E029B33427FF460AF236B13F033
:109160000E0F03F00F0273D0022A7FF457AFE36AA9
:109170001978012900F09480022900F093800029D9
:1091800000F089804B4F2046FFF7AAF903AB3A461F
:1091900076E0114620462263FFF7B4F954E7013D1B
:1091A0007FF45AAF3AE7444D6426444A3E4F012BC0
:1091B00018BF154603AB002237212046FFF7C4F93C
:1091C00000287FF42BAF039B3B427FF427AF03AB18
:1091D0002A4629212046FFF7A1F900287FF41EAF77
:1091E000039B002BFFF648AF013E3FF417AF42F25E
:1091F000107000F0BBFEDDE7284603F0E7F886E7D5
:109200007E227F212846E66B03F0BEF808B90021D4
:1092100091E7002340223146204600930623FFF7C2
:109220000DFA0028F3D1B3895BBA9B07EFD5244B25
:1092300040223146204600930623FFF7FFF900281D
:10924000E5D1317C01F00F010F3918BF012172E720
:10925000E36A1978F9B101297FF4E0AE2046FFF7FF
:109260003FF903ABA26B37212046FFF76DF90028C9
:109270007FF4D4AE039B33427FF4D0AE03AB022223
:1092800006212046FFF760F900287FF4C7AE039B54
:1092900033427FF4C3AE05232371284605B0F0BDE9
:1092A000084F70E7084F6EE708E0FFFD0080FFC041
:1092B0000001B9030000B7030080FF5000001080D8
:1092C000F1FFFF800001B7030002B70337B5044682
:1092D0000C4D01ABA26B0D212046FFF735F978B993
:1092E000019B2B420BD1C3F34323042B08D0053B36
:1092F000022B04D84FF47A7000F038FEE9E7012021
:1093000003B030BD08E0FFFD70B53023054683F3A0
:10931000118803790024022B03D184F3118820469D
:1093200070BD0423037184F311880226FFF7CEFF7A
:1093300004462846FFF7CEF82E71F0E7FFF722B873
:10934000044B03600123037100234363C0E90A3324
:10935000704700BF58D8000810B53023044683F387
:109360001188C162FFF728F802230020237180F3DF
:10937000118810BD10B53023044683F31188FFF720
:1093800045F800230122E362227183F3118810BDA6
:10939000026843681143016003B118477047000039
:1093A0001430FFF721BD00004FF0FF331430FFF7FA
:1093B0001BBD00003830FFF797BD00004FF0FF33B2
:1093C0003830FFF791BD00001430FFF7E7BC000014
:1093D0004FF0FF311430FFF7E1BC00003830FFF7E9
:1093E00041BD00004FF0FF323830FFF73BBD0000B9
:1093F000012914BF6FF0130000207047FFF7D2BAA5
:10940000044B036000234360C0E90233012303746B
:10941000704700BF7CD8000810B53023044683F3A2
:109420001188FFF72FFB02230020237480F311889B
:1094300010BD000038B5C36904460D461BB90421B0
:109440000844FFF7A5FF294604F11400FFF78AFC42
:10945000002806DA201D4FF40061BDE83840FFF710
:1094600097BF38BD026843681143016003B11847D4
:109470007047000013B5406B00F58054D4F8A43851
:109480001A681178042914D1017C022911D11979A3
:10949000012312898B4013420BD101A94C3002F0F9
:1094A000A1FED4F8A4480246019B2179206800F06F
:1094B000DFF902B010BD0000143002F023BE00003E
:1094C0004FF0FF33143002F01DBE00004C3002F0AC
:1094D000F5BE00004FF0FF334C3002F0EFBE00004D
:1094E000143002F0F1BD00004FF0FF31143002F0F3
:1094F000EBBD00004C3002F0C1BE00004FF0FF3267
:109500004C3002F0BBBE00000020704710B500F5E3
:109510008054D4F8A4381A681178042917D1017C32
:10952000022914D15979012352898B4013420ED15B
:10953000143002F083FD024648B1D4F8A4484FF439
:10954000407361792068BDE8104000F07FB910BD1C
:10955000406BFFF7DBBF0000704700007FB5124B88
:1095600001250426044603600023057400F18402EB
:1095700043602946C0E902330C4B0290143001933A
:109580004FF44073009602F035FD094B04F6944207
:10959000294604F14C000294CDE900634FF4407376
:1095A00002F0FCFD04B070BDA4D80008519500087D
:1095B000759400080A68302383F311880B790B3304
:1095C00042F823004B79133342F823008B7913B10F
:1095D0000B3342F8230000F58053C3F8A41802238C
:1095E0000374002080F311887047000038B5037FB2
:1095F000044613B190F85430ABB90125201D022167
:10960000FFF730FF04F114006FF00101257700F03F
:10961000EDFC04F14C0084F854506FF00101BDE8FA
:10962000384000F0E3BC38BD10B5012104460430D9
:10963000FFF718FF0023237784F8543010BD000093
:1096400038B504460025143002F0ECFC04F14C005F
:10965000257702F0BBFD201D84F854500121FFF74F
:1096600001FF2046BDE83840FFF750BF90F880303A
:1096700003F06003202B06D190F881200023212ADB
:1096800003D81F2A06D800207047222AFBD1C0E940
:109690001D3303E0034A426707228267C367012044
:1096A000704700BF4422002037B500F58055D5F83B
:1096B000A4381A68117804291AD1017C022917D11B
:1096C0001979012312898B40134211D100F14C0406
:1096D000204602F03BFE58B101A9204602F082FD6F
:1096E000D5F8A4480246019B2179206800F0C0F813
:1096F00003B030BD01F10B03F0B550F8236085B025
:1097000004460D46FEB1302383F3118804EB850730
:10971000301D0821FFF7A6FEFB6806F14C005B69CF
:109720001B681BB1019002F06BFD019803A902F0C8
:1097300059FD024648B1039B2946204600F098F89F
:10974000002383F3118805B0F0BDFB685A691268E5
:10975000002AF5D01B8A013B1340F1D104F18002AD
:10976000EAE70000133138B550F82140ECB130235E
:1097700083F3118804F58053D3F8A4281368527931
:1097800003EB8203DB689B695D6845B104216018C7
:10979000FFF768FE294604F1140002F059FC204648
:1097A000FFF7B4FE002383F3118838BD7047000033
:1097B00001F070BD01234022002110B5044600F8DD
:1097C000303BF8F7B9FF0023C4E9013310BD0000B6
:1097D00010B53023044683F3118824224160002110
:1097E0000C30F8F7A9FF204601F076FD0223002097
:1097F000237080F3118810BD70B500EB810305461E
:1098000050690E461446DA6018B110220021F8F7AC
:1098100093FFA06918B110220021F8F78DFF31469F
:109820002846BDE8704001F05DBE0000836820223C
:10983000002103F0011310B5044683601030F8F7DF
:109840007BFF2046BDE8104001F0D8BEF0B40125F2
:1098500000EB810447898D40E4683D43A46945815C
:1098600023600023A2606360F0BC01F0F5BE00003D
:10987000F0B4012500EB810407898D40E4683D4385
:109880006469058123600023A2606360F0BC01F07D
:109890006BBF000070B5022300250446242203702C
:1098A0002946C0F888500C3040F8045CF8F744FFB3
:1098B000204684F8705001F0A9FD63681B6823B14D
:1098C00029462046BDE87040184770BD0378052B37
:1098D00010B504460AD080F88C3005230370436825
:1098E0001B680BB1042198470023A36010BD000042
:1098F0000178052906D190F88C20436802701B6816
:1099000003B118477047000070B590F870300446F6
:1099100013B1002380F8703004F18002204601F07A
:1099200091FE63689B68B3B994F8803013F06005CA
:1099300035D00021204602F083F90021204602F0B4
:1099400073F963681B6813B1062120469847062304
:1099500084F8703070BD204698470028E4D0B4F8F1
:109960008630A26F9A4288BFA36794F98030A56FB2
:10997000002B4FF0300380F20381002D00F0F280C5
:10998000092284F8702083F3118800212046D4E94D
:109990001D23FFF76DFF002383F31188DAE794F8A6
:1099A000812003F07F0343EA022340F20232934214
:1099B00000F0C58021D8B3F5807F48D00DD8012BA9
:1099C0003FD0022B00F09380002BB2D104F188022B
:1099D00062670222A267E367C1E7B3F5817F00F007
:1099E0009B80B3F5407FA4D194F88230012BA0D1A5
:1099F000B4F8883043F0020332E0B3F5006F4DD085
:109A000017D8B3F5A06F31D0A3F5C063012B90D860
:109A10006368204694F882205E6894F88310B4F856
:109A20008430B047002884D0436863670368A36725
:109A30001AE0B3F5106F36D040F6024293427FF43D
:109A400078AF5C4B63670223A3670023C3E794F8F6
:109A50008230012B7FF46DAFB4F8883023F002031D
:109A6000A4F88830C4E91D55E56778E7B4F880307C
:109A7000B3F5A06F0ED194F88230204684F88A3076
:109A800001F022FD63681B6813B10121204698474D
:109A9000032323700023C4E91D339CE704F18B03E7
:109AA00063670123C3E72378042B10D1302383F3AA
:109AB00011882046FFF7BAFE85F3118803216368F9
:109AC00084F88B5021701B680BB12046984794F89E
:109AD0008230002BDED084F88B300423237063683F
:109AE0001B68002BD6D0022120469847D2E794F875
:109AF000843020461D0603F00F010AD501F094FDC5
:109B0000012804D002287FF414AF2B4B9AE72B4B8B
:109B100098E701F07BFDF3E794F88230002B7FF4A7
:109B200008AF94F8843013F00F01B3D01A06204622
:109B300002D502F09DF8ADE702F08EF8AAE794F89E
:109B40008230002B7FF4F5AE94F8843013F00F01CF
:109B5000A0D01B06204602D502F072F89AE702F068
:109B600063F897E7142284F8702083F311882B465A
:109B70002A4629462046FFF769FE85F31188E9E663
:109B80005DB1152284F8702083F3118800212046EE
:109B9000D4E91D23FFF75AFEFDE60B2284F870205E
:109BA00083F311882B462A4629462046FFF760FE9C
:109BB000E3E700BFD4D80008CCD80008D0D800080C
:109BC00038B590F870300446002B3ED0063BDAB230
:109BD0000F2A34D80F2B32D8DFE803F037313108A1
:109BE000223231313131313131313737856FB0F88F
:109BF00086309D4214D2C3681B8AB5FBF3F203FB87
:109C000012556DB9302383F311882B462A46294615
:109C1000FFF72EFE85F311880A2384F870300EE0DA
:109C2000142384F87030302383F3118800232046F6
:109C30001A461946FFF70AFE002383F3118838BD40
:109C4000C36F03B198470023E7E70021204601F0E6
:109C5000F7FF0021204601F0E7FF63681B6813B19E
:109C60000621204698470623D7E7000010B590F854
:109C700070300446142B29D017D8062B05D001D8F4
:109C80001BB110BD093B022BFBD80021204601F07F
:109C9000D7FF0021204601F0C7FF63681B6813B19E
:109CA000062120469847062319E0152BE9D10B23FE
:109CB00080F87030302383F3118800231A46194648
:109CC000FFF7D6FD002383F31188DAE7C3689B69A9
:109CD0005B68002BD5D1C36F03B19847002384F88C
:109CE0007030CEE70023826880F8243083691B68D7
:109CF00099689142FBD25A680360426010605860D4
:109D0000704700000023826880F8243083691B6854
:109D100099689142FBD85A680360426010605860AD
:109D20007047000008B50846302383F3118891F886
:109D30002430032B05D0042B0DD02BB983F31188CD
:109D400008BD8B6A00221A604FF0FF338362FFF771
:109D5000C9FF0023F2E7D1E9003213605A60F3E74C
:109D6000034610B51B68984203D09C688A689442E9
:109D7000F8D25A680B604A601160596010BD00004B
:109D8000FFF7B0BF38B50B4B1C68DD6885F82400C1
:109D9000226853601A600122DC60A36884F82420E2
:109DA000934201D101F03CF929462046BDE83840F4
:109DB000F6F7F4BB804600200C4B30B5DD684B1C39
:109DC00087B004460FD02B46094A684600F0A2F936
:109DD0002046FFF7D7FF009B13B1684600F0A4F9B7
:109DE000A86A07B030BDFFF7CDFFF9E78046002035
:109DF000259D0008044B1A68DB6890689B689842B0
:109E000094BF0020012070478046002038B50C4BDD
:109E10001C68DD68226853601A600122DC6084F8E7
:109E20002420AB68934201D101F0FCF82846FFF7EB
:109E300069FF01462046BDE83840F6F7AFBB00BFDA
:109E400080460020044B1A68DB6892689B689A423F
:109E500001D9FFF7DBBF70478046002038B50123EA
:109E6000084C00252370656002F00AFB02F030FB0D
:109E70000549064802F006FC0223237085F3118889
:109E800038BD00BF28490020DCD8000880460020EB
:109E900000F080B9034A516853685B1A9842FBD8B6
:109EA000704700BF001000E08B604B630023CA6165
:109EB00000F128020B6302230A618B84012388616D
:109EC00081F8263001F11003C26A4A611360C3624F
:109ED00001F12C030846CB6270470000D0E9013144
:109EE000026841F8183CA1F19C033839CB60036942
:109EF00041F8243C436941F8203C034B41F8043CC1
:109F0000C3680248FFF7D0BFB505000880460020AF
:109F100008B5FFF7E3FFBDE80840FFF731BF0000D9
:109F200038B50E4BDC6804F12C05A062E06AA8424B
:109F30000FD194F826303BB994F825309B0702BF27
:109F4000D4E9043213605A600F20BDE83840FFF7AF
:109F500019BF0368E362FFF713FFE7E780460020BD
:109F6000302383F31188FFF7DBBF000008B50146FB
:109F7000302383F311880820FFF71EFF002383F3AB
:109F8000118808BD054BDB6821B10360986203208E
:109F9000FFF712BF4FF0FF30704700BF8046002030
:109FA00003682BB10022026018469962FFF7E8BEF1
:109FB00070470000064BDB6839B1426818605A6090
:109FC000136043600420FFF7F7BE4FF0FF30704787
:109FD000804600200368984206D01A6802605060EC
:109FE00018469962FFF7CCBE7047000038B50446AA
:109FF0000D462068844200D138BD036823605C6050
:10A000008562FFF7BDFEF4E7036810B59C68A242C5
:10A010000CD85C688A600B604C602160596099685C
:10A020008A1A9A604FF0FF33836010BD121B1B68C1
:10A03000ECE700000A2938BF0A2170B504460D4636
:10A040000A26601902F016FA02F0FEF9041BA54276
:10A0500003D8751C04462E46F3E70A2E04D90120C6
:10A06000BDE8704002F0D6BB70BD0000F8B5144BDF
:10A070000D460A2A4FF00A07D96103F110018260E8
:10A0800038BF0A22416019691446016048601861AE
:10A09000A81802F0DFF902F0D7F9431B0646A342E5
:10A0A00006D37C1C28192746354602F0E3F9F2E76F
:10A0B0000A2F04D90120BDE8F84002F0ABBBF8BD7F
:10A0C00080460020F8B506460D4602F0BDF90F4A5D
:10A0D000134653F8107F9F4206D12A460146304668
:10A0E000BDE8F840FFF7C2BFD169BB68441A2C191C
:10A0F00028BF2C46A34202D92946FFF79BFF2246E0
:10A1000031460348BDE8F840FFF77EBF8046002097
:10A1100090460020C0E90323002310B45DF8044BEF
:10A120004361FFF7CFBF000010B5194C2369984277
:10A130000DD08168D0E9003213605A609A680A44F1
:10A140009A60002303604FF0FF33A36110BD0268E3
:10A15000234643F8102F53600022026022699A427E
:10A1600003D1BDE8104002F07FB9936881680B44C9
:10A17000936002F069F92269E1699268441AA24287
:10A18000E4D91144BDE81040091AFFF753BF00BFDE
:10A19000804600202DE9F047DFF8BC8008F1100769
:10A1A0002C4ED8F8105002F04FF9D8F81C40AA688D
:10A1B000031B9A423ED814444FF00009D5E90032FF
:10A1C000C8F81C4013605A60C5F80090D8F81030E9
:10A1D000B34201D102F048F989F31188D5E903317E
:10A1E00028469847302383F311886B69002BD8D019
:10A1F00002F02AF96A69A0EB040982464A450DD2A9
:10A20000022002F007FB0022D8F81030B34208D138
:10A2100051462846BDE8F047FFF728BF121A2244EE
:10A22000F2E712EB09092946384638BF4A46FFF7DC
:10A23000EBFEB5E7D8F81030B34208D01444C8F8A4
:10A240001C00211AA960BDE8F047FFF7F3BEBDE886
:10A25000F08700BF904600208046002038B502F00D
:10A26000F3F8054AD2E90845031B181945F1000126
:10A27000C2E9080138BD00BF8046002010B560B9B2
:10A28000074804790368053C9B6818BF0124984778
:10A2900008B144F00404204610BD0124FBE700BFD0
:10A2A000E4360020FFF7EABF2DE9F047884617465D
:10A2B0009A460446B0B90D4E3579052D05D00324D4
:10A2C0000DE0013D15F0FF050ED0326853463946CA
:10A2D0003046D2F814904246C8470028F1D12046B3
:10A2E000BDE8F0870424FAE70124F8E7E43600200B
:10A2F0002DE9F047884617469A460446B0B90D4EF8
:10A300003579052D05D003240DE0013D15F0FF053D
:10A310000ED03268534639463046D2F8189042463D
:10A32000C8470028F1D12046BDE8F0870424FAE7A9
:10A330000124F8E7E436002037B50C46154670B91D
:10A3400051B101290BD10748694603681B6A984738
:10A3500010B9019B04462B60204603B030BD042495
:10A36000FAE700BFE436002000207047FEE7000057
:10A37000704700004FF0FF30704700004B684360AB
:10A380008B688360CB68C3600B6943614B69036270
:10A390008B6943620B6803607047000008B53C4B53
:10A3A00040F2FF713B48D3F888200A43C3F8882065
:10A3B000D3F8882022F4FF6222F00702C3F8882035
:10A3C000D3F88820D3F8E0200A43C3F8E020D3F87C
:10A3D00008210A43C3F808212F4AD3F8083111464F
:10A3E000FFF7CCFF00F5806002F11C01FFF7C6FF0C
:10A3F00000F5806002F13801FFF7C0FF00F58060D2
:10A4000002F15401FFF7BAFF00F5806002F170011C
:10A41000FFF7B4FF00F5806002F18C01FFF7AEFF9B
:10A4200000F5806002F1A801FFF7A8FF00F5806049
:10A4300002F1C401FFF7A2FF00F5806002F1E00124
:10A44000FFF79CFF00F5806002F1FC01FFF796FF2B
:10A4500002F58C7100F58060FFF790FF01F0A0FC21
:10A460000E4BD3F8902242F00102C3F89022D3F8A9
:10A47000942242F00102C3F894220522C3F89820E6
:10A480004FF06052C3F89C20054AC3F8A02008BDD5
:10A490000044025800000258F0D8000800ED00E027
:10A4A0001F00080308B501F091FDFFF7D7FC104B22
:10A4B000D3F8DC2042F04002C3F8DC20D3F80421BA
:10A4C00022F04002C3F80421D3F80431094B1A6882
:10A4D00042F008021A601A6842F004021A6000F0A2
:10A4E00089FD00F041FBBDE8084000F0B5B800BFB1
:10A4F00000440258001802480120704700207047AD
:10A500007047000002290CD0032904D00129074814
:10A5100018BF00207047032A05D8054800EBC20089
:10A520007047044870470020704700BFF8DA000801
:10A5300054220020ACDA000870B59AB005460846EF
:10A54000144601A900F0C2F801A8F8F7EDF8431C81
:10A550000022C6B25B001046C5E900342370032315
:10A56000023404F8013C01ABD1B202348E4201D86E
:10A570001AB070BD13F8011B013204F8010C04F885
:10A58000021CF1E708B5302383F311880348FFF775
:10A590008BF8002383F3118808BD00BF30490020E9
:10A5A00090F8803003F01F02012A07D190F8812033
:10A5B0000B2A03D10023C0E91D3315E003F060032B
:10A5C000202B08D1B0F884302BB990F88120212AB3
:10A5D00003D81F2A04D8FFF749B8222AEBD0FAE79C
:10A5E000034A426707228267C3670120704700BFA2
:10A5F0004B22002007B5052917D8DFE801F019160E
:10A6000003191920302383F31188104A0121019086
:10A61000FFF7F2F8019802210D4AFFF7EDF80D4817
:10A62000FFF70EF8002383F3118803B05DF804FBF5
:10A63000302383F311880748FEF7D8FFF2E7302371
:10A6400083F311880348FEF7EFFFEBE74CDA0008CD
:10A6500070DA00083049002038B50C4D0C4C2A4601
:10A660000C4904F10800FFF767FF05F1CA0204F185
:10A6700010000949FFF760FF05F5CA7204F11800E0
:10A680000649BDE83840FFF757BF00BF0862002009
:10A690005422002024DA00082CDA000842DA0008EC
:10A6A00070B5044608460D46F8F73EF8C6B2204697
:10A6B000013403780BB9184670BD32462946F8F7C5
:10A6C0001FF80028F3D10120F6E700002DE9F84F2C
:10A6D00005460C46F8F728F82C49C6B22846FFF77D
:10A6E000DFFF08B10236F6B229492846FFF7D8FF46
:10A6F00008B11036F6B2632E0DD8DFF89080DFF87F
:10A700009090244FDFF894A0DFF894B02E7846B9EB
:10A710002670BDE8F88F29462046BDE8F84FF6F7C9
:10A72000BFBB252E2ED1072241462846F7F7E8FF6A
:10A7300070B9DBF800300735093444F8093CDBF820
:10A74000043044F8053C9BF8083004F8013CDDE790
:10A75000082249462846F7F7D3FF98B9A21C0E4BAA
:10A76000197802320909C95D02F8041C13F8011BAB
:10A7700001F00F015345C95D02F8031CF0D11834F4
:10A780000835C3E7013504F8016BBFE718DB0008A3
:10A7900042DA00082ADB000800E8F11F0CE8F11F8C
:10A7A00020DB0008BFF34F8F044B1A695107FCD11F
:10A7B000D3F810215207F8D1704700BF0020005293
:10A7C00008B50D4B1B78ABB9FFF7ECFF0B4BDA6804
:10A7D000D10704D50A4A5A6002F188325A60D3F888
:10A7E0000C21D20706D5064AC3F8042102F18832AB
:10A7F000C3F8042108BD00BF666400200020005299
:10A800002301674508B5114B1B78F3B9104B1A6942
:10A81000510703D5DA6842F04002DA60D3F810211C
:10A82000520705D5D3F80C2142F04002C3F80C21A1
:10A83000FFF7B8FF064BDA6842F00102DA60D3F89E
:10A840000C2142F00102C3F80C2108BD666400200F
:10A85000002000520F289ABF00F5806040040020BD
:10A86000704700004FF40030704700001020704720
:10A870000F2808B50BD8FFF7EDFF00F5003302688D
:10A88000013204D104308342F9D1012008BD0020F7
:10A89000FCE700000F2838B505463FD8FFF782FFD8
:10A8A0001F4CFFF78DFF4FF0FF3307286361C4F89B
:10A8B00014311DD82361FFF775FF030243F0240311
:10A8C000E360E36843F08003E36023695A07FCD444
:10A8D0002846FFF767FFFFF7BDFF4FF4003100F098
:10A8E000B9FA2846FFF78EFFBDE83840FFF7C0BF32
:10A8F000C4F81031FFF756FFA0F108031B0243F024
:10A900002403C4F80C31D4F80C3143F08003C4F8AC
:10A910000C31D4F810315B07FBD4D9E7002038BDE7
:10A92000002000522DE9F84F04460D46104644EA37
:10A930000203DE0602D00020BDE8F88F20F01F00E1
:10A94000DFF8D4B0DFF8D4A0FFF73AFF05EB00083A
:10A95000454503D10120FFF755FFEDE720222946A9
:10A960002046F5F7B7FF10B920342035F0E723462D
:10A9700004F120021F68791CDDD104339342F9D120
:10A9800004F178432048214EB3F5801F204B38BF97
:10A99000184603F1F80332BFD946D1461E46FFF7E9
:10A9A00001FF0760A4EB050C336805F11C0143F0BF
:10A9B000020333602B1FD9F8007017F00507FAD196
:10A9C00053F8042F8B424CF80320F4D1BFF34F8F80
:10A9D000FFF7E8FE4FF0FF330360336823F0020314
:10A9E0003360BFF34F8F0B4BC3F85C42BFF34F8F05
:10A9F000BFF36F8F202229462046F5F76BFF002812
:10AA0000B2D03846A7E700BF142100520C200052F4
:10AA10001420005200ED00E01020005210210052DE
:10AA200010B5084C237828B11BB9FFF7C9FE0123E4
:10AA3000237010BD002BFCD02070BDE81040FFF744
:10AA4000E1BE00BF666400202DE9F04F0D4685B0E1
:10AA5000814658B111F00D0614BF2022082211F0D2
:10AA60000803019304D0431E034269D0002435E05B
:10AA7000002E37D009F11F0121F01F094FF0010806
:10AA8000314F05F00403DFF8CCA005EA080BBBF159
:10AA9000000F32D07869C0072FD408F101080C37B5
:10AAA000B8F1060FF3D19EB9284D4946A819019275
:10AAB00001F030FD0446002839D12036019AA02E3D
:10AAC000F3D1494601F026FD044600282FD1019A12
:10AAD00049461F4801F01EFD044660BB204605B0F4
:10AAE000BDE8F08F0029C9D101462846029201F045
:10AAF00011FD0446D8B9029AC0E713B1786941073D
:10AB0000CBD5AC0702D578698007C6D5019911B1BC
:10AB100078690107C1D549460AEB4810CDE90223FF
:10AB200001F0F8FC0446DDE902230028B5D04A46CE
:10AB30000021204601E04A460021F7F7FDFDCDE760
:10AB40000246002E96D199E73CDB0008A86400205D
:10AB500068640020886400200021FFF775BF0000B2
:10AB60000121FFF771BF000000231A4670B51A607B
:10AB70000433B3F5806FFAD1104D0124104E06EB6B
:10AB8000441001342A6955F80C1F01F0AFFC062C63
:10AB9000F5D137254FF4C0542046FFF7E1FF0146B9
:10ABA00028B122460748BDE8704001F09FBCC4EBC5
:10ABB000C404013D4FEAD404EED170BD3CDB000873
:10ABC00088640020686400200421FFF73DBF000076
:10ABD0004843FFF7C1BF000008B101F00DBD704749
:10ABE000B0F5805F10B5044607D8FFF7EDFF28B930
:10ABF0002046BDE81040FFF7AFBF002010BD0000A9
:10AC0000FFF7EABF70B5AAB140EA010313F01F03D2
:10AC10000FD1094C0144A5686D0706D52568A842E7
:10AC200003D366683544A94204D903330C34122B8C
:10AC3000F1D10022104670BD3CDB000808B501F0E0
:10AC4000F1FD034AD2E90032C01842EB010108BD10
:10AC500048650020434BD3E900232DE9F34113431A
:10AC60007CD0FFF7EBFF404A00230027F5F7B0FC4C
:10AC700006460D463D4A0023F5F7AAFC002314467C
:10AC800030462946394AF5F7A3FC4FF461613C236D
:10AC9000ADF80170B4FBF1F5B4FBF3F601FB15411F
:10ACA00003FB16464624B1FBF3F1314BF6B28DF8A7
:10ACB000004098423CD84FF0640C4FF4C87EA30784
:10ACC00004F26C7225D1B2FBFCF30CFB132313BB13
:10ACD000B2FBFEF30EFB1322B2FA82F35B0903F21E
:10ACE0006D18621C8045D2B217D90FB18DF80040A3
:10ACF0000022204C4FF00C0C17460CFB0343D4B23F
:10AD0000013213F804C084450CD8A0EB0C000127D5
:10AD1000F5E70023E3E70123E1E7A0EB0800144691
:10AD20000127CCE70FB18DF80140431C8DF80230AC
:10AD30009DF80100431C9DF800005038400640EA91
:10AD400043509DF8023040EA034040EA560040EA92
:10AD5000C52040EA411002B0BDE8F0814FF4041074
:10AD6000F9E700BF4865002040420F008051010014
:10AD700090230B0084DB00080244074BD2B210B5CD
:10AD8000904200D110BD441C00B253F8200041F89D
:10AD9000040BE0B2F4E700BF504000580E4B30B552
:10ADA0001C6F240405D41C6F1C671C6F44F4004402
:10ADB0001C670A4C02442368D2B243F480732360B8
:10ADC000074B904200D130BD441C51F8045B00B2E7
:10ADD00043F82050E0B2F4E700440258004802581B
:10ADE0005040005807B5012201A90020FFF7C4FF19
:10ADF000019803B05DF804FB13B50446FFF7F2FFBA
:10AE0000A04205D0012201A900200194FFF7C6FF4E
:10AE100002B010BD10B56424013C4FF47A70FFF706
:10AE2000A5F814F0FF04F7D1094B4FF48022142445
:10AE30009A61A3F500634FF080629A61013C4FF480
:10AE40007A70FFF793F814F0FF04F7D110BD00BF3C
:10AE5000001002580144BFF34F8F064B884204D3C1
:10AE6000BFF34F8FBFF36F8F7047C3F85C02203082
:10AE7000F4E700BF00ED00E00144BFF34F8F064B45
:10AE8000884204D3BFF34F8FBFF36F8F7047C3F86F
:10AE900070022030F4E700BF00ED00E070B5054619
:10AEA00016460C4601201021FFF792FE28604673DB
:10AEB0003CB1204636B1FFF787FE2B68186000B121
:10AEC0009C6070BDFFF74CFEF7E70000F8B50F4639
:10AED0001546044648B905F11F010126386821F0DE
:10AEE0001F01FFF7B7FF3046F8BD427B294638689F
:10AEF000FFF788FE06460028EDD13B686360A36833
:10AF0000AB4210D213B12068FFF766FE637B284680
:10AF10002BB1FFF759FE206020B9A060E3E7FFF7EF
:10AF20001FFEF8E7A560206805F11F01012621F04A
:10AF30001F013860FFF78EFF2673D4E770B50E4609
:10AF400002F11F010446154621F01F013046FFF7AC
:10AF500093FF4CB12168B14206D1606810B12A4616
:10AF6000F7F7C4FB0023237370BD0000F8B50F464C
:10AF70001446054648B904F11F010126386821F03E
:10AF80001F01FFF779FF3046F8BD427B2146386844
:10AF9000FFF738FE06460028EDD1AB68A34210D279
:10AFA00013B12868FFF718FE6B7B20462BB1FFF723
:10AFB0000BFE286020B9A860E5E7FFF7D1FDF8E7B0
:10AFC000AC60396819B122462868F7F78FFB28680A
:10AFD00004F11F01012621F01F013860FFF74CFF2B
:10AFE0002E73D0E720B103688B4204BF00230373A4
:10AFF00070470000034B1A681AB9034AD2F8D024EC
:10B000001A607047506500200040025808B5FFF7ED
:10B01000F1FF024B1868C0F3806008BD5065002046
:10B020007047000070470000EFF30983054968335B
:10B030004A6B22F001024A6383F30988002383F3F9
:10B040001188704700EF00E0302080F3118862B66D
:10B050000D4B0E4AD96821F4E0610904090C0A433A
:10B060000B49DA60D3F8FC2042F08072C3F8FC2070
:10B07000084AC2F8B01F116841F001011160202296
:10B08000DA7783F82200704700ED00E00003FA054C
:10B0900055CEACC5001000E0302310B583F3118805
:10B0A0000E4B5B6813F4006314D0F1EE103AEFF32B
:10B0B00009844FF08073683CE361094BDB6B2366C6
:10B0C00084F30988FEF796FE10B1064BA36110BD0C
:10B0D000054BFBE783F31188F9E700BF00ED00E0C3
:10B0E00000EF00E0C7050008CA05000870B5BFF30F
:10B0F0004F8FBFF36F8F1A4A0021C2F85012BFF36F
:10B100004F8FBFF36F8F536943F400335361BFF325
:10B110004F8FBFF36F8FC2F88410BFF34F8FD2F8F9
:10B12000803043F6E074C3F3C900C3F34E335B01D0
:10B1300003EA0406014646EA81750139C2F8605205
:10B14000F9D2203B13F1200FF2D1BFF34F8F536997
:10B1500043F480335361BFF34F8FBFF36F8F70BDE4
:10B1600000ED00E0FEE70000214B2248224A70B5C6
:10B17000904237D3214BC11EDA1C121A22F003026F
:10B180008B4238BF00220021F7F7D6FA1C4A002371
:10B19000C2F88430BFF34F8FD2F8803043F6E074AA
:10B1A000C3F3C900C3F34E335B0103EA040601464F
:10B1B00046EA81750139C2F86C52F9D2203B13F18D
:10B1C000200FF2D1BFF34F8FBFF36F8FBFF34F8FBD
:10B1D000BFF36F8F0023C2F85032BFF34F8FBFF31E
:10B1E0006F8F70BD53F8041B40F8041BC0E700BF0D
:10B1F0008CDC0008CC660020CC660020CC660020E9
:10B2000000ED00E0074BD3F8D81021EA0001C3F8A5
:10B21000D810D3F8002122EA0002C3F80021D3F8A5
:10B22000003170470044025870B5D0E92443002231
:10B230004FF0FF359E6804EB42135101D3F800092B
:10B24000002805DAD3F8000940F08040C3F800096F
:10B25000D3F8000B002805DAD3F8000B40F080404B
:10B26000C3F8000B013263189642C3F80859C3F8BB
:10B27000085BE0D24FF00113C4F81C3870BD000029
:10B28000890141F02001016103699B06FCD4122071
:10B29000FEF700BE10B50A4C2046FEF78BFA094BAC
:10B2A000C4F89030084BC4F89430084C2046FEF7A0
:10B2B00081FA074BC4F89030064BC4F8943010BDA7
:10B2C0005465002000000840C0DB0008F065002045
:10B2D00000000440CCDB000870B503780546012B64
:10B2E0005CD1434BD0F89040984258D1414B0E214D
:10B2F0006520D3F8D82042F00062C3F8D820D3F8F4
:10B30000002142F00062C3F80021D3F80021D3F8F5
:10B31000802042F00062C3F88020D3F8802022F021
:10B320000062C3F88020D3F88030FDF787FC324BF1
:10B33000E360324BC4F800380023D5F89060C4F8BD
:10B34000003EC02323604FF40413A3633369002B32
:10B35000FCDA01230C203361FEF79CFD3369DB0727
:10B36000FCD41220FEF796FD3369002BFCDA002690
:10B370002846A660FFF758FF6B68C4F81068DB68C2
:10B38000C4F81468C4F81C6883BB1D4BA3614FF05C
:10B39000FF336361A36843F00103A36070BD194BE1
:10B3A0009842C9D1134B4FF08060D3F8D82042F0B7
:10B3B0000072C3F8D820D3F8002142F00072C3F81D
:10B3C0000021D3F80021D3F8802042F00072C3F8A6
:10B3D0008020D3F8802022F00072C3F88020D3F8B8
:10B3E0008030FFF70FFF0E214D209EE7064BCDE783
:10B3F000546500200044025840140040030020021D
:10B40000003C30C0F0650020083C30C0F8B5D0F8F2
:10B410009040054600214FF000662046FFF730FFC0
:10B42000D5F8941000234FF001128F684FF0FF30D1
:10B43000C4F83438C4F81C2804EB431201339F428B
:10B44000C2F80069C2F8006BC2F80809C2F8080B1C
:10B45000F2D20B68D5F89020C5F8983063621023BB
:10B460001361166916F01006FBD11220FEF712FDCB
:10B47000D4F8003823F4FE63C4F80038A36943F419
:10B48000402343F01003A3610923C4F81038C4F823
:10B4900014380B4BEB604FF0C043C4F8103B094B22
:10B4A000C4F8003BC4F81069C4F80039D5F89830E6
:10B4B00003F1100243F48013C5F89820A362F8BD8D
:10B4C0009CDB000840800010D0F8902090F88A1093
:10B4D000D2F8003823F4FE6343EA0113C2F80038BF
:10B4E000704700002DE9F84300EB8103D0F890503D
:10B4F0000C468046DA680FFA81F94801166806F0B2
:10B500000306731E022B05EB41134FF0000194BF9D
:10B51000B604384EC3F8101B4FF0010104F11003BC
:10B5200098BF06F1805601FA03F3916998BF06F5BA
:10B53000004600293AD0578A04F15801374349019F
:10B540006F50D5F81C180B430021C5F81C382B1878
:10B550000127C3F81019A7405369611E9BB3138AD2
:10B56000928B9B08012A88BF5343D8F898209818DB
:10B5700042EA034301F140022146C8F898002846F8
:10B5800005EB82025360FFF77BFE08EB8900C3687E
:10B590001B8A43EA845348341E4364012E51D5F874
:10B5A0001C381F43C5F81C78BDE8F88305EB491724
:10B5B000D7F8001B21F40041C7F8001BD5F81C1870
:10B5C00021EA0303C0E704F13F030B4A2846214662
:10B5D00005EB83035A60FFF753FE05EB4910D0F8E3
:10B5E000003923F40043C0F80039D5F81C3823EAA9
:10B5F0000707D7E70080001000040002D0F894206D
:10B600001268C0F89820FFF70FBE00005831D0F83C
:10B61000903049015B5813F4004004D013F4001F2C
:10B620000CBF0220012070474831D0F8903049010A
:10B630005B5813F4004004D013F4001F0CBF022029
:10B640000120704700EB8101CB68196A0B68136019
:10B650004B6853607047000000EB810330B5DD6834
:10B66000AA691368D36019B9402B84BF40231360C3
:10B670006B8A1468D0F890201C4402EB4110013C06
:10B6800009B2B4FBF3F46343033323F0030343EA47
:10B69000C44343F0C043C0F8103B2B6803F00303DE
:10B6A000012B0ED1D2F8083802EB411013F4807F41
:10B6B000D0F8003B14BF43F0805343F00053C0F870
:10B6C000003B02EB4112D2F8003B43F00443C2F8C6
:10B6D000003B30BD2DE9F041D0F8906005460C46A6
:10B6E00006EB4113D3F8087B3A07C3F8087B08D56B
:10B6F000D6F814381B0704D500EB8103DB685B68C0
:10B700009847FA071FD5D6F81438DB071BD505EB89
:10B710008403D968CCB98B69488A5A68B2FBF0F6C1
:10B7200000FB16228AB91868DA6890420DD2121A04
:10B73000C3E90024302383F3118821462846FFF70C
:10B740008BFF84F31188BDE8F081012303FA04F232
:10B750006B8923EA02036B81CB68002BF3D021466F
:10B760002846BDE8F041184700EB81034A0170B557
:10B77000DD68D0F890306C692668E66056BB1A44E4
:10B780004FF40020C2F810092A6802F00302012ACF
:10B790000AB20ED1D3F8080803EB421410F4807FEC
:10B7A000D4F8000914BF40F0805040F00050C4F8B5
:10B7B000000903EB4212D2F8000940F00440C2F83D
:10B7C00000090122D3F8340802FA01F10143C3F859
:10B7D000341870BD19B9402E84BF40202060206805
:10B7E0001A442E8A8419013CB4FBF6F440EAC440A2
:10B7F00040F00050C6E700002DE9F843D0F8906013
:10B8000005460C464F0106EB4113D3F8088918F0A2
:10B81000010FC3F808891CD0D6F81038DB0718D5FB
:10B8200000EB8103D3F80CC0DCF81430D3F800E04F
:10B83000DA68964530D2A2EB0E024FF000091A608A
:10B84000C3F80490302383F31188FFF78DFF89F349
:10B85000118818F0800F1DD0D6F834380126A64084
:10B86000334217D005EB84030134D5F89050D3F858
:10B870000CC0E4B22F44DCF8142005EB0434D2F8F9
:10B8800000E05168714514D3D5F8343823EA060630
:10B89000C5F83468BDE8F883012303FA01F203898F
:10B8A00023EA02030381DCF80830002BD1D098474B
:10B8B000CFE7AEEB0103BCF81000834228BF03467C
:10B8C000D7F8180980B2B3EB800FE3D89068A0F1E5
:10B8D000040959F8048FC4F80080A0EB09089844C3
:10B8E000B8F1040FF5D818440B4490605360C8E7D2
:10B8F0002DE9F84FD0F8905004466E69AB691E40B0
:10B9000016F480586E6103D0BDE8F84FFDF7C2BF52
:10B91000002E12DAD5F8003E9B0705D0D5F8003E80
:10B9200023F00303C5F8003ED5F80438204623F081
:10B930000103C5F80438FDF7DBFF370505D52046C0
:10B94000FFF772FC2046FDF7C1FFB0040CD5D5F817
:10B95000083813F0060FEB6823F470530CBF43F460
:10B96000105343F4A053EB6031071BD56368DB68C9
:10B970001BB9AB6923F00803AB612378052B0CD10D
:10B98000D5F8003E9A0705D0D5F8003E23F0030312
:10B99000C5F8003E2046FDF7ABFF6368DB680BB1DE
:10B9A00020469847F30200F1BA80B70226D5D4F8B2
:10B9B000909000274FF0010A09EB4712D2F8003BA4
:10B9C00003F44023B3F5802F11D1D2F8003B002BB4
:10B9D0000DDA62890AFA07F322EA0303638104EBB2
:10B9E0008703DB68DB6813B1394620469847013787
:10B9F000D4F89430FFB29B689F42DDD9F00619D588
:10BA0000D4F89000026AC2F30A1702F00F0302F49E
:10BA1000F012B2F5802F00F0CA80B2F5402F09D1A4
:10BA200004EB8303002200F58050DB681B6A974219
:10BA300040F0B0803003D5F8185835D5E90303D568
:10BA400000212046FFF746FEAA0303D50121204628
:10BA5000FFF740FE6B0303D502212046FFF73AFEB5
:10BA60002F0303D503212046FFF734FEE80203D558
:10BA700004212046FFF72EFEA90203D5052120460A
:10BA8000FFF728FE6A0203D506212046FFF722FEB3
:10BA90002B0203D507212046FFF71CFEEF0103D53B
:10BAA00008212046FFF716FE700340F1A780E90742
:10BAB00003D500212046FFF79FFEAA0703D50121E9
:10BAC0002046FFF799FE6B0703D502212046FFF7BA
:10BAD00093FE2F0703D503212046FFF78DFEEE06C8
:10BAE00003D504212046FFF787FEA80603D50521CC
:10BAF0002046FFF781FE690603D506212046FFF7A1
:10BB00007BFE2A0603D507212046FFF775FEEB05CD
:10BB100074D520460821BDE8F84FFFF76DBED4F874
:10BB200090904FF0000B4FF0010AD4F894305FFA78
:10BB30008BF79B689F423FF638AF09EB4713D3F86A
:10BB4000002902F44022B2F5802F20D1D3F8002939
:10BB5000002A1CDAD3F8002942F09042C3F80029E9
:10BB6000D3F80029002AFBDB3946D4F89000FFF710
:10BB700087FB22890AFA07F322EA0303238104EBF5
:10BB80008703DB689B6813B13946204698470BF161
:10BB9000010BCAE7910701D1D0F80080072A02F112
:10BBA00001029CBF03F8018B4FEA18283FE704EB22
:10BBB000830300F58050DA68D2F818C0DCF808205A
:10BBC000DCE9001CA1EB0C0C00218F4208D1DB68E2
:10BBD0009B699A683A449A605A683A445A6029E7DD
:10BBE00011F0030F01D1D0F800808C4501F1010163
:10BBF00084BF02F8018B4FEA1828E6E7BDE8F88F0A
:10BC000008B50348FFF774FEBDE80840FFF744BAE3
:10BC10005465002008B50348FFF76AFEBDE80840F8
:10BC2000FFF73ABAF0650020D0F8903003EB4111ED
:10BC3000D1F8003B43F40013C1F8003B704700000B
:10BC4000D0F8903003EB4111D1F8003943F40013E0
:10BC5000C1F8003970470000D0F8903003EB411173
:10BC6000D1F8003B23F40013C1F8003B70470000FB
:10BC7000D0F8903003EB4111D1F8003923F40013D0
:10BC8000C1F8003970470000064BD3F8DC200243AE
:10BC9000C3F8DC20D3F804211043C3F80401D3F81F
:10BCA000043170470044025808B53C4B4FF0FF3157
:10BCB000D3F8802062F00042C3F88020D3F88020BF
:10BCC00002F00042C3F88020D3F88020D3F884200B
:10BCD000C3F88410D3F884200022C3F88420D3F85A
:10BCE0008400D86F40F0FF4040F4FF0040F4DF4094
:10BCF00040F07F00D867D86F20F0FF4020F4FF00AD
:10BD000020F4DF4020F07F00D867D86FD3F8880098
:10BD10006FEA40506FEA5050C3F88800D3F88800AB
:10BD2000C0F30A00C3F88800D3F88800D3F8900065
:10BD3000C3F89010D3F89000C3F89020D3F8900087
:10BD4000D3F89400C3F89410D3F89400C3F8942067
:10BD5000D3F89400D3F89800C3F89810D3F898005B
:10BD6000C3F89820D3F89800D3F88C00C3F88C104F
:10BD7000D3F88C00C3F88C20D3F88C00D3F89C0047
:10BD8000C3F89C10D3F89C10C3F89C20D3F89C30C7
:10BD9000FCF7F4F9BDE8084000F0FCB80044025894
:10BDA00008B50122534BC3F80821534BD3F8F420B4
:10BDB00042F00202C3F8F420D3F81C2142F0020240
:10BDC000C3F81C210222D3F81C314C4BDA605A68AC
:10BDD0009104FCD54A4A1A6001229A60494ADA6005
:10BDE00000221A614FF440429A61444B9A699204CE
:10BDF000FCD51A6842F480721A603F4B1A6F12F435
:10BE0000407F04D04FF480321A6700221A671A6804
:10BE100042F001021A60384B1A685007FCD5002224
:10BE20001A611A6912F03802FBD1012119604FF032
:10BE3000804159605A67344ADA62344A1A611A6892
:10BE400042F480321A602C4B1A689103FCD51A68B0
:10BE500042F480521A601A689204FCD52C4A2D498B
:10BE60009A6200225A63196301F57C01DA6301F2D8
:10BE7000E71199635A64284A1A64284ADA621A68F0
:10BE800042F0A8521A601C4B1A6802F02852B2F114
:10BE9000285FF9D148229A614FF48862DA61402222
:10BEA0001A621F4ADA641F4A1A651F4A5A651F4AF6
:10BEB0009A6532231E4A1360136803F00F03022BA6
:10BEC000FAD10D4A136943F003031361136903F0B8
:10BED0003803182BFAD14FF00050FFF7D5FE4FF082
:10BEE0008040FFF7D1FE4FF00040BDE80840FFF76B
:10BEF000CBBE00BF008000510044025800480258E9
:10BF000000C000F0020000010000FF01008890085E
:10BF10002220400063020901470E0508DD0BBF0126
:10BF200020000020000001100910E00000010110B5
:10BF30000020005208B50348FCF7F6FCBDE80840B5
:10BF4000FFF7AAB8E436002008B50348FCF7F0FD77
:10BF5000BDE80840FFF7A0B83C39002008B5034809
:10BF6000FCF7E6FDBDE80840FFF796B8A8390020C9
:10BF700008B50348FCF7DCFDBDE80840FFF78CB8C6
:10BF8000143A002008B500F095FCBDE80840FFF722
:10BF900083B8000008B509217A20FCF74FFE09217B
:10BFA0007C20FCF74BFE07213220FCF747FE0C21DA
:10BFB0002720FCF743FE0C213520FCF73FFE0C2127
:10BFC0005220BDE80840FCF739BE000008B5FFF775
:10BFD0006BFE00F043FCFDF711FAFDF7AFF9FDF73A
:10BFE000E7FBFDF7B9FAFEF78BFABDE8084000F071
:10BFF00029BA000030B50433039C0172002104FB10
:10C000000325C160C0E90653049B0363059BC0E997
:10C010000000C0E90422C0E90842C0E90A114363F4
:10C0200030BD00000022416AC260C0E90411C0E9CD
:10C030000A226FF00101FDF7D9BF0000D0E90432F8
:10C04000934201D1C2680AB9181D70470020704799
:10C05000036919600021C2680132C260C2691344D9
:10C0600082699342036124BF436A0361FDF7B2BF53
:10C0700038B504460D46E3683BB162690020131DE4
:10C080001268A3621344E36207E0237A33B92946B6
:10C090002046FDF78FFF0028EDDA38BD6FF0010074
:10C0A000FBE70000C368C269013BC36043691344F6
:10C0B00082699342436124BF436A436100238362E0
:10C0C000036B03B11847704770B53023044683F300
:10C0D0001188866A3EB9FFF7CBFF054618B186F393
:10C0E0001188284670BDA36AE26A13F8015B934287
:10C0F000A36202D32046FFF7D5FF002383F3118804
:10C10000EFE700002DE9F84F04460E461746984623
:10C110004FF0300989F311880025AA46D4F828B0D9
:10C12000BBF1000F09D141462046FFF7A1FF20B126
:10C130008BF311882846BDE8F88FD4E90A12A7EBE3
:10C14000050B521A934528BF9346BBF1400F1BD9EC
:10C15000334601F1400251F8040B914243F8040BBD
:10C16000F9D1A36A403640354033A362D4E90A23AB
:10C170009A4202D32046FFF795FF8AF31188BD4209
:10C18000D8D289F31188C9E730465A46F6F7AEFA95
:10C19000A36A5E445D445B44A362E7E710B5029C7A
:10C1A0000433017203FB0421C460C0E906130023B9
:10C1B000C0E90A33039B0363049BC0E90000C0E9A4
:10C1C0000422C0E90842436310BD0000026A6FF018
:10C1D0000101C260426AC0E904220022C0E90A22C9
:10C1E000FDF704BFD0E904239A4201D1C26822B905
:10C1F000184650F8043B0B60704700231846FAE7D6
:10C20000C3680021C2690133C36043691344826972
:10C210009342436124BF436A4361FDF7DBBE0000E4
:10C2200038B504460D46E3683BB1236900201A1D6A
:10C23000A262E2691344E36207E0237A33B9294634
:10C240002046FDF7B7FE0028EDDA38BD6FF001009B
:10C25000FBE7000003691960C268013AC260C26965
:10C26000134482699342036124BF436A036100233C
:10C270008362036B03B118477047000070B5302329
:10C280000D460446114683F31188866A2EB9FFF7DE
:10C29000C7FF10B186F3118870BDA36A1D70A36A31
:10C2A000E26A01339342A36204D3E1692046043970
:10C2B000FFF7D0FF002080F31188EDE72DE9F84F5C
:10C2C00004460D46904699464FF0300A8AF311888D
:10C2D0000026B346A76A4FB949462046FFF7A0FF9C
:10C2E00020B187F311883046BDE8F88FD4E90A07FA
:10C2F0003A1AA8EB0607974228BF1746402F1BD9CA
:10C3000005F1400355F8042B9D4240F8042BF9D168
:10C31000A36A40364033A362D4E90A239A4204D385
:10C32000E16920460439FFF795FF8BF311884645F4
:10C33000D9D28AF31188CDE729463A46F6F7D6F9DD
:10C34000A36A3D443E443B44A362E5E7D0E90423AD
:10C350009A4217D1C3689BB1836A8BB1043B9B1A85
:10C360000ED01360C368013BC360C3691A4483697C
:10C370009A42026124BF436A03610023836201235E
:10C38000184670470023FBE701F01F03F0B502F0E9
:10C390001F0456095A1C0123B6EB511F50F82650B2
:10C3A00003FA02F34FEA511703F1FF333DBF50F890
:10C3B0002720C4F12000134003EA05003BBF03FA25
:10C3C00000F225FA04F0E0401043F0BD70B57E2283
:10C3D0007F210546FFF7D8FF18B1012819D00020AA
:10C3E00070BD3E2249212846FFF7CEFF2F2204468A
:10C3F00031212846FFF7C8FF064601345022023695
:10C4000053212846B440FFF7BFFF093804FA00F073
:10C41000E6E7302245212846FFF7B6FF01308002CB
:10C42000DEE7000090F8D63090F8D7201B0403EB2D
:10C43000026390F8D42090F8D500134403EB002059
:10C440007047000000F00CBA014B586A704700BFFB
:10C45000000C0040034B002258631A610222DA608C
:10C46000704700BF000C0040014B0022DA607047AB
:10C47000000C0040014B5863704700BF000C0040A7
:10C48000024B034A1A60034A5A607047A4660020B0
:10C49000D066002000000220074B494210B55C68BE
:10C4A000201A08401968821A8A4203D3A24201D88E
:10C4B0005A6010BD0020FCE7A466002008B53023B8
:10C4C00083F31188FFF7E8FF002383F3118808BD89
:10C4D0000448054B03600023C0E901330C3000F031
:10C4E00017B900BFAC660020BDC40008CB1D083AD8
:10C4F00023F00703591A521A10B4D2080024C0E9D5
:10C50000004384600C301C605A605DF8044B00F0FE
:10C51000FFB800002DE9F74F364FCD1D88460028A3
:10C5200018BF0746082A4FEAD50538BF082207F189
:10C530000C003C1D9146019000F02CF9019809F186
:10C540000701C9F1000E2246246864B900F02CF9F5
:10C550003B68CBB308224946E8009847044698B3A5
:10C5600040E9027830E004EB010CD4F804A00CEAB6
:10C570000E0C0AF10106ACF1080304EBC6069E425C
:10C58000E1D9A6EB0C0CB5EBEC0F4FEAEC0BDAD8CB
:10C590009C421DD204F10802AB45A3EB02024FEA14
:10C5A000E202626009D9691CED4303EBC1025D44FC
:10C5B0005560256843F8315022601C46C3F804805A
:10C5C00044F8087B00F0F0F8204603B0BDE8F08F97
:10C5D000AA45216802D111602346EEE7013504EB3C
:10C5E000C50344F8351003F10801761AF6105E60B1
:10C5F0001360F1E7AC66002073B50446A0F10805AE
:10C6000050F8080C54F8043C061D0C300733019018
:10C61000DB0844F8043C00F0BDF8334601989E4224
:10C620001A6801D0AB4228D20AB1954225D244F80B
:10C63000082C54F8042C1D60013254F8081C05EB3A
:10C64000C206B14206D14E68324444F8042C0A684E
:10C6500044F8082C5E68711C03EBC1018D4207D1C0
:10C6600054F8042C013232445A6054F8082C1A60F1
:10C6700002B0BDE8704000F097B81346CFE7000065
:10C68000FEE7000070B51E4B0025044686B05860DA
:10C690000E4605638163FEF7D7FC04F12803A5600D
:10C6A0006563C4E90A3304F11003C4E904334FF0AD
:10C6B000FF33C4E90044C4E90635FFF7C5FE2B4645
:10C6C000024604F13C012046C4E9082380230D4AB8
:10C6D0006567FDF7E9FB7368E0600B4A03620123BD
:10C6E000009280F824306846F26801923269CDE900
:10C6F0000223064BCDE90435FDF70AFC06B070BDF8
:10C7000028490020E0DB0008D8DB000881C60008CB
:10C710000023C0E9000083600361704770B51C4BC3
:10C7200005468468DE685CB3B44213D10369013303
:10C73000036170BDA36094F8243083B1062B15D13A
:10C74000A06A2146D4E9003213605A60FDF708FB65
:10C75000A36A9C68B368A2689A42EBD306E0D4E966
:10C760000032204613605A60FDF70AFB2846314626
:10C77000FDF7F6FAB5620620BDE87040FDF702BB92
:10C780000369866001330361336BC3603063D0E7B4
:10C790008046002008B5302383F31188FFF7BEFFE1
:10C7A000002383F3118808BD194BD96883688B4235
:10C7B00010B520D1302383F311880269013A026158
:10C7C000B2B90468C368A0420B631ED04A6B9BB920
:10C7D00001238A60036103681A68026050601A6B63
:10C7E0008360C26018631846FDF7CAFAFDF72AFB9A
:10C7F000002383F3118810BD1C68A34203D0A468F2
:10C80000A24238BF2246DB68E1E78260F0E700BF62
:10C8100080460020024A536B18435063704700BFA4
:10C820008046002038B5EFF311859DB9EFF30584FC
:10C83000C4F30804302334B183F31188FDF70EFDEF
:10C8400085F3118838BD83F31188FDF707FD84F364
:10C85000118838BDBDE83840FDF700BD70470000C5
:10C86000114BD3F8E82042F00802C3F8E820D3F8CF
:10C87000102142F00802C3F810210C4AD3F81031FD
:10C88000D36B43F00803D363C722094B9A624FF07E
:10C89000FF32DA6200229A615A63DA605A6001223A
:10C8A0005A611A60704700BF004402580010005CD3
:10C8B000000C0040094A08B51169D3680B40D9B291
:10C8C0009B076FEA0101116107D5302383F31188BB
:10C8D000FDF7DEFA002383F3118808BD000C004049
:10C8E000504F5354204F4B3A2025730A00504F535A
:10C8F00054204641494C3A20257320282564290AB2
:10C9000000000000353063306137383032616539FE
:10C9100036363634000000001210000012110000FC
:10C92000121300004D4435002D2D0A002F61726452
:10C930007570696C6F742E6162696E002F6172642C
:10C940007570696C6F742D7665726966792E616297
:10C95000696E002F6172647570696C6F742D666CFE
:10C960006173682E6162696E002F6172647570690F
:10C970006C6F742D666C61736865642E6162696E9C
:10C980000000000000000000000000008118000806
:10C990001D190008CD1A00085519000815190008BE
:10C9A00000000000000000007D18000829190008A0
:10C9B000051B0008791800088518000853544D33EA
:10C9C0003248373F3F3F0053544D33324837337876
:10C9D0002F3732780053544D3332483734332F37A2
:10C9E00035332F373530000001105A00031059003D
:10C9F0000120580003205600756E6B6E6F776E2015
:10CA00006669726D7761726520636865636B207219
:10CA10006573756C7400000041A3E5F265699207C7
:10CA200000435253756D52656700000040A2E4F167
:10CA300064689106000000006669726D7761726536
:10CA4000207665726966696564006D697373696EE5
:10CA500067206170706C69636174696F6E207369BF
:10CA6000676E6174757265006170706C6963617482
:10CA7000696F6E206C656E67746820696E76616C94
:10CA8000696400626F617264206964206D69736D0E
:10CA900061746368006669726D77617265206372A4
:10CAA00063206D69736D61746368006669726D7788
:10CAB0006172652075706461746520696E207072A2
:10CAC0006F6772657373007761746368646F672062
:10CAD000726573657420647572696E67207365632F
:10CAE00075726520626F6F742077696E646F77006E
:10CAF00064657363726970746F72206C656E6774BD
:10CB00006820696E76616C6964006669726D776130
:10CB10007265207369676E6174757265206C656EED
:10CB200067746820696E76616C6964006669726D0D
:10CB300077617265207369676E61747572652076BE
:10CB40006572696669636174696F6E206661696C9C
:10CB5000656400636F64652F646174612063686558
:10CB6000636B73756D207265676973747279206D7C
:10CB700069736D617463680038CA0008F8C90008F9
:10CB8000F8C90008F8C90008F8C90008F8C9000881
:10CB9000F8C90008F8C90008F8C90008F8C9000871
:10CBA0004ACA000868CA000883CA000895CA000873
:10CBB000ABCA0008C7CA0008F0CA00080ACB0008C0
:10CBC0002CCB000853CB0008982F8A429144377130
:10CBD000CFFBC0B5A5DBB5E95BC25639F111F15900
:10CBE000A4823F92D55E1CAB98AA07D8015B831242
:10CBF000BE853124C37D0C55745DBE72FEB1DE80EE
:10CC0000A706DC9B74F19BC1C1699BE48647BEEF1C
:10CC1000C69DC10FCCA10C246F2CE92DAA84744AA7
:10CC2000DCA9B05CDA88F97652513E986DC631A81D
:10CC3000C82703B0C77F59BFF30BE0C64791A7D5FC
:10CC40005163CA0667292914850AB72738211B2E84
:10CC5000FC6D2C4D130D385354730A65BB0A6A766C
:10CC60002EC9C281852C7292A1E8BFA24B661AA878
:10CC7000708B4BC2A3516CC719E892D1240699D688
:10CC800085350EF470A06A1016C1A419086C371E01
:10CC90004C774827B5BCB034B30C1C394AAAD84EDF
:10CCA0004FCA9C5BF36F2E68EE828F746F63A5781A
:10CCB0001478C8840802C78CFAFFBE90EB6C50A4AD
:10CCC000F7A3F9BEF27871C6000000000000000072
:10CCD0000000000000000000000000000000000054
:10CCE0000000000000000000E576000000000000E9
:10CCF000EDD3F55C1A631258D69CF7A2DEF9DE1468
:10CD00000000000000000000000000000000001013
:10CD1000B67859FF8572D300BD6E15FF0F0A6A0001
:10CD200029C0010098E879FFBC3CA0FF9971CEFFB3
:10CD300000B7E2FEB40D48FF59F1B2FE0AE5A6FFC6
:10CD40007BDD2AFE1E14D4005280030030D1F30094
:10CD5000777940FF32E39CFF006EC501671B9000AE
:10CD600008C9BCF367E6096A3BA7CA8485AE67BBFE
:10CD70002BF894FE72F36E3CF1361D5F3AF54FA529
:10CD8000D182E6AD7F520E511F6C3E2B8C68059B05
:10CD90006BBD41FBABD9831F79217E1319CDE05BBD
:10CDA000B0A00EFED3C986FF9E188F007F693500A4
:10CDB000600CBD00A7D7FBFF9F4C80FE6A65E1FFBA
:10CDC0001EFC0400920CAE00853B8C01BDF124FFDB
:10CDD000F825C30160DC3700B74C3EFFC3423D007D
:10CDE000324CA401E1A44CFF4C3DA3FF753E1F0053
:10CDF000519140FF76410E00A273D6FF068A2E00A5
:10CE00007CE6F4FF0A8A8F00341AC200B8F44C00A2
:10CE1000818F2901BEF413FF7BAA7AFF628144004F
:10CE200079D5930056651EFFA1679B008C5943FF7F
:10CE3000EFE5BE01430BB500C6F089FEEE45BCFF31
:10CE40004397EE00132A6CFFE5557101324487FFCA
:10CE5000116A0900326701FF5001A80123981EFFE3
:10CE600010A8B9013859E8FF65D2FC0029FA47003B
:10CE7000CCAA4FFF0E2EEFFF504DEF00BDD64BFF5B
:10CE8000118DF90026504CFFBE55750056E4AA00DE
:10CE90009CD8D001C3CFA4FF96424CFFAFE110FF56
:10CEA0008D5062014CDBF200C6A272002EDA9800AF
:10CEB0009B2BF1FE9BA068FF33BBA5000211AF00C6
:10CEC0004254A001F73A1E00234135FE45ECBF0055
:10CED0002D86F501A37BDD00206E14FF3417A5001D
:10CEE000BAD64700E9B06000F2EF360139598A003E
:10CEF000530054FF88A064005C8E78FE687CBE00FE
:10CF0000B5B13EFFFA29550098822A0160FCF6006F
:10CF100097973FFEEF853E0020389C002DA7BDFF70
:10CF20008E85B3018356D300BBB396FEFAAA0EFFDB
:10CF3000D2A34E0025349700634D1A00EE9CD5FF16
:10CF4000D5C0D101492E54001441290136CE4F00DD
:10CF5000C98392FEAA6F18FFB12132FEAB26CBFF28
:10CF60004EF77400D1DD99008580B2013A2C19008A
:10CF7000C9273B01BD13FC0031E5D20175BB75002B
:10CF8000B5B3B8010072DB00305E9300F5293800BC
:10CF90007D0DCCFEF4AD77002CDD20FE54EA1400AC
:10CFA000F9A0C601EC7EEAFF2F63A8FEAAE299FF72
:10CFB00066B3D800E28D7AFF7A4299FEB6F5860014
:10CFC000E3E41901D639EBFFD8AD38FFB5E7D2005D
:10CFD00077809DFF815F88FF6E7E330002A9B7FFD7
:10CFE000078262FE45B05EFF7404E301D9F291FF4F
:10CFF000CAAD1F01690127FF2EAF4500E42F3AFF9C
:10D00000D7E045FECF3845FF10FE8BFF17CFD4FF8A
:10D01000CA147EFF5FD560FF09B02100C805CFFFAD
:10D02000F12A80FE2321C0FFF8E5C40181117800B8
:10D03000FB6797FF073470FF8C3842FF28E2F5FF4B
:10D04000D94625FEACD609FF4843860192C0D6FFDB
:10D050002C26700044B84BFFCE5AFB0095EB8D0098
:10D06000B5AA3A0074F4EF005C9D020066AD620060
:10D07000E98960017F31CB00059B9400179409FF7B
:10D08000D37A0C0022861AFFDBCC8800860829FFA1
:10D09000E0532BFE5519F7006D7F00FEA988300084
:10D0A000EE77DBFFE7ADD500CE12FEFE08BA07FF34
:10D0B0007E0907016F2A48006F34ECFE603F8D0047
:10D0C00093BF7FFECD4EC0FF0E6AED01BBDB4C006F
:10D0D000AFF3BBFE6959AD0055195901A2F3940095
:10D0E0000276D1FE219E09008BA32EFF5D4628000B
:10D0F0006C2A8EFE6FFC8EFF9BDF900033E5A7FF4E
:10D1000049FC9BFF5E740CFF98A0DAFF9CEE25FFA4
:10D11000B3EACFFFC500B3FF9AA48D00E1C4680055
:10D120000A2319FED1D4F2FF61FDDEFEB865E500E9
:10D13000DE127F01A48887FF1ECF8CFE9261F30070
:10D1400081C01AFEC95421FF6F0A4EFF9351B2FFEE
:10D1500004041800A1EED7FF068D210035D70EFF7D
:10D1600029B5D0FFE78B9D00B3CBDDFFFFB9710080
:10D17000BDE2ACFF7142D6FFCA3E2DFF664008FFFC
:10D180004EAE10FE857544FF00010203040506073C
:10D1900008090A0B0C0D0E0F0E0A0408090F0D06E4
:10D1A000010C00020B0705030B080C0005020F0D14
:10D1B0000A0E030607010904070903010D0C0B0EF3
:10D1C0000206050A04000F080900050702040A0FF9
:10D1D0000E010B0C0608030D020C060A000B0803D7
:10D1E000040D07050F0E01090C05010F0E0D040AB1
:10D1F000000706030902080B0D0B070E0C010309BB
:10D2000005000F040806020A060F0E090B030008AA
:10D210000C020D0701040A050A02080407060105AD
:10D220000F0B090E030C0D00000102030405060795
:10D2300008090A0B0C0D0E0F0E0A0408090F0D0643
:10D24000010C00020B0705031B132C0AA3E59CED40
:10D25000A72963085D210621EBFFFFFFFFFFFFFF0A
:10D26000FFFFFFFFFFFFFFFF0F00000085500008DA
:10D27000314F0008B14F000859500008600100000C
:10D280002F0000005375636365737366756C6C796A
:10D29000206D6F756E746564205344436172642021
:10D2A00028736C6F77646F776E3D2575290A0000CF
:10D2B000EB76904558464154202020004641543397
:10D2C00032202020000000002A3A3C3E7C223F7F92
:10D2D000002B2C3B3D5B5D004355454141414143A3
:10D2E00045454549494941414592924F4F4F555512
:10D2F000594F554F9C4F9E9F41494F55A5A5A6A7F5
:10D30000A8A9AAABACADAEAFB0B1B2B3B441414184
:10D31000B8B9BABBBCBDBEBFC0C1C2C3C4C5414120
:10D32000C8C9CACBCCCDCECFD1D145454549494955
:10D3300049D9DADBDCDD49DF4FE14F4F4F4FE6E8FB
:10D34000E85555555959EEEFF0F1F2F3F4F5F6F7CB
:10D35000F8F9FAFBFCFDFEFF01030507090E1012A8
:10D360001416181C1E00000061001A03E0001703C9
:10D37000F8000703FF0001007801000130013201CD
:10D380000601390110014A012E01790106018001CF
:10D390004D004302810182018201840184018601E2
:10D3A0008701870189018A018B018B018D018E0123
:10D3B0008F0190019101910193019401F601960171
:10D3C0009701980198013D029B019C019D0120025B
:10D3D0009F01A001A001A201A201A401A401A60134
:10D3E000A701A701A901AA01AB01AC01AC01AE01E3
:10D3F000AF01AF01B101B201B301B301B501B50194
:10D40000B701B801B801BA01BB01BC01BC01BE0142
:10D41000F701C001C101C201C301C401C501C401BA
:10D42000C701C801C701CA01CB01CA01CD01100162
:10D43000DD0101008E01DE011201F3010300F101A3
:10D44000F401F401F8012801220212013A02090054
:10D45000652C3B023B023D02662C3F02400241022A
:10D46000410246020A015302400081018601550231
:10D4700089018A0158028F015A0290015C025D0203
:10D480005E025F029301610262029401640265021E
:10D4900066026702970196016A02622C6C026D02B5
:10D4A0006E029C01700271029D01730274029F0161
:10D4B00076027702780279027A027B027C02642C7F
:10D4C0007E027F02A60181028202A90184028502F6
:10D4D00086028702AE014402B101B20145028D020B
:10D4E0008E028F0290029102B7017B030300FD03BD
:10D4F000FE03FF03AC0304008603880389038A0349
:10D50000B1031103C2030200A303A303C40308036E
:10D51000CC0303008C038E038F03D8031801F2039E
:10D520000A00F903F303F403F503F603F703F70323
:10D53000F903FA03FA0330042003500410076004CF
:10D5400022018A043601C1040E01CF040100C00487
:10D55000D004440161052604000000007D1D010087
:10D56000632C001E9601A01E5A01001F0806101F02
:10D570000606201F0806301F0806401F0606511F1A
:10D580000700591F521F5B1F541F5D1F561F5F1F4F
:10D59000601F0806701F0E00BA1FBB1FC81FC91FDF
:10D5A000CA1FCB1FDA1FDB1FF81FF91FEA1FEB1F73
:10D5B000FA1FFB1F801F0806901F0806A01F080601
:10D5C000B01F0400B81FB91FB21FBC1FCC1F010041
:10D5D000C31FD01F0206E01F0206E51F0100EC1F5B
:10D5E000F31F0100FC1F4E210100322170211002A7
:10D5F000842101008321D0241A05302C2F04602CB3
:10D600000201672C0601752C0201802C6401002D9B
:10D61000260841FF1A030000C700FC00E900E200F1
:10D62000E400E000E500E700EA00EB00E800EF00BE
:10D63000EE00EC00C400C500C900E600C600F4001E
:10D64000F600F200FB00F900FF00D600DC00F80055
:10D65000A300D800D7009201E100ED00F300FA002A
:10D66000F100D100AA00BA00BF00AE00AC00BD00BE
:10D67000BC00A100AB00BB0091259225932502259B
:10D680002425C100C200C000A900632551255725EB
:10D690005D25A200A5001025142534252C251C2568
:10D6A00000253C25E300C3005A255425692566253D
:10D6B000602550256C25A400F000D000CA00CB00E6
:10D6C000C8003101CD00CE00CF0018250C258825DB
:10D6D0008425A600CC008025D300DF00D400D20032
:10D6E000F500D500B500FE00DE00DA00DB00D90051
:10D6F000FD00DD00AF00B400AD00B1001720BE009A
:10D70000B600A700F700B800B000A800B700B90045
:10D71000B300B200A025A000286E756C6C29000033
:10D72000000000008D7E0008657E0008157E000860
:10D73000317E00084D7E00081000024008000240C3
:10D740000008024000000B002800024008000240D0
:10D750000408024006010C0040000240080002409C
:10D760000808024010020D00580002400800024064
:10D770000C08024016030E00700002400C0002402C
:10D780001008024000040F00880002400C00024014
:10D790001408024006051000A00002400C000240E0
:10D7A0001808024010061100B80002400C000240A8
:10D7B0001C08024016072F00100402400804024013
:10D7C00020080240000838002804024008040240F3
:10D7D00024080240060939004004024008040240BF
:10D7E00028080240100A3A00580402400804024087
:10D7F0002C080240160B3B00700402400C0402404F
:10D8000030080240000C3C00880402400C04024036
:10D8100034080240060D4400A00402400C040240FB
:10D8200038080240100E4500B80402400C040240C3
:10D830003C080240160F46000100000000000000F6
:10D840000096000000000000000000000000000042
:10D85000000000000000000000000000F9A4000823
:10D86000FDA40008D18F000809930008658F000807
:10D870008D8F0008B58F00084D8F00080000000054
:10D88000BD930008A9930008E5930008D193000810
:10D89000DD930008C9930008B5930008A193000820
:10D8A000F193000800000000D5940008C19400081E
:10D8B000FD940008E9940008F5940008E19400083C
:10D8C000CD940008B99400080995000800000000F4
:10D8D000010000000000000063300000D8D80008FC
:10D8E0000000000000000000F84600202849002049
:10D8F0000000802A00020000AAAAAAAA00000024B0
:10D90000FFFF00000000000000A00A00800200A04D
:10D9100000000000AAAAAAAA40010050FFFF0000D0
:10D92000009009000000009900001056000000005F
:10D93000AAAAAAAA00000055FFFB000000000000F0
:10D940000000080020A15A00000C0000AAAAAAAA00
:10D9500010410500FFFF0000000800BB7700000039
:10D960001080020000000000AAAAAAAA004001003C
:10D97000FBFF000000000070070000000000000036
:10D9800000000000AAAAAAAA00000000FFFF0000F1
:10D990000000000000000000000000000000000087
:10D9A000AAAAAAAA00000000FFFF000000000000D1
:10D9B000000000000000000000000000AAAAAAAABF
:10D9C00000000000FFFF0000000000000000000059
:10D9D0000000000000000000AAAAAAAA000000009F
:10D9E000FFFF000000000000000000000000000039
:10D9F00000000000AAAAAAAA00000000FFFF000081
:10DA00000000000000000000000000000000000016
:10DA1000AAAAAAAA00000000FFFF00000000000060
:10DA200000000000486F6C7962726F0025424F4120
:10DA30005244252D5365637572652D424C2D763108
:10DA400030002553455249414C250000020000009A
:10DA500000000000F59600086597000840004000AF
:10DA6000D8610020E86100200200000000000000F2
:10DA70000300000000000000AD9700080000000057
:10DA800010000000F861002000000000010000000C
:10DA9000000000005465002001010200F5A5000807
:10DAA00005A50008A1A5000885A500084300000001
:10DAB000B4DA000809024300020100C03209040080
:10DAC00000010202010005240010010524010001EB
:10DAD000042402020524060001070582030800FF52
:10DAE00009040100020A00000007050102400000CD
:10DAF00007058102400000001200000000DB000862
:10DB000012011001020000406231530000020102C4
:10DB1000030100000403090425424F41524425003B
:10DB20005069786861776B36430030313233343571
:10DB30003637383941424344454600000000002052
:10DB4000000002000200000000000030000004009D
:10DB5000080000000000002400000800040000008D
:10DB60000004000000FC000002000000000004307F
:10DB700000800000080000000000003800000100E4
:10DB8000010000001F1C1F1E1F1E1F1F1E1F1E1F27
:10DB90001F1D1F1E1F1E1F1F1E1F1E1F0000000017
:10DBA00009990008C19B00086D9C000840004000D6
:10DBB0008C6600208C660020010000009C6600201E
:10DBC000800000004001000008000000000100008B
:10DBD000001000000800000069646C65000000008F
:10DBE0006D61696E002C0438040438080C10141C94
:10DBF0002024252600000000000064040100040029
:10DC000000000000000C001028303400F429FF7FD1
:10DC100001000000FFFFFFFF3800000000000000CF
:10DC200000001E0000000000FF000000304900203E
:10DC3000143A0020A83900203C39002000000000E0
:10DC4000BCC9000883040000C7C9000850040000D4
:10DC5000D5C9000801000000000000000096000087
:10DC6000000008009600000000080000040000000A
:10DC700014DB0008000000000000000000000000AD
:0CDC800000000000000000000000000098
:00000001FF
