:020000040800F2
:1000000000060020790400087B0400087B04000837
:100010007B0400087B0400087B0400087B040008C4
:100020007B0400087B0400087B040008E1A80008AA
:100030007B0400087B0400087B0400087B040008A4
:100040007B0400087B0400087B0400087B04000894
:100050007B0400087B0400087B0400087B04000884
:100060007B0400087B0400087B04000885770008F7
:10007000AD770008D97700080578000831780008C6
:1000800059780008857800087B0400087B04000884
:100090007B0400087B0400087B0400087B04000844
:1000A0007B0400087B0400087B0400087B04000834
:1000B0007B0400087B0400087B0400087B04000824
:1000C0007B0400087B0400087B0400087B04000814
:1000D0007B0400087B0400087B04000801B80008CA
:1000E0007B0400087B0400087B0400087B040008F4
:1000F0007B0400087B0400087B040008B17800083A
:100100007B0400087B0400083DB800087B0400085D
:100110007B04000815B800087B0400087B04000875
:10012000DD78000805790008317900085D7900085C
:10013000897900087B0400087B0400087B04000820
:100140007B0400087B0400087B0400087B04000893
:10015000B1790008DD790008097A00087B040008FD
:100160007B0400087B0400087B0400087B04000873
:100170007B040008CDB400087B0400087B04000861
:100180007B0400087B04000829B800087B040008F1
:100190007B0400087B0400087B0400087B04000843
:1001A0007B0400087B0400087B0400087B04000833
:1001B0007B0400087B0400087B0400087B04000823
:1001C0007B0400087B0400087B0400087B04000813
:1001D0007B040008B9B400087B0400087B04000815
:1001E0007B0400087B0400087B0400087B040008F3
:1001F0007B0400087B0400087B0400087B040008E3
:100200007B0400087B0400087B0400087B040008D2
:100210007B0400087B0400087B0400087B040008C2
:100220007B0400087B0400087B0400087B040008B2
:10023000EDB700087B0400087B0400087B0400087D
:100240007B0400087B0400087B0400087B04000892
:100250007B0400087B0400087B0400087B04000882
:100260007B0400087B0400087B0400087B04000872
:100270007B0400087B0400087B0400087B04000862
:100280007B0400087B0400087B0400087B04000852
:100290007B0400087B0400087B0400087B04000842
:1002A0007B0400087B0400087B0400087B04000832
:1002B0007B0400087B0400087B0400087B04000822
:1002C0007B0400087B0400087B0400087B04000812
:1002D0007B0400087B0400087B0400087B04000802
:1002E0004ECF4EA5A6B6F7295FC8DD56AC482149CA
:1002F00082B8C4A2F08853678D159175B481B45C3F
:10030000CF332D752821A822B27347917F7A17D059
:100310003EFC84A9A4766B7358E33E8DE330D37E14
:100320008363D3A0A8564A005896DBA5B8CECFFC6D
:100330008C0772719EFAB24D4227090759712B64DE
:10034000034AA19F695D84F21FE80D75B02D867286
:10035000BC78CBAF6CB999947DF49A0CAB011EC1FB
:100360008E3BBFE23ED0F10900000000000000001B
:10037000000000000000000000000000000000007D
:10038000000000000000000000000000000000006D
:10039000000000000000000000000000000000005D
:1003A000000000000000000000000000000000004D
:1003B000000000000000000000000000000000003D
:1003C000000000000000000000000000000000002D
:1003D000000000000000000000000000000000001D
:1003E000000000000000000000000000000000000D
:1003F00000000000000000000000000000000000FD
:1004000000000000000000000000000000000000EC
:1004100000000000000000000000000000000000DC
:100420000000000000000000435253756D526567E4
:1004300001010000000000000000000000000000BA
:1004400000000000000000000000000000000000AC
:10045000000000000000000000000000000000009C
:10046000000000000000000000000000000000008C
:10047000000000000000000002E000F000F8FEE7CD
:1004800072B6374880F30888364880F309883648C2
:100490003649086040F20000CCF200004EF634719C
:1004A000CEF200010860BFF34F8FBFF36F8F40F2B1
:1004B0000000C0F2F0004EF68851CEF20001086054
:1004C000BFF34F8FBFF36F8F4FF00000E1EE100AC4
:1004D0004EF63C71CEF200010860062080F31488CD
:1004E000BFF36F8F0AF05EFA09F0B4FB4FF055309E
:1004F0001F491B4A91423CBF41F8040BFAE71D49D2
:10050000184A91423CBF41F8040BFAE71A491B4ACA
:100510001B4B9A423EBF51F8040B42F8040BF8E71C
:1005200000201849184A91423CBF41F8040BFAE7F1
:100530000AF076FA09F012FC144C154DAC4203DABD
:1005400054F8041B8847F9E700F0C4F9114C124D28
:10055000AC4203DA54F8041B8847F9E70AF05EBAA4
:1005600000060020002200200000000808ED00E046
:100570000000002000060020B8D50008002200205E
:100580007422002078220020CC660020E0020008BF
:10059000E0020008E0020008E00200082DE9F04F48
:1005A0002DED108AC1F80CD0D0F80CD0BDEC108A1B
:1005B000BDE8F08F002383F311882846A047002070
:1005C00009F02AF9FEE709F07DF800DFFEE70000F8
:1005D00053B94AB9002908BF00281CBF4FF0FF31AA
:1005E0004FF0FF3000F074B9ADF1080C6DE904CEA6
:1005F00000F006F8DDF804E0DDE9022304B07047FE
:100600002DE9F047089D04468E46002B4DD18A42C5
:10061000944669D9B2FA82F252B101FA02F3C2F1F8
:10062000200120FA01F10CFA02FC41EA030E944089
:100630004FEA1C48210CBEFBF8F61FFA8CF708FBAA
:1006400016E341EA034306FB07F199420AD91CEB82
:10065000030306F1FF3080F01F81994240F21C81B4
:10066000023E63445B1AA4B2B3FBF8F008FB1033FC
:1006700044EA034400FB07F7A7420AD91CEB040431
:1006800000F1FF3380F00A81A74240F20781644401
:10069000023840EA0640E41B00261DB1D440002386
:1006A000C5E900433146BDE8F0878B4209D9002DEA
:1006B00000F0EF800026C5E9000130463146BDE874
:1006C000F087B3FA83F6002E4AD18B4202D38242DE
:1006D00000F2F980841A61EB030301209E46002D8D
:1006E000E0D0C5E9004EDDE702B9FFDEB2FA82F2E2
:1006F000002A40F09280A1EB0C014FEA1C471FFA40
:100700008CFE0126200CB1FBF7F307FB131140EA26
:1007100001410EFB03F0884208D91CEB010103F1F3
:10072000FF3802D2884200F2CB804346091AA4B2B5
:10073000B1FBF7F007FB101144EA01440EFB00FE89
:10074000A64508D91CEB040400F1FF3102D2A645EE
:1007500000F2BB800846A4EB0E0440EA03409CE78D
:10076000C6F12007B34022FA07FC4CEA030C20FA3A
:1007700007F401FA06F31C43F9404FEA1C4900FA5A
:1007800006F3B1FBF9F8200C1FFA8CFE09FB1811D7
:1007900040EA014108FB0EF0884202FA06F20BD94A
:1007A0001CEB010108F1FF3A80F08880884240F29A
:1007B0008580A8F102086144091AA4B2B1FBF9F0DE
:1007C00009FB101144EA014100FB0EFE8E4508D9D9
:1007D0001CEB010100F1FF346CD28E456AD902385E
:1007E000614440EA0840A0FB0294A1EB0E01A14243
:1007F000C846A64656D353D05DB1B3EB080261EBB1
:100800000E0101FA07F722FA06F3F1401F43C5E98A
:10081000007100263146BDE8F087C2F12003D840C0
:100820000CFA02FC21FA03F3914001434FEA1C4702
:100830001FFA8CFEB3FBF7F007FB10360B0C43EAF4
:10084000064300FB0EF69E4204FA02F408D91CEBA4
:10085000030300F1FF382FD29E422DD902386344A2
:100860009B1B89B2B3FBF7F607FB163341EA034142
:1008700006FB0EF38B4208D91CEB010106F1FF3891
:1008800016D28B4214D9023E6144C91A46EA004688
:1008900038E72E46284605E70646E3E61846F8E61A
:1008A0004B45A9D2B9EB020864EB0C0E0138A3E763
:1008B0004646EAE7204694E74046D1E7D0467BE744
:1008C000023B614432E7304609E76444023842E7BC
:1008D000704700BF70B501F02BFA01F02FFC09F052
:1008E000DDFE054609F0EEFF044620BB194B9D4294
:1008F00023D001339D4241F2883504BF01240025F5
:1009000001F0D8FE064601F075FD0146BEB9124859
:1009100001F0E8FA002009F0CBFE0CB100F084F8F9
:1009200001F0ACFB00F048FD08B100F07DF828466E
:1009300000F034F9F9E70025E2E70546E0E7324642
:100940000648002501F0CEFA03202C4600F056F8A8
:10095000E0E700BF010007B084C2000891C20008B0
:1009600008B501F0B1F9A0F120035842584108BD83
:1009700007B5042101900DEB010001F0C3F903B0AC
:100980005DF804FB38B5302383F3118817480368FA
:100990000BB109F025F80023154A4FF47A7113487A
:1009A00009F014F8002383F31188124C236813B163
:1009B0002368013B2360636813B16368013B636094
:1009C0000D4D2B7833B963687BB9022001F078FABA
:1009D000322363602B78032B07D163682BB9022085
:1009E00001F06EFA4FF47A73636038BD782200200C
:1009F000850900089823002090220020084B1870D9
:100A000003280CD8DFE800F008050208022001F0F6
:100A100047BA022001F034BA024B00225A607047F4
:100A20009022002098230020F8B501F043FE30B159
:100A3000524B03221A700022514B5A60F8BD514BA1
:100A4000514A1C4619680131F8D004339342F9D158
:100A500062684E4B9A42F1D94D4B9B6803F100639B
:100A600003F500339A42E9D2002001F07BF902201D
:100A7000FFF7C4FF474B0021D3F8E820C3F8E81084
:100A8000D3F81021C3F81011D3F81021D3F8EC20BB
:100A9000C3F8EC10D3F81421C3F81411D3F81421BF
:100AA000D3F8F020C3F8F010D3F81821C3F81811C8
:100AB000D3F81821D3F8802042F00062C3F88020D8
:100AC000D3F8802022F00062C3F88020D3F8802081
:100AD000D3F8802042F00072C3F88020D3F8802041
:100AE00022F00072C3F88020D3F8803072B64FF045
:100AF000E023C3F8084DD4E90004BFF34F8FBFF3E0
:100B00006F8F254AC2F88410BFF34F8F536923F4C7
:100B100080335361BFF34F8FD2F8803043F6E076D5
:100B2000C3F3C905C3F34E335B0103EA060C294640
:100B30004CEA81770139C2F87472F9D2203B13F183
:100B4000200FF2D1BFF34F8FBFF36F8FBFF34F8FE3
:100B5000BFF36F8F536923F4003353610023C2F84E
:100B60005032BFF34F8FBFF36F8F302383F3118861
:100B7000854680F30888204760E700BF9022002068
:100B8000982300200000020820000208FFFF01084F
:100B9000002200200044025800ED00E02DE9F04F53
:100BA00095B0DFF8D8922022FF21029004A8D9F84E
:100BB000085001F00DFAA84A1378A3B90121A748FB
:100BC00011700360302383F3118803680BB108F0C0
:100BD00007FF0023A24A4FF47A71A04808F0F6FEFE
:100BE000002383F31188029B13B19E4B029A1A6073
:100BF0009D4A1378032B03D000231370994A536046
:100C00004FF0000B029C5E46DA46CDF804B001209E
:100C100001F046F924B1934B1B68002B00F02882A9
:100C2000002001F051F8B0F10008F3DB012001F0E1
:100C300027F9A8F121031F2BE9D801A252F823F0CC
:100C4000C10C0008DD0C00086B0D00080F0C00083B
:100C50000F0C00080F0C0008F50D0008E70F000846
:100C6000D90E0008350F00085B0F0008810F00083F
:100C70000F0C0008930F0008B70F00082F10000892
:100C8000490D00080F0C000877100008CD0C000873
:100C9000490D00080F0C0008350F00080F0C000864
:100CA0000F0C00080F0C00080F0C00080F0C0008B8
:100CB0000F0C00080F0C00080F0C00086B0D00084B
:100CC0000220FFF74DFE002840F0FF81029B022129
:100CD0006648BBF1000F08BF1C4640E04FF47A7035
:100CE00000F0F2FF071EF1DB0220FFF739FE0028BB
:100CF000ECD0013F052F00F2EA81DFE807F003079F
:100D00000A0D10330520FFF733FE14E0D9F8000078
:100D1000F9E7D9F80400F6E7D9F80800F3E74FF04F
:100D20001C08404608F1040801F01EF8FFF720FEF9
:100D3000B8F12C0FF5D10120019B4FF0000A00FA09
:100D400007F71F43FBB2019301F08EF92EB1019B0F
:100D500003F00B030B2B08BF00240221444800F0D2
:100D6000D1FF54E7D9F80C00CDE7002EAED0019B9F
:100D700003F00B030B2BA9D10220FFF7F1FD07466F
:100D80000028A3D00120002600F0ECFF0220FFF78E
:100D900035FE1FFA86FB584600F0F4FF044688B182
:100DA000A8F14002584601365142514100F0FAFF85
:100DB0000028EED1BB46044602212E483E4600F0F4
:100DC000A1FF24E725460120FFF718FED9F80830D7
:100DD000AB4207D9284600F0C7FF013040F07A81C6
:100DE0000435F3E70025204BBB463E461D701D4BE6
:100DF0005D60A9E7002E3FF469AF019B03F00B0390
:100E00000B2B7FF463AF0220FFF7F8FD322000F0D8
:100E10005BFFB0F10008FFF659AF18F003077FF44D
:100E200055AF08EB0503D9F8082093423FF64EAFC3
:100E3000B8F5807F3FF74AAF0F4BB84503931FDDEE
:100E40004FF47A7000F040FF0028FFF63FAF039B9D
:100E5000013703F8010BF0E79423002078220020EB
:100E6000850900089823002090220020C4C20008B1
:100E7000BCC20008C0C2000894220020002200204A
:100E8000C820FFF76DFD074600283FF41FAF1F2D58
:100E900011D8C5F1200204AB25F003008F4942456B
:100EA000184428BF4246039201F06CF8039AFF21D0
:100EB0008A4801F08DF84FEAA803C8F387028749F2
:100EC0002846039301F08CF8064600283FF474AFDF
:100ED000039B05EB830537E70220FFF741FD002860
:100EE0003FF4F4AE00F07CFF00283FF4EFAE0027A3
:100EF000B846D9F80830BB4218D91F2F11D8049B27
:100F000001330ED027F0030314AA134453F8403CD6
:100F10000C93404604220CA9043701F0A7F980463F
:100F2000E7E7384600F020FF0C90F2E74046FFF775
:100F30001FFD09E7002364210CA80C9300F0D8FEE4
:100F400000287FF4C3AE0220FFF70AFD00283FF41B
:100F5000BDAE0C9800F03AFFE9E7002364210CA82D
:100F60000C9300F0C5FE00287FF4B0AE0220FFF71E
:100F7000F7FC00283FF4AAAE0C9800F029FFD6E752
:100F80000220FFF7EDFC00283FF4A0AE00F038FF90
:100F9000CDE70220FFF7E4FC00283FF497AE0CA950
:100FA000142000F033FF0390FFF7E2FC03990CA834
:100FB00000F0A8FEC8E60220FFF7D2FC00283FF4AC
:100FC00085AE474B0CAF03F1100C1868083353F88B
:100FD000041C3A46634503C21746F6D11020FFF7BA
:100FE000C7FC1021E3E7322000F06EFE071EFFF67B
:100FF0006DAEBB077FF46AAE07EB0A03D9F8082091
:1010000093423FF663AE0220FFF7AAFC00283FF4AC
:101010005DAE27F003075744BA453FF495AE5046FE
:101020000AF1040A00F0A0FEFFF7A2FCF4E74FF477
:101030007A70FFF795FC00283FF448AE00F0D0FE30
:10104000002849D0049B01330BD0082204A90020BA
:1010500000F0C6FF00283FD02022FF2104A800F0A6
:10106000B7FF2048022100F04DFE1F4808F0DAFBD0
:1010700015B0BDE8F08F002E3FF428AE019B03F0C1
:101080000B030B2B7FF422AE002364210CA80C93DE
:1010900000F02EFE074600287FF418AE0220FFF76E
:1010A0005FFC804600283FF411AE02210D4800F09D
:1010B00029FE41F2883008F0B5FB0C9801F01CF8CD
:1010C00046463C4600F0D0FFA1E506463CE64FF020
:1010D000000AFBE5BB466FE637466DE6942200202A
:1010E000A8C20008BCC20008A0860100704700002A
:1010F00070470000704700002DE9F04100F580378F
:10110000044616463B7C5BB9C0681030204400F0B2
:1011100039FFE5683544B5F5004FE56002D816B1F2
:10112000BDE8F081DEB905F07F0605F11000002171
:10113000C6F180062044F6B232462E4400F048FF45
:10114000A06804F11008324600F10060414600F545
:10115000003009F043F830B901233B74E0E74FF465
:1011600000463546ECE7A26805F1100140463244DE
:101170002144A260E268521BE26000F003FF0220FB
:10118000BDE8F04100F09CBE183000F0E9BC000062
:1011900010B5044603F056FD204610BD10B50446B8
:1011A00003F050FD204610BDC0B2A0F14103052B55
:1011B00002D83738C0B27047A0F16103052B94BF45
:1011C00057383038F6E7000070B504461546084633
:1011D00003220C4900F0E0FE014688B908346E1C79
:1011E00015F91100FFF7E0FF024616F91100013171
:1011F000FFF7DAFF102940EA021004F8010BEFD1E3
:1012000070BD00BFC8C200082DE9F04FADF53F7DAD
:101210000746416801222AA805F006FC002840F094
:1012200087800646824681461125DFF80C81DFF86B
:101230000CB101AB4FF4805241462AA805F054FD91
:10124000002875D1019AB2F5805F71D8002A65D067
:101250000446019A9442ECD2282D0FD008DC132DBD
:101260002DD01E2D39D0112D13D00134A4B2F0E7AA
:10127000322D2DD0372D2FD02D2DF6D13B68121BBE
:1012800008EB040138461B692D259847BDF804403A
:10129000EBE7121B022A09D9594608EB040000F0BB
:1012A0007BFE18B902342825A4B2DEE718F8043012
:1012B0003A2B3DD00A2B1CBFA1461325D5E718F8C1
:1012C00004300A2B34D03A2B04BFA2463225CCE797
:1012D00018F80430202BC8D0264618F804300A2B02
:1012E0001AD1AAEB090208EB090102A811254F2A1D
:1012F00028BF4F220AF0B2FFA21B08EB060116A876
:101300004F2A28BF4F220AF0A9FF3B6816AA02A95C
:10131000DB6838469847A8E71E25A6E73B683846AD
:1013200004491B69984701200DF53F7DBDE8F08F0A
:101330000020F9E7D8C30008A0230020CCC2000891
:1013400000F1180110B5044686B00846019100F07E
:10135000F1FB2046FFF758FF60B1019902A800F0A9
:1013600049FC102204F1080102A80AF015FFB0FAA6
:1013700080F0400906B010BD70B504460025EEB2FD
:10138000304600F0FFFC58B100213046013500F036
:1013900009FD08B9002070BD022000F091FDEEE7C4
:1013A0002046FFF731FF0028F4D004F58034207C7C
:1013B00080F00100EFE70000F0B5C9B009F086F950
:1013C00003F05CFC18B90025284649B0F0BD694619
:1013D0002A4805F04BFD00284BD1294C204605F04A
:1013E00075FD284805F072FD274805F06FFD214680
:1013F000224805F0E7FD0028E5D1702003F01CFC31
:10140000064610B1214B44600360336830469B6848
:101410009847054600282ED01A4F1948394605F03E
:10142000D1FD05460028CED1194803F005FC04463D
:1014300038B1184B4760036000F58033C0E90255AE
:101440001D74236820469B689847054628B10E49BD
:101450000C4805F0B7FD0028B5D1336830465B680D
:1014600098471CB1236820465B68984703F0EEFB61
:10147000AAE70025FAE70446EFE700BFD0C200085C
:10148000E0C20008F7C200080DC3000830C300081E
:10149000140001004CC300082DE9F04FD44A8DB070
:1014A0000B68D0F804A001931A440368D14E1A4483
:1014B000D1F81C90DFF8B4C3DFF8B4B3D0E902343C
:1014C000634003EA0A03634013444A6802920AEB4A
:1014D0007363029CC84A2244C468224484688AEA2E
:1014E00004051D40654015448A68039203EB355599
:1014F000039CC24A2244846822448AEA03042C40A2
:1015000084EA0A041444CA6805EBF43404921644CD
:1015100083EA0502224056445A4032440E69059639
:1015200004EBB222059FB64E3E441E4485EA0403F6
:1015300013406B4033444E69069602EB7363069F7B
:10154000B04E3E442E4484EA02051D4065403544B9
:101550008E69079603EB3555079FAB4E3E442644F4
:1015600082EA03042C4054403444A84E4E4405EB18
:10157000F434164483EA050222405A4032440E6A8B
:10158000089604EBB222089FA14E3E441E4485EA11
:10159000040313406B4033444E6A099602EB7363B5
:1015A000099F9C4ED1F830E03E44D1F83880F34496
:1015B0002E4484EA02051D40654035448E6AA6F536
:1015C000244703EB35550A964F3F274482EA03042C
:1015D0002C4054403C44CF6A0B9705EBF4340B9EEF
:1015E0008D4F3744029E174483EA050222405A4039
:1015F0003A448A4F774404EBB2221F4485EA04033D
:1016000013406B403B444F6BBC4402EB7363654437
:1016100084EA020C0CEA030C8CEA040C6544DFF843
:1016200054C2C44403EB3555A44482EA03042C405D
:1016300054406444D1F83CC0794905EBF43461442A
:10164000114483EA050222405A400A44754904EBDA
:10165000B2223144079E194484EA02032B406340BE
:101660000B44714902EBF36331440B9E0D4482EA53
:1016700003012140514029446C4D03EBF1513544A5
:10168000019E254483EA010414405C402C44684DCB
:1016900001EBB4443544069E154481EA04021A4025
:1016A0004A402A44634D04EB323235440A9E1D44BD
:1016B00084EA02030B4063402B445F4D02EBF3636B
:1016C0003544059E0D4482EA0301214051402944DE
:1016D0005A4D03EBF1516544254483EA010414405B
:1016E0005C402C44564D01EBB4443544099E1544EE
:1016F00081EA04021A404A402A44524D04EB323235
:101700003544049E1D4484EA02030B4063402B448D
:101710004D4D02EBF36345440D4482EA0301214041
:1017200051402944494D03EBF1513544089E2C4466
:1017300083EA010515405D402C44454D01EBB4445E
:101740003544039E2A4481EA04051D404D402A4445
:10175000404D04EB32323D442B4484EA020593446D
:101760000D4065402B443C4D02EBF3633544069E2F
:10177000294482EA0305254055402944374D03EBAF
:10178000F1514D442C4483EA010515405D40254448
:1017900001EBB54581EA050404EA03024A405A44D4
:1017A000A6F5B82B089E05EB3232ABF2BE6B544067
:1017B0005B4423442A4C344402EB33730B9E0C44A9
:1017C00085EA020159402144264C344403EB71510F
:1017D000029E254482EA03044C402544224C4444A2
:1017E00001EB3545144483EA01026A40224443E098
:1017F00078A46AD7EECEBDC156B7C7E8DB70202407
:10180000AF0F7CF52AC68747134630A8019546FDE1
:10181000D8988069AFF7448BBED75C892211906B52
:101820002108B44962251EF640B340C0515A5E26D5
:10183000AAC7B6E95D102FD65314440281E6A1D899
:10184000C8FBD3E7E6CDE121D60737C3870DD5F432
:10185000ED145A4505E9E3A9F8A3EFFCD9026F6737
:1018600081F6718722619D6D0C38E5FD937198FDBD
:101870008A4C2A8D8E4379A6934C344405EB722210
:10188000059E1C4481EA0503534023448F4C344495
:1018900002EB33730A9E0C4485EA0201594021444D
:1018A0008B4C4C4403EB7151254482EA03044C40B9
:1018B0002C44884D354401EB3444019E154483EAA1
:1018C000010262402A44844D3D4404EB72221D44CF
:1018D00081EA040353402B44804D354402EB3373BB
:1018E000049E294484EA02055D4029447C4D354428
:1018F00003EB7151079E254482EA03044C402C44BB
:10190000784D354401EB3444099E2A4483EA0105AD
:1019100065401544744A324404EB7525039E134414
:1019200081EA04026A401A44704B734405EB327238
:101930000B4484EA0501514019446D4B634402EBAA
:1019400071511C4485EA02034B401C44694B3344EB
:1019500001EB3444019E1D4482EA010363402B44A1
:10196000654D04EB73233544069E154463EA01027A
:1019700062402A44614D03EBB2624D4462EA0409BD
:1019800029445F4D89EA0309454449442C445D4D8F
:1019900002EBB1513544049E61EA03081D4488EA14
:1019A0000208444401EB744464EA02034B402B44B4
:1019B000554D04EBF323754463EA010E15448EEA9A
:1019C000040E0EEB0502514D03EBB262354462EAA0
:1019D000040E29440A9D8EEA030EA5F580164C4D8F
:1019E0007144A6F6833602EBB151264461EA030442
:1019F00054403444029E01EB7444354464EA0206C8
:101A00001D444E407319089E424D04EBF3233544A8
:101A100063EA01061544664072193F4D03EBB2625A
:101A2000654462EA040629443C4D5E403144079E09
:101A300002EBB151354461EA03062C44384D56405F
:101A40003D443444059E1D4401EB744464EA0203A2
:101A50004B402B44334D04EBF32335440B9E15448C
:101A600063EA010262402A442F4D03EBB26235441F
:101A7000039E0D4462EA0401594029442B4D02EBB8
:101A8000B15135442A4E254461EA030454402C44A4
:101A9000099D01EB74442E4464EA02051E4485EA64
:101AA00001039D1903681A440AEB040303EBF523B1
:101AB0000260436083681C44C36819448460C16049
:101AC0000DB0BDE8F08F00BF44EABEA4A9CFDE4B45
:101AD000604BBBF670BCBFBEC67E9B28FA27A1EA4E
:101AE0008530EFD4051D880439D0D4D9E599DBE6DB
:101AF000F87CA21F6556ACC4442229F497FF2A4300
:101B0000A72394AB39A093FCC3595B6592CC0C8F8F
:101B1000D15D84854F7EA86FE0E62CFE144301A3BF
:101B2000A111084E827E53F735F23ABDBBD2D72AB7
:101B300091D386EB094B036003F18833436003F1D3
:101B40002943A3F59613A3F68B638360A3F188332F
:101B5000C3600023C0E90433704700BF0123456719
:101B60002DE9F8431446026905460E46E300C2F328
:101B7000C50800F118079B18036122BF43690133B0
:101B8000436112F4FC7F436903EB5473436114D047
:101B9000C8F1400907EB08004C4504D22246BDE8D5
:101BA000F8430AF02BBB403C4A464E440AF026FB61
:101BB000444439462846FFF76FFCA04606EB04096B
:101BC000B8F13F0FA9EB08010AD9402238460AF0C4
:101BD00015FB39462846A8F14008FFF75DFCEFE702
:101BE000A1096FF03F02384602FB014206EB81116A
:101BF000D5E7000070B50B6901F1180506460C46E3
:101C0000C3F3C503EA18501C8022EA54C3F13F0213
:101C1000072A1FD8002100F0DBF929462046FFF7EC
:101C20003BFC38220021284600F0D2F923692946DE
:101C30002046236563696365FFF72EFC2146102269
:101C400030460AF0DBFA204658220021BDE87040F9
:101C500000F0BEB9C3F137020021E5E72DE9F84FE6
:101C60004FF47A7306460D46002402FB03F7DFF8B3
:101C70005080DFF8509098F900305FFA84FA5A1CCF
:101C800001D0A34210D159F824002A4631460368F6
:101C9000D3F820B03B46D847854205D1074B0120F9
:101CA00083F800A0BDE8F88F0134042CE3D14FF491
:101CB000FA7007F0B7FD0020F4E700BFE43300201E
:101CC0001022002014220020002307B50246012123
:101CD0000DF107008DF80730FFF7C0FF20B19DF828
:101CE000070003B05DF804FB4FF0FF30F9E7000098
:101CF0000A46042108B5FFF7B1FF80F00100C0B229
:101D0000404208BD074B0A4630B41978064B53F8D9
:101D10002140014623682046DD69044BAC4630BCB7
:101D2000604700BFE433002014220020A086010099
:101D300070B50A4E00240A4D08F0F4F93080286886
:101D40003388834208D908F0E9F92B680444013349
:101D5000B4F5003F2B60F2D370BD00BFE633002026
:101D6000A033002008F0B8BA00F1006000F50030A0
:101D70000068704700F10060920000F5003008F044
:101D80002DBA0000054B1A68054B1B889B1A83422D
:101D900002D9104408F0C2B900207047A0330020D7
:101DA000E633002038B50446074D29B128682044A1
:101DB000BDE8384008F0CAB92868204408F0B4F9F2
:101DC0000028F3D038BD00BFA033002000207047AA
:101DD00000F1FF5000F58F10D0F8000870470000A8
:101DE000064991F8243033B100230822086A81F8AB
:101DF0002430FFF7BFBF0120704700BFA43300208D
:101E0000014B1868704700BF0010005C194B013887
:101E10000322084470B51D68174BC5F30B042D0C45
:101E20001E88A6420BD15C680A46013C82421346DA
:101E30000FD214F9016F4EB102F8016BF6E7013AC7
:101E400003F10803ECD181420B4602D22C2203F8A5
:101E5000012B0424094A1688AE4204D1984284BF5B
:101E6000967803F8016B013C02F10402F3D1581A91
:101E700070BD00BF0010005C242200208CC300084D
:101E8000022804D1054B4FF000629A617047012887
:101E9000FCD1024B4FF08062F7E700BF000C025804
:101EA000022804D1054B4FF400629A617047012863
:101EB000FCD1024B4FF48062F7E700BF000C0258E0
:101EC000022805D1064A536983F4006353617047C1
:101ED0000128FCD1024A536983F48063F6E700BF0E
:101EE000000C02580FB41A4B10B51A78B6B042B9AC
:101EF0000122184918481A704FF4E1330B6006F0BC
:101F0000E7FE39AB389AC82104A8039302F00CFF0E
:101F10000246C828104804A928BFC82203680192B5
:101F2000DC690E4BA0470E4800F58053D3F8A43867
:101F30004BB11B68019A1B78042B04D1036804A9D8
:101F4000DC690023A04736B0BDE8104004B07047FC
:101F5000E8330020EC3300203C390020A08601004B
:101F60003049002070B504464FF47A764CB1412CCC
:101F7000254628BF412506FB05F0641B07F052FCEF
:101F8000F4E770BD002310B5934203D0CC5CC45479
:101F90000133F9E710BD0000013810B510F9013F19
:101FA0003BB191F900409C4203D11AB10131013A91
:101FB000F4E71AB191F90020981A10BD1046FCE719
:101FC00003460246D01A12F9011B0029FAD17047C4
:101FD00002440346934202D003F8011BFAE770471C
:101FE0002DE9F8431F4D14460746884695F82420EE
:101FF00052BBDFF870909CB395F824302BB92022A7
:10200000FF2148462F62FFF7E3FF95F82400414681
:10201000C0F1080205EB8000A24228BF2246D6B2DA
:102020009200FFF7AFFF95F82430A41B17441E441D
:102030009044E4B2F6B2082E85F82460DBD1FFF7B5
:10204000CFFE0028D7D108E02B6A03EB820383423E
:10205000CFD0FFF7C5FE0028CBD10020BDE8F88324
:102060000120FBE7A4330020024B1A78024B1A70C0
:10207000704700BFE433002010220020F8B5194C4F
:10208000194806F0C7FE2146174806F0EFFE2468FF
:102090004FF47A70154ED4F89020154DD2F80438CC
:1020A000114F43F00203C2F80438FFF75BFF2046EC
:1020B000104906F0E9FFD4F890200424D2F804383F
:1020C00023F00203C2F804384FF4E133336055F8CB
:1020D000040BB84202D0314606F0FAFD013CF6D1BD
:1020E000F8BD00BF38D4000830490020CC330020B0
:1020F0001422002040D400080C4B70B50C4D04464F
:102100001E780C4B55F826209A420DD00A4B002120
:1021100018221846FFF75CFF0460014655F82600B8
:10212000BDE8704006F0D4BD70BD00BFE4330020B0
:102130001422002030490020CC3300202DE9F04744
:1021400071B6464B01201D68454BB3F80080002353
:102150001A46194605F000FD0446802008F05CF997
:102160000746002862D0002C60D03E4EADB24FF042
:10217000800A7369284643F0C0637361D6F814314E
:1021800043F0C063C6F8143107F0C8FF05EB08023E
:1021900000FB05F34FF4D06C50434FF03D0E9842D6
:1021A00033D93269520144D4D6F81021510140D4B8
:1021B000216803F100628A602268D7602268C2F851
:1021C00004A02268C2F800C0D4F80090D9F800201A
:1021D00042F00102C9F80020D4F80090D9F800209C
:1021E00022F01E02C9F80020D4F80090D9F800208F
:1021F000D207FBD494F80C90803361680EFA09F290
:102200000A60CCE7002008F067F8204605F0E4FCFF
:10221000384608F03DF9134B5A6942F0C0625A61E2
:10222000D3F8142142F0C062C3F8142161B6BDE8AE
:10223000F0870D4B9A6A42F400729A629A6A42F4ED
:1022400000429A6261B60026012008F045F8B045C8
:10225000D8D9A819013607F079FFF8E7A033002094
:10226000E63300200020005200ED00E030B50A44C3
:10227000084D91420DD011F8013B5840082340F31E
:102280000004013B2C4013F0FF0384EA5000F6D118
:10229000EFE730BD2083B8ED2DE9F74F034600F19D
:1022A00040011A6812BA43F8042B8B42F9D1D0E9E5
:1022B0001263D0E9105700930021DFF8FC80D0E9C9
:1022C00016C3D0E9144E01930F294EDC50F821209B
:1022D0004FEAF42304EA0E0B2CEA040958F804AB85
:1022E00083EAB413013189EA0B0983EA7463402954
:1022F0009944019BCA4487EA0609524409EA050940
:1023000007EA060A1A444FEA753389EA0A0983EA9A
:10231000B50383EAB5539944009B13444A449B4652
:10232000CDE9006C1AD1436C016C2B440A44436420
:10233000836C02643B448364C36C3344C364036DA5
:102340005B440365436D23444365836D7344836538
:10235000C36D6344C36503B0BDE8F08FF4463E46E9
:10236000A6462F465C461546AEE78B1E01F00F09C8
:1023700003F00F0350F823A0A1F10F0303F00F03A4
:1023800050F82320CB1F03F00F0350F823B050F870
:1023900029309B444FEAFA4383EA7A4383EA9A233B
:1023A0004FEAB24A9B448AEAF21A8AEAD2025A44B3
:1023B00040F829208CE700BF6CC5000830B5002428
:1023C00089B00B4D1C22214601A80094FFF700FEA6
:1023D00020226946281909F0DFFE30B92034B4F50F
:1023E000A07FF5D1012009B030BD0020FBE700BF80
:1023F000E802000813289ABF024B53F82000024855
:10240000704700BF1CC500089CC300080C4B0D4A58
:102410000D49DFF844C0C0E910230C4BC0E912138A
:102420000B4BC0E914C30B4B836503F17453A3F545
:102430002303A3F69243C36500230366704700BFDE
:1024400085AE67BB67E6096A72F36E3C3AF54FA545
:102450008C68059BABD9831F7F520E512DE9F0414B
:10246000036E06468846144603F03F051344036690
:10247000A4B1C5F1400770194146A74228BF2746BD
:102480003D443A46FFF77EFDB844402DA4EB0704D7
:10249000EED130460025FFF7FFFEE9E7BDE8F08109
:1024A00070B59AB005460E46144601A8FFF7AEFF78
:1024B00032462946FFF7D2FF199D1AAB05F03F02BD
:1024C000ED00501C1A448023382802F8643C0AD9D5
:1024D00001ABC0F1400200211844FFF779FD01A8CB
:1024E000FFF7DAFE002001ABC0F13C0200212DBA5B
:1024F0001844FFF76DFD01A81095FFF7CDFE11A957
:10250000224604F1200051F8043B04321C0E02F86C
:10251000013C02F8044C1C0C02F8034C1C0A02F8A3
:10252000024C8242EFD11AB070BD00002DE9F04795
:10253000564AE2B010686B4651686A4603C30823E6
:102540005349544809F038FE0446002800F09180B1
:102550000569B5F5F01F00F28E80B0F86630382BB3
:1025600040F08B804C4F074407F15C039D42C0F064
:1025700086805C3D00F164083A464649ED1B002028
:10258000FFF774FE414606462A460020FFF76EFE1E
:10259000A368B34275D1E368834272D1FFF70EFF9F
:1025A00080BBA369482B6ED1082204F11C013B4873
:1025B00009F0F2FD002866D10646DFF8F490DFF856
:1025C000D4A04FF4B07200210AA8FFF701FD09EB77
:1025D000060204F124010AA802F0F2F93A46514633
:1025E0000AA802F0F3F90AA82A46414602F0EEF9D9
:1025F0000AA802F0EDF928B12036B6F5A07FE0D1A7
:1026000012201AE0264A0AAB10685168082203C358
:102610000AA9244809F0C0FD70B9234C202223499F
:10262000204609F0B9FD38B104F1200620221F49E7
:10263000304609F0B1FD18B9002062B0BDE8F0875E
:1026400002AA39461348FFF72BFF0AAA294640463B
:10265000FFF726FF2022214602A809F09DFD30B990
:10266000202231460AA809F097FD0028E5D0132062
:10267000E3E70A20E1E70B20DFE70C20DDE710208D
:10268000DBE70D20D9E71120D7E700BFBCC3000866
:1026900090FF1D00000002080800FEF78CC600082D
:1026A000C5C3000828040008380400086CC60008E8
:1026B000E8020008F7B5FFF739FF064680B3FFF7D9
:1026C0007DFE68B3184A6B46106851686A4603C3BA
:1026D00008231649164809F06FFD044600B3036944
:1026E000B3F5F01F1CD8428B382A19D1114A024485
:1026F00002F110018B4213D3103B0D4900209D1AAB
:10270000FFF7B4FD04F1180107462A460020FFF741
:10271000ADFDA3689F4203D1E368984208BF00263D
:10272000304603B0F0BD00BFD0C30008DCFF1D0081
:10273000000002080800FEF7837842781B04007846
:1027400043EA0223184370470068704708B5024601
:10275000FFF7FAFF0346101DFFF7F6FF0146184684
:1027600008BD00000B0A017043700B0C090E83704A
:10277000C170704708B501EB8202031F084604319F
:10278000FFF7E2FF43F8040F9142F7D108BD0000C4
:1027900010B500EB82020C1F54F8041FFFF7E2FF94
:1027A00004309042F8D110BD2DE9F041884605462D
:1027B000FFF7CCFF06460C464046FFF7C7FF4640F2
:1027C00005F108004C40FFF7C1FF07460D4608F130
:1027D0000800FFF7BBFF7840694030432143BDE864
:1027E000F0810000F8B506460F46FFF7DDFF05460D
:1027F0000C4606F1100007F11001FFF7D5FF284342
:102800002143F8BD2DE9F04F0368B7B0384CC1F152
:10281000000A1A93436837491B938368364D1C930B
:10282000C368364F1D930369DFF8F8B01E93436900
:102830008AEA0B0B324E1F938369DFF8ECE020939A
:10284000C369DFF8E8C02193036A2293436A2393A4
:10285000D0E9102362402B4C05922B4A534006933B
:10286000836A2493C36A2593D0E9122362400D92B0
:10287000264A5340264A0E93036B00922693436BDD
:10288000279381EAEA7320991793836B1891289311
:10289000C36B289A299300F150031192299A219928
:1028A0001292269A19910792279A1E990892249AB1
:1028B000159103921F99259A16910492DDE92242FF
:1028C0001C990F911D9910911A9909911B990A91C0
:1028D0001049CDE9015101F14F7101F5D341583152
:1028E00013910D4914910D49CDE90B710C4F1FE067
:1028F000D182E6ADABD9831F79217E132BF894FEEC
:1029000085AE67BB1F6C3E2B7F520E518C68059BBA
:102910002CCB000819CDE05B3AF54FA572F36E3C65
:102920003BA7CA846BBD41FB08C9BCF367E6096AD3
:102930000099097803EBC10553F831106D686118EF
:1029400042EB0508099D49190A9D45EB0808059DBC
:1029500081EA0509069D88EA050A1AEB0E0E4CEB82
:10296000090C8EEA04048CEA0202250E45EA0225CF
:10297000120E42EA0422009C6478099203EBC4021E
:1029800053F834405268091948EB02084A19059275
:10299000099A48EB02020692059A82EA0A0A069A06
:1029A0004FEA1A4182EA090941EA094209994FEAC4
:1029B0001949349249EA0A423592349A1EEB0202CE
:1029C0002A92359A4CEB02022B922A9A55402B9A66
:1029D00051400A46490041EAD5716D00339145EAFC
:1029E000D2723292009A927803EBC20153F83220ED
:1029F0004968039C0D9DA218049C44EB010E0F999D
:102A000012EB010A1099009A41EB0E0E0E9985EA1D
:102A10000A058EEA0108039918EB070746EB05063D
:102A200087EA010C74404FEA1C6141EA0421240E3C
:102A300044EA0C2492F803C003EBCC0953F83CC0E1
:102A4000D9F804901AEB0C024EEB090E52180D92B5
:102A50004EEB04020E920D9A82EA08080E9A554037
:102A60004FEA184242EA05422D0C309245EA0842EC
:102A70003192309ABA182C92319A46EB02022D927A
:102A80002C9A51402D9A5440620042EAD17249007A
:102A9000099241EAD4720492009A127903EBC201BE
:102AA00053F832204D6807998A18089941EB0505BB
:102AB00015995218169941EB0505179982EA0B04EE
:102AC000039285EA010A0B99009A1AEB01060C9908
:102AD00092F805E041EB040B079953F83E8086EA33
:102AE000010C0899039A8BEA01074FEA1C6112EB6B
:102AF000080241EA07214FEA176747EA0C2703EB70
:102B0000CE0CDCF8049045EB09055218159245EB04
:102B100007021692159A82EA0A0A169A4FEA1A4989
:102B2000544049EA0442240C2E9244EA0A42119C81
:102B30002F922E9AB6182F9A4BEB020B71408BEA0C
:102B400007077A0042EAD1724900089241EAD77237
:102B50000792009A917903EBC10253F83110526841
:102B60006118129C44EB0208189A8918199A42EBD2
:102B70000808019A029C4A40129F88EA040E139C9E
:102B80001EEB0405149C44EB0209119C6C4089EA7D
:102B9000070C270E47EA0C274FEA1C6C4CEA042C62
:102BA000009CE47903EBC40A53F83440DAF804A03B
:102BB0000919059C48EB0A08C919179148EB0C0143
:102BC0001891179981EA0E0E18994FEA1E4A4A4049
:102BD0004AEA024A120C15EB0A0542EA0E4E87EA4F
:102BE000050749EB0E0989EA0C0C4FEA4C0848EA44
:102BF000D7727F00129247EADC721192009A117A22
:102C000003EBC10253F8311052686118069C44EB83
:102C10000208049A8918099A48EB020881EA0A0A0C
:102C2000049A88EA0E0E1EEB06064BEB0A0B86EAA8
:102C30000204099A270E8BEA020247EA02274FEAAA
:102C4000126C009A527A4CEA042C03EBC20453F83B
:102C500032206468891848EB0408CA19099248EBC5
:102C60000C020A92099A8EEA020E0A9A8AEA020A6B
:102C70004FEA1E4242EA0A424FEA1A4A01924AEADF
:102C80000E420292019A92190B92029A42EB0B02A7
:102C90000C920B9A57400C9A8CEA020C4FEA4C04A7
:102CA00044EAD772359C7F00049247EADC720392B3
:102CB000009A927A03EBC20153F832204E680D99C4
:102CC0008A180E9941EB0606079912EB010808993C
:102CD000009A46EB0106349986EA040A88EA010163
:102CE000079C1AEB050549EB010985EA040C089CD1
:102CF00089EA04074FEA1C6444EA07243F0E47EAC6
:102D00000C2792F80BC003EBCC0E53F83CC0DEF856
:102D100004E018EB0C0246EB0E0612190F9246EB7C
:102D2000070210920F9A8AEA020A109A51404FEA5B
:102D30001A4242EA0142090C059241EA0A4206920D
:102D4000059A52191392069A42EB09021492139AA9
:102D50005440149A57407A0042EAD47264000892B0
:102D600044EAD7720792009A127B03EBC20153F830
:102D700032204D6815998A18169941EB050511996D
:102D800012EB010A1299009A45EB010530998AEA83
:102D90000106319985EA01072A9911EB070E2B9953
:102DA00041EB060C11998EEA010412998CEA010894
:102DB000210E41EA08214FEA186848EA042492F8F3
:102DC0000D8003EBC80953F83880D9F804901AEB4A
:102DD000080245EB09055218159245EB04021692BC
:102DE000159A5740169A56403A0C42EA0642360C5B
:102DF0000D9246EA07420E920D9A12EB0E0E0E9AB3
:102E000042EB0C0C81EA0E0184EA0C044FEA440AFE
:102E10004AEAD1724900129241EAD472179C119287
:102E2000009A917B03EBC10253F83110526861188C
:102E3000189C44EB0208329A009C8918339AE47B70
:102E400048EB02082E9A81EA02092F9A88EA020AC0
:102E50002C9A12EB0A072D9A42EB0906329A87EA5E
:102E6000020B339A4FEA1B65724045EA0225120EA7
:102E700042EA0B2203EBC40B53F83440DBF804B0F6
:102E8000091948EB0B084919189148EB02011991EF
:102E900018998AEA010A199989EA01094FEA1A413F
:102EA00041EA094B4FEA19491BEB070749EA0A4176
:102EB00085EA070541EB0606179182EA06014A00FA
:102EC00042EAD5726D0045EAD17400991031009143
:102ED000009D3949A9427FF42BAD099B0C9D83EAE3
:102EE0000E010A9B83EA0C081A9B59401B9B88EA37
:102EF0000303C0E900130F9B13997B401F46109BEF
:102F000073401E461C9B5F401D9B5E40159BC0E9A5
:102F100002760B9E5E40169B5D401E9B5E401F9B93
:102F20005D40189BC0E904655940199D149B83EAD4
:102F30000508209B5940219B88EA0303C0E906133A
:102F4000059B83EA0409069B83EA020A229B89EA1D
:102F50000304239B8AEA0302C0E90842039B0D9AFB
:102F6000049C83EA020C0E9B259A5C40249B1299D8
:102F70008CEA03035440179AC0E90A34079B83EA9A
:102F80000B04089B83EA020A269B5C40279B8AEA83
:102F90000302119BC0E90C42019A5A40029B83EA4A
:102FA000010A289B5A40299B8AEA0303C0E90E23A1
:102FB00037B0BDE8F08F00BFECCB000870B5054618
:102FC0000E46144622B9802221465030FFF700F801
:102FD00024F00700E40004F038042844A4F120039E
:102FE000C4F1200206FA04F406FA03F326FA02F208
:102FF0001343D0E9146234431343C0E9144370BD52
:1030000028220021FEF7E4BF01232422002140F8FA
:10301000043BFEF7DDBF0000002351F8232040F8F9
:10302000232001330A2BF8D170470000002351F808
:103030002320524240F8232001330A2BF7D1704756
:10304000002330B551F8234052F823502C4440F867
:10305000234001330A2BF5D130BD0000002330B5E9
:1030600051F8234052F82350641B40F823400133A9
:103070000A2BF5D130BD000030B55242041F04398F
:10308000243054F8045F51F8043F844283EA050376
:1030900003EA020383EA05032360F2D130BD000096
:1030A0002DE9F04F8BB0044608460025FFF74CFB96
:1030B0000190081DFFF740FB8301C81D0093FFF737
:1030C0003BFB4FEA401A01F10A00FFF735FB4FEADC
:1030D000C00B01F10D00FFF72FFB860001F110007E
:1030E000FFF732FB814601F11400FFF725FB4FEAA1
:1030F000C01801F11700FFF71FFB470101F11A008B
:10310000FFF71AFB030101F11D000493FFF714FB05
:10311000019A6C4B03EA800312F1007005934FEAA9
:10312000906045F1000340EA83109B1681064FEA48
:10313000901C521A06926CEB4C020792009A1018DF
:1031400043F1000216F1007C45F100014FEA9C6C4E
:103150004CEA811C89164FEA8C634FEA9C15F31ADE
:1031600065EB450619EB0C0941F1000110F1807C7B
:1031700042F100054FEA5C6C4CEAC51C6D161AEB77
:103180000C0AA0EB4C6245F1000519F18070089221
:103190004FEA506041F1000240EAC2105216A9EB1A
:1031A0004061099118EB0001009142F100021AF10F
:1031B000007145F10005890E41EA8511AD161BEB42
:1031C00001004FF0130B019045F10005009810F13C
:1031D000007042F10002800E40EA821092163F1801
:1031E000029742F10002019F17F1807E45F1000530
:1031F0004FEA5E6E4EEAC51E029D13EB0E0346F1CA
:10320000000615F18077049D42F100027F0E0393C2
:1032100047EAC2175216ED1942F1000213F1007C81
:10322000049546F100064FEA9C6C069B4CEA861C0E
:1032300015F10076059D42F10002B60E46EA8216AF
:10324000921615EB060942F1000219F1807542F160
:1032500000026D0E45EAC215A5FB0B2BA9EB4565D7
:10326000D218079B4BEB030B12F10078089B4BF134
:10327000000B4FEA986848EA8B18A2EB886222603C
:1032800013EB08026260AAEB8162A260019B656297
:10329000A3EB4E61039BA3EB8C63E1602361099B6D
:1032A00013EB0C036361009BA3EB8063A361029BA0
:1032B000A3EB4760049BA3EB8666E06126620BB03C
:1032C000BDE8F08FFCFFFF012DE9F04F0D688BB0DA
:1032D0000C694FF0130B82FB055C82FB044615F171
:1032E00000774CF1000ABF0E47EA8A174FEAAA6836
:1032F0000AF07C4ABB064AEA971AEB1A4D68069315
:103300006CEB0A0314F1007CC2FB0578079346F1CD
:10331000000E4FEA9C6C4D694CEA8E1C4FEAAE6A77
:103320000EF07C4E4FEA8C634EEA9C1EC2FB05CA2F
:10333000E41A66EB0E0E17F1807548F100086D0E69
:1033400045EAC8154FEA6863A7EB45668F6808969B
:103350001CF18076C2FB07534AF1000A760E15F184
:10336000007946EACA1643F100034FEA9969ACEBCB
:10337000466749EA831909974FEA6A6A8F699B167B
:10338000A5EB8965C2FB076ACF6801964E46C2FB72
:1033900007630296019ECF6916F1007C4AF1000A8C
:1033A0004FEA9C6C4CEA8A1C4FEAAA6A6646C2FB4A
:1033B000076A0396029E16F1807843F100034FEAF4
:1033C000586848EAC31814EB08044EEB6366039B85
:1033D00013F180770B6A496A4AF1000A7F0E856013
:1033E00047EACA174FEA6A6ABE46C2FB03EACDF84B
:1033F00010E014F1007E46F100034FEA9E6E4EEAA3
:10340000831E049B13F10076A4EB8E644AF1000343
:10341000B60E46EA83169B16B246C2FB01A31AF10A
:103420008071CDF814A043F10003490E41EAC311A5
:103430005B16A1FB0B2A0BFB03AA069BD218079B6A
:103440004AEB030A12F100734AF1000A9B0E43EAA9
:103450008A13A2EB83620260089AD3184360029B2E
:10346000A3EB4863C3600461099B13EB0E03436144
:10347000019BA3EB8C638361039BA3EB4767049BD6
:10348000A3EB8666059BC761A3EB416106624162BF
:103490000BB0BDE8F08F00002DE9F04FA5B04FF064
:1034A000130E8146D1E90053D2E9008408938B685A
:1034B0000EFB04F00193CB680993D1E904C30A938E
:1034C000D1E906730B93D1E908630C9393680293D7
:1034D000D36804931369069353690D9393690F930B
:1034E000D3691693136A1893536A1993089B5B0068
:1034F0001093099B5B0011930A9B5B0012930B9B3B
:103500005B0013930C9B5B001493029B0EFB03F375
:103510001A93049B0EFB03FB069B0EFB03F317930E
:103520000D9B0EFB03F315930F9B0EFB03F30E9302
:10353000169B0EFB03F30793189B0EFB03F30593F7
:10354000199B0EFB03F30393039A109B83FB021A50
:10355000019B1A46059BC5FB081AC2FB031A119B67
:103560001A46079BC2FB031A0E9BCCFB031A129B45
:103570001A46159BC2FB031A179B039AC7FB031A33
:10358000139BC3FB0B1A1A9BC6FB031A149BC3FBAA
:10359000001A089B1B9188FB03300199C5FB04307E
:1035A000C2FB013005990A460999C2FB013007990F
:1035B000C1FB0C300E990A460A99C2FB01301599DD
:1035C000C1FB073017990A460B99C2FB01301A99C3
:1035D000CBFB063002460C98C1FB00321A93109BBD
:1035E000029983FB04301C92C5FB01300199039AB8
:1035F000C8FB01301199C2FB01300599C1FB0C30A9
:1036000007990A461299C2FB01300E99C1FB073097
:1036100015990A461399C2FB01301799C1FB063070
:103620001499CBFB01300299CDE91D30089B83FB37
:1036300001B0049B0A99C5FB03B0019BC3FB04B016
:10364000099BC8FB03B0039BC3FB0CB0059BC3FBEA
:1036500001B0079B0B99C3FB07B00E9BC3FB01B0E6
:1036600017990C9BC2FB06B0C1FB03B0109B0499D9
:10367000209083FB01310698CDF87CB0C5FB00316A
:10368000019802460298C2FB00311198039AC0FBD0
:1036900004311298C8FB0C31C2FB00310598C0FB05
:1036A0000731079802461398C2FB00310E98C0FB01
:1036B0000631159802461498C2FB003106981593FE
:1036C000089B0D9A83FB00031791C5FB0203019A27
:1036D0009346049ACBFB0203099A9346029ACBFBCA
:1036E00002030A9ACCFB0403C8FB0203039AC2FB41
:1036F0000703059A93460B9ACBFB0203079AC2FB7A
:1037000006030E9A93460C9ACBFB02030D9A219363
:10371000109B0E9083FB02030F9AC5FB0203019AD4
:103720009346069ACBFB0203119A9346049ACBFB6D
:103730000203029ACCFB0203129AC2FB0403139AFF
:103740000399C8FB0703C1FB0203059AC2FB0603EA
:10375000079A9346149ACBFB02030F9A2293089B75
:10376000079083FB0203169AC5FB0203019A934656
:103770000D9ACBFB0203099A9346069ACBFB0203F0
:10378000049ACCFB02030A9A9346029ACBFB0203EB
:103790000B9AC7FB0403C8FB0203059AC1FB06038F
:1037A00093460C9ACBFB0203169A2393109B059029
:1037B00083FB0203189AC5FB0203019A93460F9AF2
:1037C000CBFB0203119A93460D9ACBFB0203069A98
:1037D000CCFB0203129A9346049ACBFB0203029A93
:1037E000C7FB0203139AC2FB0403149AC8FB060327
:1037F000C1FB0203189A1193089B109083FB0232BD
:1038000019981799C5FB003201981546169AC0FB06
:103810000235099A0F98C2FB00350D9A0698CCFB29
:1038200002350A9AC2FB0035049A0298C7FB02359A
:103830000B9A159FC2FB00350C98C6FB04352A462F
:103840001B9CC8FB003206931B9B089213F1007669
:103850004AF10000B60E46EA801600F07C43B2063C
:1038600043EA9613A21A6AEB030309920A931A9B7E
:103870009E191C9B43EBA060159B13F10075179BD1
:103880004FEA956543F1000345EA831503F07C4454
:10389000AA0644EA9514BA1A61EB04010E9C651954
:1038A000219C44EBA36316F1807440F10000640E88
:1038B00044EAC014A6EB44660B961D9E341901948D
:1038C0001E9C44EB606015F1807443F10003640EAC
:1038D00044EAC314A5EB44650C95079D2C1902948A
:1038E000229C44EB6363019C14F1007440F10000DE
:1038F0004FEA94681F9C48EA801814EB080B209C40
:1039000044EBA060029C14F10076059C43F1000397
:10391000B60E46EA831614EB060A239C44EBA36317
:103920001BF1807C40F100004FEA5C6C4CEAC01C4B
:1039300012EB0C0241EB60611AF18075109843F1B3
:1039400000036D0E039245EAC3154019AAEB4565C5
:103950000490119840EB636312F1007741F100018C
:10396000BF0E47EA8117049911F10074069943F1DB
:103970000003A40E44EA831409190591089941EB48
:10398000A363059911F1807043F10003400E40EAF2
:10399000C3105B16A0FB0E120EFB0323099A8918B5
:1039A0000A9A43EB020311F1007E43F100034FEA50
:1039B0009E6E4EEA831E0B9B13EB0E03A1EB8E61F2
:1039C000C9F80430019BC9F80010A3EB8863C9F85B
:1039D0000830ABEB4C63C9F80C30039BA3EB876258
:1039E000C9F810200C9BC9F81C50DF19029BA3EBEF
:1039F0008666049BC9F81470A3EB8464059BC9F820
:103A00001860A3EB4060C9F82040C9F8240025B035
:103A1000BDE8F08F2DE9F04F95B082464FF02608B3
:103A2000D1E90262D1E9003008924FEA400B4FEA37
:103A3000430ED1E904720392D1E9065204920A6A54
:103A400005924A6A1321099272000692089A52005E
:103A50000192039A52000292049A52000A9201FBC8
:103A600005F20B92049A08FB02F20792059A01FBF9
:103A700002F9099A039908FB02F208FB01F88BFB93
:103A8000021CC3FB031C7300C3FB091C019B1C46E7
:103A9000079BC4FB031C0B9C7B00C3FB041C039B08
:103AA000C3FB081C82FB06380C910199CEFB003841
:103AB000C9FB01380799C1FB073802990C460B99DD
:103AC000C1FB04380D938BFB00310198CEFB06310E
:103AD000C2FB00317800C9FB003107980446029808
:103AE000C4FB00310B98C0FB053108980E910B9375
:103AF0008BFB0631CEFB00310298C2FB0731C9FBBC
:103B00000031C4FB0531CDE90F31019B68000299FA
:103B10008BFB0334CEFB0734C6FB0634C2FB0134F7
:103B20000799C9FB00340498C1FB00348BFB0716CE
:103B30000793039B0898C3FB0E16069BC3FB001656
:103B40000A98C2FB05160B463146C9FB0031CDE988
:103B50001131029B8BFB0310069BCEFB0510C3FBB0
:103B60000710019B1E46089BC6FB03100A9BC2FB65
:103B70000310059B0E46C9FB03608BFB05130896DB
:103B8000049ECEFB0613069EB146039EC9FB061398
:103B9000019EC6FB0713059E89460699C2FB069344
:103BA00013930A9BCDF80C908BFB0393CEFB0693EB
:103BB000C1FB0593DDE90116C1FB06930999C7FB1B
:103BC0000793C2FB01930A93059B0E468BFB0312DE
:103BD000069BCEFB0612049EC3FB0612019BC3FB91
:103BE0000512029D0E461346C7FB056306930C9B08
:103BF0000C9D13F1007E05964CF100014FEA9E6E7C
:103C00004EEA811E01F07C434FEA8E6243EA9E1326
:103C1000AD1A6CEB03030995079D0C930D9B13EBF9
:103C20000E0E079B48EBA16813F1007C44F10003E2
:103C30004FEA9C6C4CEA831C03F07C414FEA8C6297
:103C400041EA9C11AA1A64EB0104119911EB0C0CC6
:103C5000129941EBA3631EF1807648F10001760EC4
:103C600046EAC116AEEB466507950B9DAD19019569
:103C70000E9D45EB61611CF1807E43F100064FEA29
:103C80005E6343EAC613ACEB43650B95089DEB18E6
:103C9000029340EB6663019810F100760F9841F1B2
:103CA00000014FEA966848EA811810EB080B10985B
:103CB00040EBA161029810F1007643F10000B60ECE
:103CC000039B46EA80169B190393139B43EBA06367
:103CD0001BF1807C41F100004FEA5C6C4CEAC01C97
:103CE00012EB0C0244EB60610398049210F18075B2
:103CF0000A9843F100036D0E45EAC31519EB050957
:103D000040EB636312F100774FF0130241F10001C1
:103D100019F100744FEA976743F10003A40E47EAD4
:103D20008117059944EA83140919A9EB8464059164
:103D3000069941EBA363059911F1807043F10003EB
:103D4000400E40EAC3105B16A0FB021E02FB03E319
:103D5000099A89180C9A43EB020311F1007E43F192
:103D600000034FEA9E6E4EEA831E079B13EB0E0381
:103D7000A1EB8E61CAF80430019BCAF80010A3EBD6
:103D80008863CAF80830ABEB4C63CAF80C30049B6C
:103D9000A3EB87620B9BDF19CAF81020CAF81470D6
:103DA000029BCAF82040A3EB8666039BA3EB456504
:103DB000059BCAF81860A3EB4060CAF81C50CAF80B
:103DC000240015B0BDE8F08F0029A1BFCB1001F091
:103DD0000701C05C40FA01F1ACBF01F00100002016
:103DE0007047000070B500F11C02041F084E01204E
:103DF000002556F8041B54F8043FC9435B1845EBF3
:103E000005011B1841F10000A242F2D170BD00BFB4
:103E100094C60008F8B50024064608460D46FFF78C
:103E2000E1FFDFF834C00246C117C0F1000E2046A2
:103E30005CF8043B55F824702EEA0303DB1940EBD1
:103E400000079B1846F8243004F1010441EB0702F7
:103E50000021082CECD1F8BD94C6000810B504462A
:103E6000FFF7CEF804F12800FFF7CEF804F1500078
:103E7000FFF7CAF804F17800BDE81040FFF7C0B8BA
:103E800038B50A4605460C462831FFF7D9F82830E0
:103E9000FFF7E4F804F1500105F15000FFF7BCF81A
:103EA00004F1780105F17800024ABDE83840FFF7D7
:103EB000F3BA00BFDCC600082DE9F04395B0044614
:103EC00016460D460A466846283104F12808FFF7D1
:103ED000B7F80AA8FFF7C2F8324669466846FFF706
:103EE000DBFA0AA906F1280204F15007084604F19A
:103EF0007809FFF7D1FA0AAA69464046FFF7A0F809
:103F00002046FFF7ABF805F1500238461146FFF79F
:103F100097F806F150023946FFF7BEFA06F178022B
:103F200005F178014846FFF7B7FA4A463946684630
:103F3000FFF786F80AA8FFF791F84246214648465F
:103F4000FFF7AAFA0AAA21462046FFF7A5FA6A4611
:103F500041464046FFF7A0FA0AAA69463846FFF7ED
:103F60009BFA15B0BDE8F0832DE9F84F0A9E1C4678
:103F70000546904618460F460A462831FFF760F876
:103F8000304605F1280AFFF769F8424621462046E7
:103F900005F15009FFF780FA08F128023146304652
:103FA000FFF77AFA324621465046FFF749F828468D
:103FB000FFF754F807F1500205F1780B4846114617
:103FC000FFF73EF808F1500207F178015846FFF775
:103FD00063FA5A4649462046FFF732F83046FFF763
:103FE0003DF8524629465846FFF756FA32462946CA
:103FF0002846FFF751FA224651465046FFF74CFA41
:10400000324621464846BDE8F84FFFF745BA000062
:104010002DE9F047144689460746104604F1280862
:1040200009F1280A04F15005FFF7F4FC5146404617
:10403000FFF7F0FC09F15001284604F17806FFF77C
:10404000E9FC294628460222FFF73EF9494607F1D6
:10405000780952463046FEF7F3FF31464846FFF7EF
:10406000D9FC224641463046FEF7EAFF4046FEF7BD
:10407000F5FF324649462046FEF7F0FF4246294604
:104080002846FEF7EBFF2A4621463846FFF704FA9A
:104090004246314607F12800FFF7FEF92A4641461D
:1040A00007F15000FFF7F8F9324621464846BDE8CF
:1040B000F047FFF7F1B9000038B5FC2204460D4681
:1040C00011462846FFF780FE08B9013AF8D14FF6AD
:1040D000FF7301322380E270A37038BD2DE9F84FE1
:1040E0009846C37805460E4693420CD11146404689
:1040F000571EFFF769FE044640463946FFF764FE47
:10410000844209D1EF70B5F9003093420CBF95F9A4
:1041100002000020BDE8F88F511C4FF000098E42CC
:10412000A8BF0E4606F1FF3A971B04FA0AF4BB46F5
:104130006442CA450BF1010B09DD59464046FFF7C1
:1041400043FE00FA09F009F101090444F1E7394698
:104150004046FFF739FE04446342234013F0AA0FA0
:1041600014BF0120002013F0CC0118BF022113F06E
:10417000F00340EA010018BF0423511C03438E1BC7
:104180001E4444FA03F32E80AB70BBE7D0E9103233
:1041900010B5D0F8D04000211B1952F1000228BF01
:1041A0000121C0E9103231B1D0E91232013342F1BC
:1041B0000002C0E9123210BD70B50D46A0F108062C
:1041C00000F1780428460835FEF7C0FAE6E9020156
:1041D000A642F7D170BD0000F8B504460D468E1812
:1041E0000027B54218D0D4F8D030802B07D1204614
:1041F000FFF7CCFF0021FEF705FBC4F8D070D4F820
:10420000D020204615F8011BFEF7D8FED4F8D03098
:104210000133C4F8D030E4E7F8BD000008B5FEF77C
:10422000E1FA0843B0FA80F04009013808BD000007
:1042300000231A468B4202D0C2540133FAE770477A
:1042400070B59EB005460C4604266846FFF7E2FBB3
:1042500069460AA8FFF7DEFB0AA90846FFF7DAFB62
:104260000AAA21461046FFF717F90AAA69466846C6
:10427000FFF712F969466846FFF7CCFB6A460AA9C0
:104280006846FFF709F969460AA8FFF7C3FB0AA9C0
:104290000846FFF7BFFB013EF9D16A460AA9684606
:1042A0000926FFF7F9F869460AA8FFF7B3FB0AA940
:1042B0000846FFF7AFFB013EF9D10AA96A4613266B
:1042C0000846FFF7E9F80AA914A8FFF7A3FB14A909
:1042D0000846FFF79FFB013EF9D10AAA14A9092657
:1042E0001046FFF7D9F80AA90846FFF793FB0AA979
:1042F0000846FFF78FFB013EF9D16A460AA96846D6
:104300003126FFF7C9F869460AA8FFF783FB0AA917
:104310000846FFF77FFB013EF9D10AA96A466326EA
:104320000846FFF7B9F80AA914A8FFF773FB14A908
:104330000846FFF76FFB013EF9D10AAA14A93126FE
:104340001046FFF7A9F80AA90846FFF763FB0AA978
:104350000846FFF75FFB013EF9D16A460AA96846A5
:10436000FFF79AF869466846FFF754FB69466846C6
:10437000FFF750FB224669462846FFF78DF82821B3
:104380006846FFF755FF0DEB0100FFF751FF14A83A
:10439000FFF74EFF1EB070BD10B58CB0044602A8EA
:1043A0000191FFF74DFF02A90846FFF733FB02A971
:1043B0000846FFF72FFB02A9019A0846FFF76CF8A1
:1043C00002A90846FFF726FB019A02A92046FFF73B
:1043D00063F8282102A8FFF72BFF0CB010BD0000E6
:1043E00070B58AB002460B4601F128066D46186882
:1043F000083353F8041C2C46B34203C42546F6D1B7
:104400001321099B684600244B43694603F18073DE
:104410005B160568013408302B4450F8045C052C09
:1044200005EBA3634FEA6363F3D1132000244343F6
:104430000868013408310344052C23F07C4041F81E
:10444000080C51F8040C00EBA3604FEA606320F005
:104450007E4041F8040CEBD11046DDE9003143EA1F
:104460008161FEF77FF90299019B101DC90441EAA1
:104470009311FEF777F90399029B02F108004903B3
:1044800041EA5331FEF76EF90499039B02F10C00E7
:10449000890141EAD341FEF765F902F11000DDE937
:1044A000053143EA4161FEF75DF90799069B02F188
:1044B0001400C90441EAD311FEF754F90899079B87
:1044C00002F11800090341EA5331FEF74BF909994B
:1044D000089B02F11C00890141EA1351FEF742F9E1
:1044E00028216846FFF7A4FE0AB070BD2DE9F04F01
:1044F0002DED028B9DB00C466422002108EE100ABF
:1045000003A8FDF765FD0DF10C080022DFF8E0E0DF
:10451000414604F13C099246CDF800805EF8043B28
:10452000251F8C4600269846284650F8047FD3461F
:10453000DCF800300197019FE8FB073B9B194BF12A
:10454000000681454CF8043BEFD101320E64043182
:10455000092AE3D10021202203A8FDF739FD00211B
:1045600003AB8E461A6C0020DFF888A09C4690466C
:104570000646C1F108095AF8047BF346DCF800202E
:1045800001300197019FE8FB072B92194BF10006C0
:1045900048454CF8042BEED3013104330829E1D10E
:1045A0001C3401210020009B1A6855F8043FD243B7
:1045B0009B1840EB00025B18009941F8043B009106
:1045C00042F10001A542EED103A90846FFF722FC03
:1045D000082203A918EE100AFEF7DAF8642103A8EE
:1045E000FFF726FE1DB0BDEC028BBDE8F08F00BFCB
:1045F000ECCB000894C6000810B588B001466846A8
:10460000FFF7EEFE9DF800406846202104F001040B
:10461000FFF70EFE204608B010BD000030B59FB079
:104620000D46044650316846FFF7B6FE6A462946F5
:104630000AA8FEF731FF6A4605F1280114A8FEF723
:104640002BFF14A92046FFF7CBFE0AA8FFF7D4FFE3
:10465000E37F282183EAC010E0776846FFF7E8FD92
:104660000DEB0100FFF7E4FD14A8FFF7E1FD1FB01B
:1046700030BD000010B590B00446102201466846D7
:10468000FEF778F869462046FFF730FF402168467C
:10469000FFF7CEFD10B010BD10B590B00C4601462E
:1046A0006846FFF79DFE214608A8FFF799FE08A976
:1046B0006846FFF7B3FD202104466846FFF7B8FDC2
:1046C0000DEB0100FFF7B4FD601C10B010BD000041
:1046D000F0B595B004466846FEF79EFC6946204654
:1046E000FFF7AEFD21460AA8FFF794F90AA96A462A
:1046F0000846FEF7D1FE6846FEF786FC69460AA822
:10470000FFF7CAFF694606466846FEF78FFC0AA80F
:10471000FFF7C2FF104A054668461146FEF786FCC1
:1047200069460AA8FFF7B8FF0746214668460A4AC5
:10473000FEF7B2FE45EA070269462046FEF79CFCFA
:1047400028210DEB0100FFF773FD6846FFF770FDB0
:1047500046EA050015B0F0BD44C70008DFF880C088
:104760002DE9F0419046A0B004460E461D4600F1EA
:1047700008070CF138026346083703CB934247F829
:10478000080C47F8041C9C46F5D186EA0522124B1A
:104790000021534000222360104B63600023C4E9D2
:1047A0003416C4E91023C4E912238DB17C2201A878
:1047B0000091FDF70DFC2A4641466846FDF7E2FBF5
:1047C000694604F15000FFF7F7FC8023C4F8D030AD
:1047D00020B0BDE8F08100BF08C9BDF267E6096AF4
:1047E0000CC70008002340211A46FFF7B7BF00009E
:1047F0008830FFF7F7BF00002DE9F04704460D466B
:1048000017469AB3D0F8D0604FF0000A04F150096F
:104810004FF08008764206F07F06964228BF164683
:1048200032463544BE1BFFF7D7FC26F07F072F44E6
:10483000AF4213D0D4F8D030802B07D12046FFF7F9
:10484000A5FC0021FDF7DEFFC4F8D0A029464846AC
:10485000FFF7B2FC8035C4F8D080E9E706F07F02AC
:1048600039462046BDE8F047FFF7B6BCBDE8F08703
:104870008830FFF7C1BF00002DE9F84304460D461C
:10488000D0F8D0607F2E06D832460021204601366F
:10489000FEF794FBF6E72046A4F10807FFF776FC45
:1048A0000121FDF7AFFFD4F8D4202E4622F00708EF
:1048B000A84446450CD057F8081F3046D7F8049056
:1048C000FDF750FF301D08364946FDF74BFFF0E776
:1048D00022F00703D4F8D4209A4217D903F0070234
:1048E00023F00700DE08D100204454F83620476842
:1048F000C1F12006A1F12000CA4007FA06F627FA06
:1049000000F032430243EA540133E3E72046D82162
:10491000BDE8F843FFF78CBC8830FFF7ADBF00005F
:1049200010B5B6B004466846FFF718FF6846DDE9E3
:104930003812FFF761FF21466846FFF79DFF36B04A
:1049400010BD0000002307B5CDE900121A46402132
:10495000FFF7E6FF03B05DF804FB000003689B6807
:10496000184700002DE9F0410E460446154601396E
:10497000024606F13F0042F8043B11F8017F8142F4
:1049800002F8017BF9D16A1E04F1640105F11F00F0
:1049900012F8017F824201F8017BF9D120465B6861
:1049A00098472368314620469B6820229847236811
:1049B000294620469B682022BDE8F04118470000A8
:1049C000014BFFF7CFBF00BF10CC0008FFF7C6BFF9
:1049D0002DE9F04F8046ADF56F7D054658F8043B54
:1049E00016A905F1240A05F16409DB6826AC98478D
:1049F00016A8FFF73FFE0822514604A8FDF7BAFEAD
:104A0000494630A8FEF74CFB3AA8FEF7FDFA30A95C
:104A100044A8FEF7FFFF864A44A92046FEF73CFD66
:104A200044A93AAA0846FEF719FB20462146FEF79C
:104A300007FB44A92246FEF72FFD21462046FFF73B
:104A400047FE28B94FF0FF300DF56F7DBDE8F08FC0
:104A5000224644A92046FEF71FFD2046FFF7CCFD65
:104A600095F88330B0EBD31F03D021462046FEF7E4
:104A7000DDFA44A830AA2146FEF70EFD04A8FFF790
:104A8000B1F90028DED121462046FEF7CFFA44A92D
:104A90004EAF0846FEF7CAFA76AA21463846FFF717
:104AA000B7FA21469EA8FFF7EBF99EAA394676A8E9
:104AB000FFF702FA76A9C6A8FFF7E2F916A902A83D
:104AC000FFF7FAFA03A85146FFF7F6FA9DF80B60D4
:104AD0009DF80F3020469E4238BF1E46FFF7BEF9B4
:104AE0003A4621462046FFF793FA16AB3246032199
:104AF00002A8FFF7F3FA05465346052103A8FFF77E
:104B0000EDFA002D834623DD6D10A0229EAB02FB43
:104B1000053221462046FFF7CFF9BBF1000F3ADD01
:104B200076AB44494FEA6B0B78220093204602FB98
:104B30000B120CAB2146FFF717FA013ED0D226A983
:104B40004846FFF76BFD49464046FFF767FB7BE7AA
:104B5000E3D005EBD5756FF09F019EAB80A86D107B
:104B60004D435919FEF758FA9EAB05F1280176A876
:104B70001944FEF751FA9EAB05F150018AA8194479
:104B8000FEF74AFA9EAB05F1780194A81944FEF7A6
:104B90004DFA76AABDE7D0D00BEBDB73254A6FF058
:104BA000770530A95B100CA803FB05252246FEF70C
:104BB00047FA76A8FEF752FA0CA905F12802084632
:104BC000FEF76AFC76A92A460846FEF765FC76AA37
:104BD0000CA930A8FEF734FA2046FEF73FFA3AAAAD
:104BE00011461046FEF72CFA44A905F1500208467A
:104BF000FEF752FC44AA3AA90CA8FEF72FFA76A8B1
:104C0000FEF71EFA30AA214644A8FEF745FC76AA14
:104C100021462046FEF740FC30A90CAA0846FEF7C4
:104C20003BFC76AA0CA93AA8FEF736FC85E700BF44
:104C3000B4C600086CC700080121884238BF084686
:104C400005F022BC08B105F023BC704710B5084C34
:104C500001220849002001F0C3FE23783BB1064839
:104C600003F0AEFF044803F0E1FF0023237010BD02
:104C70000434002024CC0008E43600202DE9F04163
:104C8000234C244E236DBBB901224FF4004104F1A3
:104C9000500005F05FFD236D1B686BB901224FF4D6
:104CA000805104F1500005F055FD236D1B681BB9C0
:104CB00000203070BDE8F08133780BB1FFF7C6FFFC
:104CC0000324154F4FF00008114D13492846C7F82B
:104CD000048003F09DFF284603F0D6FD38B1013C67
:104CE000284603F0A3FF14F0FF04E1D0EDE70B49E1
:104CF00001220B4801F074FE014618B1284603F06A
:104D00005FFFECE7074800F011F80120D1E700BF92
:104D1000E4360020043400203C22002024CC00088B
:104D20000834002028CC000802F0B4BC0FB40020E6
:104D300004B07047006870470346006859687047C0
:104D40000B0A017043700B0C090E8370C170704721
:104D5000110A027003714170110C120E8170C27041
:104D60001A0A42711A0C1B0E8271C371704700003F
:104D7000C36A0239023B8B4283BF4389006C01FB4B
:104D80000300002070470000C2F307238A76CB7629
:104D90000378032B01BF120C0A75120A4A7570477B
:104DA00000F10B010022D30143EA520310F8012B5A
:104DB00052FA83F38842DAB2F5D110467047000008
:104DC00010B5417804460020013102464901022A0B
:104DD00016BFA35C032203EBC03302F101021EBF26
:104DE0009BB203EB500398B29142F0D810BD000083
:104DF00002684AB1134613F8011B1F290DD93A293D
:104E0000F9D1911C8B4202D04FF0FF3070471278DD
:104E1000302AF9D1036000207047014B18787047A1
:104E20005436002038B50D46044618B90920002331
:104E30002B6038BD0368002BF8D01A78002AF5D013
:104E40008188DA889142F1D1587804F087FE10F019
:104E50000100EBD12368EBE738B50D4640F2523143
:104E6000144602F0B9F9FF2807D9012C0BD9030A1F
:104E7000022468702B70204638BD30B1002CFAD067
:104E800001242870F7E70024F5E70446F3E7000063
:104E90002DE9F8430026D0F8008005460C468E76B2
:104EA000836B002B4AD098F80030042B4BD133464B
:104EB0003546402720E0B7F5187F80F0C480F9061A
:104EC00006F1010608BF0237D05B02372BB900F5A7
:104ED000205292B2B2F5006F0DD305F11A01C5F15F
:104EE000FF0240EA03402144FFF7B6FF002800F02C
:104EF000AA80054400200346D8F8102092F8231019
:104F0000B142D8D8002B40F09E80002D00F09B804D
:104F100000232544AB766373D8F81020137903F08F
:104F20003701DB0621730BD402F13800FFF704FFD1
:104F3000C4E9000193896381D3892381BDE8F883A3
:104F400000200146F4E7C36C01335ED1EA6B002315
:104F50002E26551E184615F8011F013020290CD0A9
:104F6000052908BFE521092804D10B2B9EBFE718AE
:104F700001337E73E718013379730B28EBD1E11805
:104F800000204873A17E00294BD1002B40D06FF048
:104F90000C0604F10D000825361B331810F8011B10
:104FA000002938D02E298BB24AD0A3F1410119290A
:104FB00003D8117B0D4200D020330373EDE7B9F124
:104FC000000F05D100F520539BB2B3F5006F0BD352
:104FD00007F11A01C7F1FF0240EA09402144FFF737
:104FE0003BFF48B10744002002368146D8F80C3018
:104FF000985B0028E3D13846B9F1000F4FF000026A
:1050000018BF002023189A76A0E7B1463746EDE78F
:105010003F23A3760123234400219976137B03B910
:105020006373D37A02F11C0003F03F032373002360
:10503000FFF780FE20606360D38A6381138B7CE777
:1050400010250B46B9E73F230125A37660E7000052
:1050500038B50546002435F8020B08B9204638BD9E
:1050600002F0EEF86308C2B203EBC43312FA83F322
:105070009AB2C0F3072303EB520303EBC2339CB293
:10508000E9E7000037B5C37804461BB90025284678
:1050900003B030BD00F14C01826C012340780191D6
:1050A00004F082FD054680B9A36BE070A06C226B12
:1050B000C31A9342EAD2A3780199022BE6D10244A3
:1050C0000123607804F070FDE1E70125DFE70000CF
:1050D00038B5836C05460C468B4210D0FFF7D2FFE3
:1050E00060B92246012305F14C01687804F038FDCF
:1050F00000281CBF4FF0FF340120AC6438BD0020F5
:10510000FCE7000038B500230446C3704FF0FF33BE
:105110008364FFF7DDFF00284BD1B4F84A524AF60A
:1051200055239D4207D10B22254904F14C0007F07D
:1051300033F800283FD094F84C30EB2B03D01833D1
:10514000DBB2012B2ED84AF655239D4206D1082208
:105150001C4904F19E0007F01FF848B3B4F857301B
:10516000B3F5007F1ED194F85930DBB15A1E1A42B4
:1051700018D1B4F85A30ABB194F85C30013B012B34
:1051800010D8B4F85D306BB1B4F85F307F2B06D81F
:1051900004F16C00FFF7CEFDB0F5803F02D3B4F808
:1051A000623053B94AF6552085420CBF02200320D5
:1051B00038BD0420FCE70120FAE70020F8E700BF33
:1051C00054CC000860CC000802392DE9F04701F00A
:1051D00007044FF0010A466C05460AFA04F4174624
:1051E000984606EB1136C1F3C809E4B231462846A9
:1051F0000136FFF76DFF18B10120BDE8F087994631
:1052000005EB090292F84C30234214BF0121002122
:10521000414513D06340013F82F84C3085F803A02C
:10522000EBD0640014F0FF04EAD109F1010301247A
:105230004FF00009B3F5007FE1D1D7E70220DCE7AA
:1052400001290246F8B50C4640F28C800668F36AE4
:105250008B4240F287803378013B032B00F282803F
:10526000DFE803F00229384B04EB5405B16B3046FC
:1052700001EB5521FFF72CFF10B14FF0FF30F8BDC7
:105280006F1CC5F30805B16B3046354401EB57215F
:1052900095F84C50FFF71CFF0028EED1C7F3080724
:1052A000E3073E4496F84C0045EA00204CBF000955
:1052B000C0F30B00E3E7B16B304601EB1421FFF7BD
:1052C00007FF0028D9D1640004F4FF742644B6F81F
:1052D0004C00D4E7B16B304601EBD411FFF7F8FE78
:1052E0000028CAD1A40006F14C0004F4FE74204446
:1052F000FFF720FD20F07040C1E7D0E90430D579F8
:1053000053EA000101D0916801B95DBB9168022D9B
:10531000A4EB01010DD1013B728940F1FF305B0A22
:1053200043EAC053B3FBF2F399421BD81CD0601C74
:10533000A5E7032D02D193698B42F8D8D3699BB9B5
:10534000B16B304601EBD411FFF7C2FE002894D1B7
:10535000A0004C3600F4FE703044FFF7EBFC20F068
:1053600000408CE701208AE76FF0004087E70000EB
:10537000F8B5066804460D463378042B0CBF4FF091
:1053800080524FF400128A4201D80220F8BDCA06AA
:10539000FBD182680163D2B9022B13D83389B3EBF6
:1053A000551FF2D9F36BA363A36B6263002BECD0A0
:1053B00003EB55234C36C5F308050020A3633544A1
:1053C000E563E3E7F36BC271002BE7D01A467789F8
:1053D0007F02BD42114604D23046FFF7C9FCA063EC
:1053E000E2E72046FFF72CFF431C024606D00128C7
:1053F000CBD9F36A8342C8D9ED1BEAE70120C5E7A0
:1054000001292DE9F04706460C46174608D9C36A1C
:105410008B4205D90378022B62D003D8012B22D00E
:10542000022552E0033B012BFAD8816B01EBD4112A
:10543000FFF74EFE0546002847D1A40006F14C03B5
:1054400004F4FE741C443378042B07D0204627F064
:105450007047FFF76FFC00F0704007433946204665
:10546000FFF76EFC2FE001EB5108816B01EB582137
:10547000FFF72EFE054640BB14F0010406F14C096F
:1054800008F1010AC8F3080808BFFBB230461FBF85
:1054900019F8083003F00F023B0103F0F00318BFC6
:1054A000134309F808300123B16BF37001EB5A2163
:1054B000FFF70EFE054640B9CAF3080A44B1C7F328
:1054C000071709F80A700123F3702846BDE8F08732
:1054D00019F80A30C7F3032723F00F031F43F0E73F
:1054E000816B01EB1421FFF7F3FD05460028ECD199
:1054F000640006F14C0304F4FF741F551919C7F337
:1055000007274F70DFE70000F8B504460E46174640
:10551000E3690BB91846F8BD012BA6EB030520681B
:1055200014BFAA1C3A46691CFFF76AFF0028F2D193
:10553000E369013BE361EBE701292DE9F843064606
:105540000C461746056802D80220BDE8F883EB6ACE
:105550008B42F9D97AB9A14621463046A046FFF7D9
:105560006FFE0446B0B92B78042B02D1002F43D133
:10557000F7710020E9E72B78042B02D1C379022BC5
:10558000E9D04FF0FF3239462846FFF739FF0028AF
:10559000E1D0DAE70128D7D0421C01D10120D4E7BD
:1055A0002B78042B19D1EA6AAB69023A93421CD3D7
:1055B00008F10102A2420CD02B78042B08D1002361
:1055C000A2EB090249462846FFF7FEFD0028BCD1A0
:1055D000A146EB6AA342BFD8C5E700224146284650
:1055E000FFF70EFF0028DED0AFE70133AB612B7968
:1055F00043F001032B71DBE7F3798BB9B468BC424C
:1056000002D10223F371B4E721463046FFF718FEBA
:10561000012899D9431CC1D001348442EFD0A8E7B6
:10562000032BA6D1B368BB42A3D8B2691344BB42D3
:105630009FD3E6E770B5C3790446032B06D1816892
:105640008369CD18A94203D10023E371002070BD06
:105650004E1C20683246FFF7D3FE0028F7D13146B2
:10566000F0E700002DE9F74305460191FFF70AFD39
:105670000446002849D105F14C09019928464FF408
:105680000072FFF775FB2146A86407464846FCF701
:105690009FFC6C896402B4F5004F28BF4FF40044AE
:1056A000B4F5007F2FD9204604F0F6FE804630B1D5
:1056B00022460021640A0026FCF78AFC09E06408FF
:1056C000EEE72346BA194146687804F06DFA18B936
:1056D00026446B899E42F4D3404604F0EDFE68896F
:1056E000801B18BF012003B0BDE8F08301366B8931
:1056F0009E42F4D20123BA194946687804F054FA5C
:105700000028F3D0EBE70026F1E70120EBE70000EB
:10571000F8B50446FFF7B6FC0546002842D12378C9
:10572000032B37D12779012F34D104F14C060146E0
:105730004FF400723046FCF74BFC55234122722196
:1057400084F84A32AA2304F50D7084F84F2084F8B7
:105750004B32522384F8301284F84C3084F84D30A8
:10576000612384F8311284F84E3084F83332A16911
:1057700084F83222FFF7E4FA616904F50E70FFF74E
:10578000DFFA626B3B46314601326078A26404F076
:105790000BFA257100226078114604F029FA0038CE
:1057A00018BF0120F8BD000000232DE9F0430B6075
:1057B00085B00F461546FFF71BFB061EC0F2B281EF
:1057C000804B53F82640002C00F0AE813C6005F081
:1057D000FE0523786BB1607804F0C0F9C70708D4E0
:1057E0001DB110F0040500D00A25284605B0BDE81B
:1057F000F0830023F0B22370607004F09BF9C107BE
:1058000000F194810DB14207EED400212046FFF74C
:1058100079FC022840F099806E4604F2122304F2CB
:105820005221324618461033FFF784FA42F8040B2F
:105830008B42F7D1002556F8041B00297DD0204665
:10584000FFF760FC012879D80128A26C40F0C080E5
:1058500004F1570304F18C0113F8015B002D7BD197
:105860008B42F9D1B4F8B430B3F5807F74D194F899
:10587000B830092B70D104F19400FFF75DFA4FF0B6
:10588000FF33171841F10001BB4275EB010363D3ED
:1058900004F1A000FFF74EFA94F8BA302063012B10
:1058A000A37059D194F8B99003FA09F91FFA89F352
:1058B0006381002B50D0444B04F1A800FFF73AFA63
:1058C0000646984248D8831C626304F1A400E36250
:1058D000FFF730FA00EB020804F19C00C4F84080A6
:1058E000FFF728FA10441FFA89F2A06306FB02F3BF
:1058F00013EB080345EB05029F4271EB02032BD328
:105900002E4604F1AC00FFF715FAE06365B9638930
:10591000B34221D9E16B2046FFF72AFA81192046CC
:10592000FFF7D6FB98B90136631993F84C30812BF9
:1059300014D02035C5F30805E8E703200135042D10
:105940007FF479AF042807D101E0042801D10125B3
:105950004BE701287FF678AF0D2546E705F11400E7
:1059600004F14C063044FFF7E5F901280546F3D968
:10597000E36A8342F0D96189821E236C02FB013302
:105980006364A16B204601EBD511FFF7A1FB002852
:10599000DDD105F07F0006EB8000FFF7CBF9431C5B
:1059A00003D00135A842ECD0D6E70425C4E90500B0
:1059B000064A257000251388E56101339BB21380E8
:1059C000E38012E758360020FDFFFF7F5C360020A1
:1059D000B4F85730B3F5007FBED1B4F8626026B991
:1059E00004F17000FFF7A6F9064694F85C302663D0
:1059F000591EA3700129AFD894F859506581002D24
:105A0000AAD0691E2942A7D1B4F85D8018F00F0F03
:105A1000A4F80880A0D1B4F85F0018B904F16C00B4
:105A2000FFF788F9B4F85A10002995D006FB03FE59
:105A300001EB181CF44460458ED3A0EB0C00A84287
:105A4000B0FBF5F388D33E48834285D84FF6F57016
:105A500083426DD903259F1C114402EB0C03032DD7
:105A6000E7626263A16323644CD1B4F8763053EAF1
:105A700008037FF471AFBB0004F17800FFF75AF917
:105A8000E06303F2FF13B6EB532FFFF465AF4FF063
:105A9000FF33032DC4E905334FF08003237187D111
:105AA000B4F87C30012B83D1511C2046FFF710FB4A
:105AB00000287FF47DAFB4F84A224AF655232071BE
:105AC0009A427FF475AF1F4B04F14C00FFF732F997
:105AD00098427FF46DAF03F1FF5304F50C70FFF7AC
:105AE00029F903F50053203398427FF461AF04F5A0
:105AF0000D70FFF71FF9A06104F50E70FFF71AF99A
:105B0000606155E7B8F1000F3FF426AF7144022DF4
:105B10004FEA4703E1631EBFD91907F0010303EB06
:105B20005103AEE70B2560E60C255EE603255CE637
:105B300040F6F575AB428CBF022501258BE700BF0F
:105B4000F5FFFF0F525261412DE9F84F07460568F6
:105B5000884649B96E69C6B1EB6AB34298BF01265F
:105B6000AB69A3B9002405E0FFF76AFB01280446EE
:105B700003D801242046BDE8F88F421C00F0D280F3
:105B8000EB6A8342F6D84646EAE70126E8E72A7838
:105B9000EB6A042A40F08380A6F1020A023B4FF030
:105BA000010B9A4528BF4FF0000AD146696C284680
:105BB00001EB1931FFF78CFA00283BD109F00703FC
:105BC000EA6AC9F3C8010BFA03F3901EDBB26A1844
:105BD0004C4609F1010992F84C20814502EA030282
:105BE00033BF5B0000234FF40071DBB228BF99463E
:105BF000B2B90234631E0333BCD8012321462846C0
:105C00001A46FFF7E1FA0228B3D0012800F08A8093
:105C1000B8F1000F13D10223FB710028A9D130E0A5
:105C2000CA450AD0002BD2D10131B1F5007FBDD2D7
:105C30000123CCE74FF0FF34DCE70024DAE7FB79FF
:105C4000022B07D1731CA342E7D0BB68F31ABB61D8
:105C50000323FB7108F10102FB69A24205D113B1D4
:105C60000133FB61D9E70223FBE70BB90123FB6199
:105C7000224641463846FFF747FC00284FD1012312
:105C8000FB61EA6AAB69023A6C6193429CBF03F123
:105C9000FF33AB612B7943F001032B716AE7464573
:105CA00014D1741C3846A34298BF02242146FFF742
:105CB000C7FA01283FF45DAF431C33D0E0B16B69F4
:105CC000012B03D9EA6A934238BF1E463446013499
:105CD000EB6AA34203D8012E7FF644AF022421468B
:105CE0003846FFF7ADFA48B101283FF442AF013022
:105CF00018D0B442EBD135E7002CE7D04FF0FF329B
:105D000021462846FFF77CFB48B9B8F1000FB8D010
:105D1000224641462846FFF773FB0028B1D00128F0
:105D20007FF427AF4FF0FF3424E700002DE9F8435C
:105D300006680446076B894633782037042B0CBF6E
:105D40004FF080534FF40013BB429CBF002383638A
:105D5000836B73B1C7F30808B8F1000F3CD101336E
:105D6000416B836339B93389B3EB571F34D80023B0
:105D7000A36304200AE07389013B13EA57232BD164
:105D8000FFF75EFA0128054602D80220BDE8F88335
:105D9000421C01D10120F9E7F36A834216D8B9F118
:105DA000000FE4D0616B2046FFF7CEFE0546C8B178
:105DB0000128EAD0431CEDD001463046FFF752FCE3
:105DC0000028E7D1E37943F00403E3712946304624
:105DD0006563FEF7CDFFA0634C3600202763464481
:105DE000E663D3E70720D1E7F8B50E460021044665
:105DF0000768FFF7BDFA98B90546A16B3846FFF76B
:105E000067F968B93A78E36B042A1B780CD11B0652
:105E10000ED5054601212046FFF788FF0028ECD06B
:105E2000042808BF072006E0E52B01D0002BF0D1A5
:105E30000135B542EED1F8BDC16C4B1C2DE9F041E6
:105E400004460568066B1FD1E5274FF00108A16BDA
:105E50002846FFF73DF998B92A78E36B042A09BF71
:105E60001A781F7002F07F021A7085F80380236B86
:105E7000B3420DD200212046FFF758FF0028E6D09C
:105E8000042808BF022003E0FFF772FA0028DBD0E5
:105E9000BDE8F0812DE9F04105460068A96B06696F
:105EA000FFF716F9044620B9EB6B1A78852A03D060
:105EB00002242046BDE8F081324603F1200153F868
:105EC000040B8B4242F8040BF9D1777801377F013C
:105ED000A7F16003B3F5007FEAD800212846FFF759
:105EE00025FF04280446E3D00028E2D1A96B2868E6
:105EF000FFF7EEF804460028DBD1EB6B1A78C02AD6
:105F0000D6D106F1200203F1200153F8040B8B4295
:105F100042F8040BF9D196F823300F222C33B3FB4F
:105F2000F2F3B7EB431FC3D34FF0400800212846DC
:105F3000FFF7FCFE04280446BAD00028B9D1A96BAB
:105F40002868FFF7C5F804460028B2D1EB6B1A7831
:105F5000C12AADD1B8F5187F09D206EB080203F1CA
:105F6000200153F8040B8B4242F8040BF9D108F1DD
:105F700020084745DAD8B8F5187F9AD83046FEF79A
:105F80001FFF7388834294D092E700000B680022C1
:105F900010B5036004460B6A83604B6AC261C3712B
:105FA00023F0FF03896AC0E90432C164FFF7E0F916
:105FB00020B92046BDE81040FFF76CBF10BD0000BF
:105FC000F8B50368054601271C692046FEF7F8FE70
:105FD000A070000A6678E0702846E96CFFF7C8F9FF
:105FE00020B1022828BF0220C0B2F8BDA96B2868E2
:105FF000FFF76EF80028F4D1EB6B04F1200254F89F
:10600000041B944243F8041BF9D12B68DF70002E67
:10601000E7D000212846013EFFF788FEE0E70000B8
:106020002DE9F8434FF0FF0806460768042445466B
:106030004FF6FF79B16B11B9002C73D063E038468D
:10604000FFF746F8044600285DD1F06B0378002B7B
:106050006ED03A78042A11D1852B4DD1336B30465E
:10606000F364FFF717FF044600284CD13B691B7906
:1060700003F03F03B3712046BDE8F883C27AE52BF5
:1060800002F03F02B27143D02E2B41D022F020010A
:1060900008293DD00F2A40D1590637D503F0BF0556
:1060A000336B90F80D80F364437B434530D1428BD2
:1060B00072BB03780D21FC6823F04003DFF874E025
:1060C000013B4B4301211EF801CB30F80CC009B352
:1060D000FF2B1DD824F813C06146013301320D2A6D
:1060E000F1D10278520605D521B1FF2B10D800223C
:1060F00024F81320013DEDB200213046FFF716FED3
:106100000446002896D00023B363B4E7AB42CBD05B
:10611000FF25F1E7CC45E1D0FAE72DB9FEF740FEC7
:10612000404501D10024A6E74FF0FF33F364A2E716
:106130000424E8E7FCCC00082DE9F04F002187B0EB
:106140000446D0F80090FFF713F9804670B999F82B
:106150000030042B33D1D9F80C00FEF779FF074645
:106160002046FFF75DFF054620B18046404607B058
:10617000BDE8F08FD9F810309A8CBA42F0D193F87C
:1061800023B040265D4506D1D9F80C3033F81530E0
:10619000002BE5D1EAE7F106D9F8103008BF023646
:1061A000985B01F04DF8D9F80C30824633F81500B1
:1061B00001F046F88245D3D102360135E2E74FF0CF
:1061C000FF0A4FF0FF3B5546C4F84CB0A16B484660
:1061D000FEF77EFF00285CD1E66B3778002F77D082
:1061E000F27AE52F02F03F03A37103D0120704D522
:1061F0000F2B04D0C4F84CB04FE00F2B54D194F8BF
:106200004B3058063FD4790645D5236B07F0BF07BE
:1062100096F80DA0E364737B53453ED1738B002B3E
:106220003BD135780121D9F80C3005F03F050193B9
:106230000D23013D5D43284B13F8012BB25A71B376
:10624000FF2D059329D81046049200F0F9FF6B1C2E
:1062500003900293019B33F8150000F0F1FF0399BE
:1062600081421AD1049A029D1146059B1B4A934212
:10627000E2D133785A0604D519B1019B33F81530B1
:106280005BB97D1EEDB200212046FFF74FFD0028CF
:106290009CD080466AE7BD42BDD0FF25F3E74FF6AC
:1062A000FF708242E2D0F8E72DB93046FEF778FD64
:1062B00050453FF45BAF94F84B30DB079AD40B2288
:1062C00004F14001304605F067FF002892D14DE708
:1062D0004FF004084AE700BFFCCC000809CD0008D5
:1062E0002DE9F04F90F84BB099B004461BF0A00593
:1062F00040F068810668F26832F81530002B4AD108
:106300003378042B40F087800F230E352046B5FBF1
:10631000F3F5A91CFFF768FD8146002877D1236BB0
:106320000135A3EB4515E3795A07E56435D523F02C
:1063300004032046E371FFF77DF950BB4FF0FF32B5
:10634000616B2046FFF7E0F818BBA3682BB321462A
:1063500004A8FFF71BFEE0B970894FF40071D4E97F
:106360000423E0FB01233069C4E904233830FEF73D
:10637000EFFC3069D4E904232830FEF7E9FCE37927
:10638000326904A843F0010382F82130FFF718FEB8
:1063900018B181463BE00135AEE7D6E9035440220F
:1063A00000212046FBF714FE8523012140222370A3
:1063B000C0234FF0C10C04EB010884F82030002307
:1063C0001E469E46571C04F802C0F0B2023204F882
:1063D00007E021B135F8131009B10133DBB20F0A20
:1063E000A15408F802700232D706F2D135F81370C2
:1063F0000136002FE6D184F82330831C28466370D1
:10640000FEF726FE84F82400000A84F8250048469A
:1064100019B0BDE8F08F04F140070DF1100A1BF030
:10642000010F97E807008AE8070000F0D3804023B7
:106430004FF0010884F84B30BC46F368B8F1050F03
:106440009AE80700ACE803002CF8022B4FEA12424E
:106450008CF8002059D9981E424630F8021F0029B6
:1064600042D10DF10F0C072102F00F0E91461209D7
:106470000EF13000392888BF0EF1370001390CF8D1
:10648000010902D0B9F10F0FEED818AB7E205A18CF
:1064900002F8580C38460022914206D010F801CB81
:1064A00002F1010EBCF1200F31D104F13F0C07299C
:1064B00002F1010297BF18AB20205818013198BF94
:1064C00010F8580C072A0CF80200F0D92046FFF704
:1064D00033FE8146002878D108F10108B8F1640F35
:1064E000AAD14FF0070992E74FF0100C01F0010E0E
:1064F00049080EEB4202D30344BF82F4883282F093
:106500002102BCF1010CF1D1A7E74246A9E772468E
:10651000C2E7216B2046A1EB4511FEF729FF81461A
:1065200000287FF474AF4FF6FF783846FEF738FC4A
:106530000190A16B3046FEF7CBFD814600287FF429
:1065400066AFE36BE9B2019A4FF00D0CD6F80CE0A0
:106550005A734FF00F02DFF8E0A0DA724A1E187388
:106560000CFB02F284469876D87640451AF8019BD7
:106570000CF1010C18BF3EF8120003EB090B18BF19
:10658000013203F809004FEA1029002808BF4046ED
:10659000BCF10D0F8BF80190E7D1404502D03EF8D9
:1065A00012200AB941F04001197001230021204650
:1065B000F370FFF7BBFB814600287FF428AF013D55
:1065C000B7D11BE04FF0060921E704287FF41FAF85
:1065D00084F84BB01BF0020F20461BBF0C350D2179
:1065E0000125B5FBF1F518BF01352946FFF7FCFB86
:1065F000814600287FF40BAF013D8AD1A16B304664
:10660000FEF766FD814600287FF401AF0146202297
:10661000E06BFBF7DDFCE36B03CF18605960BA78E1
:1066200039889A72198194F84B30E26B03F01803A1
:1066300013730123F370EAE6FCCC000810B504469E
:106640000A463430FEF776FB886004F13800FEF726
:1066500073FBC2E9040194F8213003F00203D37103
:106660000023D36110BD000003284B8B04BF8A8A2E
:1066700043EA0243184670472DE9F04F0B7899B072
:10668000044689462F2BD0F800B001D05C2B09D1ED
:106690004A461378914601322F2BFAD05C2BF8D062
:1066A000002301E0DBF81C30A3600023E3619BF8CA
:1066B0000030042B1ED1A368E3B1DBF82030214663
:1066C00004A82362DBF824306362DBF82830A3627D
:1066D000FFF75CFC0346002854D1DBF8102002F1E0
:1066E0003800FEF727FBC4E9040392F8213003F0D9
:1066F0000203E37199F800301F2B00F235818023EB
:106700000021204684F84B3019B0BDE8F04FFEF769
:106710002FBE49460B78894601312F2BFAD05C2BCE
:10672000F8D01F2B8CBF00250425012F2FD11388F3
:106730002E2B31D1002322F8173004F140029F4262
:106740008CBF2E21202101330B2B02F8011BF6D127
:1067500045F02005204684F84B50FFF7EDFC94F8F7
:106760004B30002800F0E78004280BD1990603F095
:10677000040240F1DC80002A00F0F6808023002033
:1067800084F84B3019B0BDE8F08F0425CDE7022F17
:1067900002D153882E2BCAD0911E87BB002322F82A
:1067A0001730002F00F0118132F813001946013321
:1067B0002028F9D009B92E2801D145F00305901EF3
:1067C00030F817302E2B01D0013FF9D14FF0203394
:1067D0004FF0000A6364D0462364C4F847300823AE
:1067E000481C32F811600090F6B1202E03D02E2EF6
:1067F0000DD1B84210D045F003050099F0E731F80B
:106800001730202B01D02E2BC8D1013FC5E79A4568
:1068100005D20099B9423BD10B2B30D101E00B2BB3
:1068200027D145F003050B2394F84020E52A04BF47
:10683000052284F84020082B04BF4FEA88085FFA3D
:1068400088F808F00C030C2B03D008F00303032B8B
:1068500001D145F00205A8073FF57CAF18F0010F04
:1068600018BF45F0100518F0040F18BF45F00805D3
:1068700070E70099B94202D045F00305D4D84FEA39
:1068800088080B234FF0080A00975FFA88F8B4E7EE
:106890007F2E15D9304640F25231CDE9022345F022
:1068A0000203019300F098FC10F0800F0646DDE92A
:1068B000022316D000F07F0646498E5D019D46B347
:1068C00031464548CDE9012305F0B2FCDDE901235D
:1068D000F8B9A6F1410189B219291ED848F0020879
:1068E00010E0FF28EAD9591E8A4503D345F0030575
:1068F0009A4682E704EB0A01000A0AF1010A019DA7
:1069000081F8400004EB0A010AF1010A81F84060B5
:1069100073E745F003055F26F4E7A6F1610189B24C
:1069200019299EBF203E48F00108B6B2EAE7002AC6
:1069300008BF052026E75A073FF524AFA379DB06F9
:1069400045D59BF80000042835D1A3682146E2799B
:1069500023622369DBF8100023F0FF031343636213
:10696000E36CA362FFF76AFE23680027DA6819F870
:10697000010B00283FF409AF40F25231009200F0C1
:106980004BFC054608B31F28009A7FF6FEAE2F2861
:106990003FF4BFAE5C283FF4BCAE7F2805D801466B
:1069A0000E4805F045FC009A78B9FF2F0DD022F86B
:1069B00017500137DBE7216B0BF14C03C1F30801E2
:1069C0001944FFF751FEA060CEE70620DAE6052065
:1069D000D8E600BF7CCC000875CC00086CCC000861
:1069E0001FB5CDE9001003A814460391FEF700FA85
:1069F000002815DB0B4A52F820300BB1002119702A
:106A0000019B0BB10021197042F820302CB10022FB
:106A100001A96846FEF7C8FE0446204604B010BD32
:106A20000B24FAE7583600202DE9F04798B090463D
:106A300005460191002800F0528102F03F0603A9AB
:106A400001A83246FEF7B0FE002840F04681039BC5
:106A50004FF48C60049303F01FFD0746002800F0FC
:106A60004081039B00F500720199D86004A81A6167
:106A7000FFF702FE044620B99DF95B30002BB8BF3A
:106A8000062418F01C0F00F0CD80002C4CD0042CF4
:106A900040D104A8FFF724FC044600283AD146F070
:106AA0000806039B1A78042A40F083801869294657
:106AB0002B60FFF7C3FD039B1E22002118690230E3
:106AC000FBF786FA039C00211A2220692630FBF787
:106AD0007FFA236920221A71246903F017FD014609
:106AE000012208342046FEF72BF9039B04A81B69FA
:106AF00083F82120FFF764FA044658B9A96801B366
:106B000002462846FEF718FDAB68039A0446013B8F
:106B10005361B4B1384603F0CFFC0CB100232B60B5
:106B2000204618B0BDE8F0879DF8163013F0110F1D
:106B300040F0848018F0040F40F0C98018F0080F6E
:106B4000AFD1039A31071399936C48BF46F04006C2
:106B5000E964AB641078042872D1069B9DF8171085
:106B60002B62089B106923F0FF030B4329466B62DD
:106B7000179BAB62FFF762FDDDF80CA0002400223A
:106B800005F15008BAF8063021464046C5F800A085
:106B9000AB80002385F8306085F831406C64C5E92E
:106BA0000E234FF40072FBF713FAB20653D40024FD
:106BB000B0E703F0ABFC0146009013980E30FEF7EF
:106BC000BFF8139800991630FEF7BAF8039C139992
:106BD0002078FFF749FD202300228046CB72204613
:106BE0001399FEF7D1F8139B002201211A775A77E7
:106BF0009A77DA77039BD970B8F1000FA1D041469C
:106C000004A8D3F84890FEF797FC0446002881D1E9
:106C100049460398FEF75CFA039B044608F1FF30EF
:106C2000586176E7002C7FF475AF9DF81630DC06CE
:106C30004FD418F0020F84D0D80782D5072469E713
:106C4000FFF712FD0023A86001F11C00FEF772F8A7
:106C50006B61286190E7D5E9046956EA0903A6D07B
:106C6000BAF80AA0A9684FEA4A2AC5E90E69B245EE
:106C700074EB09031BD300242964002C7FF44AAF72
:106C8000C6F30803002B92D0039C2046FEF770F851
:106C900008B3760A0123414646EAC95682196A6456
:106CA000607802F05DFF041E18BF012432E7284619
:106CB000FEF7C6FAB6EB0A06014669F1000901289B
:106CC00003D9431CD3D10124D6E70224D4E70824F6
:106CD00020E704241EE702241CE704461EE70924DB
:106CE0001EE711241CE700002DE9F04F994685B0FE
:106CF0000023884603A90446C9F800301646FEF76B
:106D000091F8054680BB94F831506DBB94F8303053
:106D100013F00103009300F0A68004F1500AD4E9B7
:106D20000432D4E90E011B1A62EB0102B34272F184
:106D3000000238BF1E46BEB1D4E90E10C1F30803ED
:106D4000002B40F08280039B5A894B0A013A43EAA8
:106D5000C0531A401BD151EA000309D1A068012891
:106D60000DD8022584F83150284605B0BDE8F08FD3
:106D7000216C20460192FEF763FA019AEFE7431C6B
:106D800004D10123009D84F83130EDE72064DDF863
:106D90000CB0216C5846FDF7EBFF0028E1D0B6F5AA
:106DA000007F02EB000731D3BBF80A1002EB56203C
:106DB000730A88429BF8010088BF8B1A3A46414605
:106DC000019302F0CDFE0028DBD194F93020019B25
:106DD000002A0BDA606CC01B984207D24FF4007295
:106DE000514608EB4020FBF7CDF8019B5F02D9F834
:106DF0000030F61BB8443B44C9F80030D4E90E32E9
:106E0000DB1942F10002C4E90E3294E7626CBA4227
:106E10001AD094F93030002B0DDA012351469BF83B
:106E2000010002F0C1FE0028ABD194F8303003F02D
:106E30007F0384F83030039801233A465146407866
:106E400002F08EFE00289CD16764A16B4046C1F31E
:106E50000801C1F500775144B74228BF37463A468A
:106E6000FBF790F8C3E707257EE7000070B596B002
:106E70000E460022019002A901A8FEF795FC0446E7
:106E8000E0B94FF48C6003F007FB0546D8B1029BD4
:106E900000F500720199D86002A81A61FFF7ECFBB7
:106EA000044640B99DF95330002B0ADB1EB1314630
:106EB00002A8FDF7EDFF284603F0FEFA204616B0C3
:106EC00070BD0624F7E71124F8E7000070B5B8B0EC
:106ED0000222019003A901A8FEF766FC044608BB44
:106EE000039B4FF48C60109303F0D6FA05460028FC
:106EF00066D0039B00F500720199D86010A81A6152
:106F0000FFF7BAFB044650B99DF88B30980655D46C
:106F1000190653D49DF84630DA0706D507242846CB
:106F200003F0CAFA204638B070BD039B049318786A
:106F3000042814D104A91869FFF780FB069E9DF868
:106F40004630DB0610D410A8FEF776FF0446002872
:106F5000E5D156BB0398FEF7DBFB0446DFE71F993C
:106F6000FFF782FB0646EAE7039BDA69B242D5D017
:106F700024930021269624A81B78042B01BFDDE969
:106F80000823CDE928239DF817308DF89730FEF7B8
:106F9000EFF904460028C2D124A8FFF741F80446BF
:106FA0000028BBD00428BAD1CDE70246314604A858
:106FB000FEF7C2FA04460028B1D1CBE70624AEE7BB
:106FC0001124AFE7F0B5BDB0CDE900106846FDF77C
:106FD0000FFF022203A901A8FEF7E6FB04460028E2
:106FE00041D1039B4FF48C60149303F055FA05468E
:106FF000002800F0EE80039B00F5007214AE0199AA
:10700000D8601A613046FFF737FB044640BB9DF855
:107010009B3013F0A00F40F0D880039B009F1A789C
:10702000042A68D11B6904AC03F1400C18680833CA
:1070300053F8041C2246634503C21446F6D150227D
:10704000314628A8FAF79EFF394628A8FFF714FB17
:10705000044600284CD12A9A169B9A4206D008244E
:10706000284603F029FA20463DB0F0BD349A209B13
:107070009A42F4D128A8FFF733F904460028EFD14B
:10708000039B04AF1B6993F801E093F823C09C8C29
:107090003A46083303CAB24243F8080C43F8041CCA
:1070A0001746F5D1039B28A81B6983F801E0039BD1
:1070B0001A6982F823C01A6982F82440240A82F8E7
:1070C00025401A691379D9065CBF43F02003137178
:1070D000FEF776FF04460028C2D13046FEF7ACFE2C
:1070E00004460028BCD10398FEF712FB0446B7E71C
:1070F0000428B5D1BEE7239A04AB02F1200C106836
:10710000083252F8041C1C46624503C42346F6D1DB
:107110005022314628A8FAF735FF394628A8FFF74C
:10712000ABFA044600284CD12A9A169B9A4296D173
:10713000349A209B9A4292D128A8FFF7D1F80446AE
:1071400000288DD137990DF11D030DF12D0001F1AE
:107150000D0253F8044B834242F8044BF9D11888CE
:10716000012710809B7893709DF81B30039CDA06F2
:1071700058BF43F02003CB72E770CB7ADB06ACD567
:10718000169A2A9B9A42A8D02078FFF76DFA0146FA
:107190002046FDF7EDFD0146C8B12046FDF798FFFA
:1071A000044600287FF45CAF039890F86D302E2BD6
:1071B00093D12A9A00F16C01FDF7E6FD039BDF7085
:1071C0008BE704287FF44CAFB6E7062448E7022497
:1071D00046E7112447E700007F2810B501D880B2A8
:1071E00010BDB0F5803F13D240F2523399420FD117
:1071F0000849002231F8024B93B2844203D103F1D3
:107200008000C0B2ECE70132802AF3D11346F6E7E2
:107210000020E5E7BCCF00087F280DD940F25233AB
:10722000994208D1FF2806D800F10040034B80386E
:1072300033F8100070470020704700BFBCCF000833
:10724000B0F5803FF0B522D21F4A83B21F49B0F596
:10725000805F28BF0A46141D34F8042C2146AAB1C9
:10726000934213D334F8025C2E0AEFB252FA85F53A
:10727000A84222DA082E09D8DFE806F0050A101223
:107280001416181A1C00801A34F810301846F0BD75
:10729000981A00F001001B1A9BB2F7E7103BFBE7BE
:1072A000203BF9E7303BF7E71A3BF5E70833F3E714
:1072B000503BF1E7A3F5E353EEE70434002ECBD1C6
:1072C00001EB4702C7E700BF0CCD000800CF000864
:1072D000F0B500F10B0423460D46B1FBF2F102FBC1
:1072E000115707F13006392EC8BF07F1370695420E
:1072F00003F8016DF0D2421EE11A13F8015B9C42C3
:1073000002F8015FF9D10844F0BD00002DE9F04F0B
:10731000804687B015464FF000090C4614F8013B33
:10732000002B3BD0252B08D0D8F80020194640462A
:1073300009F10109D268904749E14B782D2B06BF2E
:107340008C1C01230023019323782B2B06BF0134CF
:107350000127002794F800A0BAF1300F0CBF0134C8
:107360004FF0200A23782A2B1CD16178023455F87B
:1073700004BB2E2943D1217881B12A2921D0661C52
:107380000020A1F130023446D2B2092A1DD80A23C6
:1073900016F8011B03FB00200029F2D1484607B074
:1073A000BDE8F08F4FF0000B14F8011B0029F5D059
:1073B000A1F13002D2B2092ADBD80A2303FB0B2B3E
:1073C000F2E76178023455F8040B01F0DF024C2A31
:1073D00017D121780029E1D0782904F101041FD8C0
:1073E000622900F2008158291AD84E2900F2308112
:1073F000442900F09180492900F08E8010E000209F
:10740000E3E7A1F141027829D2B209D862290BD869
:10741000582905D84E293BD8442978D0492976D017
:107420002E468DF80C1056E0A1F16306152EF7D804
:107430000FF2040C5CF826F0C97400080F75000800
:1074400021740008217400082174000821740008C8
:107450000F750008217400082174000821740008C9
:1074600021740008217400089F7500088D760008BB
:107470002174000821740008DF74000821740008DA
:107480008976000821740008217400088D760008B0
:10749000A1F14F02092AC3D801A050F822F000BF81
:1074A0009F7500088D76000821740008217400087B
:1074B00021740008217400088976000821740008EE
:1074C000217400088D7600082E464FF0200A56F8E9
:1074D000042B8DF80C2003AD0DF10D002BE02E4692
:1074E00047F6FF726A4B56F8045B002808BF104647
:1074F000002D08BF1D462A462F18104612F8011B02
:1075000011B1B91A0029F8DA4FF0200A13E02E461B
:10751000192A56F8041B02D82E4656F8041B0029D7
:1075200036DA2D2249428DF80C200DF10D000A2289
:1075300003ADFFF7CDFE471B0199ABEB070323EA31
:10754000E372002945D1002BC2F1000B1EDD297822
:107550002D2901D02B290DD1BAF1300F0AD1D8F83D
:1075600000304046019209F10109DB68013F98476C
:107570000135019AD8F80030514640460192DB6847
:1075800098471BF1010B019AF4D191443B4615E059
:107590001FB12B228DF80C20C7E703A8C7E70822EC
:1075A0002E4603A856F8041BC2E7D8F80020404630
:1075B00015F8011BD26801939047019B013BF4D55C
:1075C000002FA8BFB9445D462DB9D94435462146A0
:1075D000A3E69346DAE7D8F8003051464046013D2D
:1075E000DB689847F0E7A1F16302152A3FF618AF70
:1075F00001A353F822F000BFC974000819750008F0
:107600002174000821740008217400082174000806
:1076100019750008217400082174000821740008FD
:1076200021740008217400089F7500088D760008F9
:107630002174000821740008DF7400082174000818
:107640008976000821740008217400088D760008EE
:10765000A1F14F02092A3FF6E3AE01A353F822F04D
:107660009F7500088D7600082174000821740008B9
:10767000217400082174000889760008217400082C
:10768000217400088D7600080A2289E7102287E716
:10769000BCD00008F0B5054687B016461F460C461C
:1076A00089B14A1E0023294601A800F05FF83A4636
:1076B000314601A8FFF72AFE049BA3423CBF0022EB
:1076C000EA5407B0F0BD0A46ECE70000D0E9022317
:1076D0009A421FBF4268D154C36801331ABFC360C6
:1076E00000206FF001007047D0E903239A421FBFCA
:1076F0004268D25C0133036114BF10466FF0010091
:107700007047000003692BB1013B42680361002010
:10771000D15470476FF001007047000038B504463F
:107720000846D4E903315B1A934228BF13461D462D
:1077300063682A461944FAF725FC236928462B4436
:10774000236138BD38B50446D0E902301B1A934294
:1077500028BF13461D4663682A461844FAF712FCF0
:10776000E36828462B44E36038BD000010B5C0E94B
:107770000223034C0023C0E90041036110BD00BF98
:10778000C4D0000808B5074B074A196801F03D014D
:10779000996053680BB190689847BDE8084003F0C2
:1077A000D7B800BF000002406036002008B5084B83
:1077B0001968890901F03D018A019A60054AD36878
:1077C0000BB110699847BDE8084003F0C1B800BF8D
:1077D000000002406036002008B5084B1968090C0B
:1077E00001F03D010A049A60054A53690BB19069A2
:1077F0009847BDE8084003F0ABB800BF0000024066
:107800006036002008B5084B1968890D01F03D016C
:107810008A059A60054AD3690BB1106A9847BDE89A
:10782000084003F095B800BF000002406036002019
:1078300008B5074B074A596801F03D01D960536A02
:107840000BB1906A9847BDE8084003F081B800BFCB
:10785000000002406036002008B5084B59688909CD
:1078600001F03D018A01DA60054AD36A0BB1106B61
:107870009847BDE8084003F06BB800BF0000024025
:107880006036002008B5084B5968090C01F03D012D
:107890000A04DA60054A536B0BB1906B9847BDE858
:1078A000084003F055B800BF0000024060360020D9
:1078B00008B5084B5968890D01F03D018A05DA6069
:1078C000054AD36B0BB1106C9847BDE8084003F034
:1078D0003FB800BF000002406036002008B5074BEB
:1078E000074A196801F03D019960536C0BB1906C27
:1078F0009847BDE8084003F02BB800BF00040240E1
:107900006036002008B5084B1968890901F03D016F
:107910008A019A60054AD36C0BB1106D9847BDE897
:10792000084003F015B800BF000402406036002094
:1079300008B5084B1968090C01F03D010A049A606A
:10794000054A536D0BB1906D9847BDE8084002F0B1
:10795000FFBF00BF000402406036002008B5084B9E
:107960001968890D01F03D018A059A60054AD36DB9
:107970000BB1106E9847BDE8084002F0E9BF00BFA8
:10798000000402406036002008B5074B074A5968DA
:1079900001F03D01D960536E0BB1906E9847BDE880
:1079A000084002F0D5BF00BF00040240603600204E
:1079B00008B5084B5968890901F03D018A01DA6070
:1079C000054AD36E0BB1106F9847BDE8084002F02E
:1079D000BFBF00BF000402406036002008B5084B5E
:1079E0005968090C01F03D010A04DA60054A536F39
:1079F0000BB1906F9847BDE8084002F0A9BF00BFE7
:107A0000000402406036002008B5084B5968890D13
:107A100001F03D018A05DA60054AD36F13B1D2F84F
:107A200080009847BDE8084002F092BF0004024081
:107A30006036002000230C4910B51A460B4C0B6031
:107A400054F82300026001EB430004334260402BF2
:107A5000F6D1074A4FF0FF339360D360C2F8083481
:107A6000C2F80C3410BD00BF60360020DCD0000826
:107A7000000002400F28F8B510D9102810D01128A6
:107A800011D0122808D10F240720DFF8C8E0012602
:107A9000DEF80050A04208D9002653E00446F4E77F
:107AA0000F240020F1E70724FBE706FA00F73D4228
:107AB0004AD1264C4FEA001C3D4304EB00160EEB66
:107AC000C000CEF80050C0E90123FBB273B12048DA
:107AD000D0F8D83043F00103C0F8D830D0F80031E6
:107AE00043F00103C0F80031D0F8003117F47F4FA4
:107AF0000ED01748D0F8D83043F00203C0F8D83081
:107B0000D0F8003143F00203C0F80031D0F8003162
:107B100054F80C00036823F01F030360056815F098
:107B20000105FBD104EB0C033D2493F80CC05F6806
:107B300004FA0CF43C6021240560446112B1987B86
:107B400000F0D8FC3046F8BD0130A3E7DCD00008D7
:107B5000004402586036002010B5302484F31188A8
:107B6000FFF788FF002383F3118810BD10B504468A
:107B7000807B00F0D5FC01231549627B03FA02F2F9
:107B80000B6823EA0203DAB20B6072B9114AD2F829
:107B9000D81021F00101C2F8D810D2F8001121F05C
:107BA0000101C2F80011D2F8002113F47F4F0ED169
:107BB000084BD3F8D82022F00202C3F8D820D3F81B
:107BC000002122F00202C3F80021D3F8003110BDD9
:107BD000603600200044025808B5302383F3118832
:107BE000FFF7C4FF002383F3118808BD836CC26ACA
:107BF0008B42506810B506D95A1E4C0002EB410367
:107C0000B3FBF4F3184410BD01F001038A0748BF29
:107C100043F002034A0748BF43F008030A0748BF7E
:107C200043F00403CA0648BF43F010038A06426BC0
:107C300048BF43F0200313434363704710B5074C1C
:107C4000204600F0D9FF064B0022C4E91023054B63
:107C5000A364054BE363054BE36410BDE4360020E9
:107C60000024024800B4C40438370020383900200A
:107C7000C36A0BB9104BC3620379012B11D10F4BAF
:107C800098420ED10E4BD3F8DC2042F40072C3F8B8
:107C9000DC20D3F8042142F40072C3F80421D3F8A5
:107CA0000431436C00221A65DA621A605A605A6223
:107CB0004FF0FF329A637047DCD10008E4360020B1
:107CC000004402580379012B29D0436C00221A6525
:107CD000DA621A605A605A624FF0FF329A63104BB0
:107CE00098421CD10F4BD3F8842042F40072C3F8A1
:107CF0008420D3F8842022F40072C3F88420D3F8BF
:107D00008420D3F8DC2022F40072C3F8DC20D3F8FE
:107D1000042122F40072C3F80421D3F8043170471F
:107D2000E43600200044025810B5446C0649FFF7C1
:107D30005DFF6060236842F2107043F0030323602C
:107D4000BDE8104001F06EBD801A06000129F8B5AB
:107D5000466C0B4F09D175680A493D40FFF746FF55
:107D6000054345F480557560F8BD746806493C408C
:107D7000FFF73CFF044344F480547460F4E700BF11
:107D800000ECFFFF80F0FA0240787D01436C002296
:107D90005A601A6070470000426C0129536823F44E
:107DA000404304D0022905D001B95360704743F421
:107DB0008043FAE743F40043F7E70000436C41F4E3
:107DC00080519A60D9605A6B1206FCD580229A6362
:107DD0007047000010B541F48851446CA260E16026
:107DE000616B11F04502FBD0A26311F0040203D0D5
:107DF000FFF70AFF012010BD616910461960FAE71C
:107E000010B541F48851446CA260E160616B11F0DF
:107E10004502FBD0A26311F0050203D0FFF7F4FE88
:107E2000012010BD616910461960FAE773B5134669
:107E300004460E46302282F31188426CD26B32B176
:107E40004FF0FF314030019301F0F8FC019B606C72
:107E500000220265C263C262456B15F4807504D1CD
:107E600085F31188012002B070BD4FF0FF318163AE
:107E700082F31188012E06D90C21204602B0BDE8FC
:107E80007040FFF7BDBF1046EDE7000073B5446CCE
:107E90000E4600250192616BA1632565E562FFF73F
:107EA000B3FE012E07D9019B2A460C2102B0BDE882
:107EB0007040FFF7A5BF02B070BD000010B541F4DF
:107EC0009851446CA260E160616B11F04502FBD0F7
:107ED000A26311F03F0203D0FFF796FE012010BD10
:107EE000216A10461960E1695960A1699960616968
:107EF000D960F4E72DE9F74304460191006D01A92B
:107F00001746984602F03EFC064600284AD0626CAE
:107F10002046DDF804905568C5F3090501356B006E
:107F2000A56CB5FBF3F54FF47A73B5FBF3F55D4340
:107F3000556200F027FE50BB636C4FF0FF32012505
:107F40004146C3F8589020461D659A634FF49572D8
:107F5000DA6342F207029F62DA62E36C0A9AFFF781
:107F60004FFFA0B9E26C104B11680B407BB929465A
:107F70002046FFF75BFF054648B92E463A46019971
:107F8000206D02F037FC304603B0BDE8F083E26CB0
:107F900020460121FFF77AFF3A460199206D02F051
:107FA00029FCF0E70126EEE708E0FFFD2DE9F743A5
:107FB0001F46436C01924FF47A725D68044688460E
:107FC000C5F3090501356E00856CB5FBF6F5B5FB0B
:107FD000F2F555435D6200F0D5FD20B1012528463C
:107FE00003B0BDE8F0837E0201A9206D324602F0A5
:107FF000C9FB05460028F1D0636C019AD4F84C9077
:108000009A6501221A654FF0FF329A634FF4957218
:10801000DA639E62236BDB064B4658BF4FEA482863
:10802000012F42461BD912212046FFF7E9FEC0B9B5
:10803000D9F80020104B13409BB9636C42F29302B5
:1080400039462046DA62E26CFFF7F0FE804640B91E
:1080500032460199206D454602F0CCFBBFE7112165
:10806000E2E7E26C39462046FFF710FF32460199FD
:10807000206D02F0BFFBB2E708E0FFFD2DE9F34100
:108080001F46436C01924FF47A725D68044688463D
:10809000C5F3090501356E00856CB5FBF6F5B5FB3A
:1080A000F2F555435D6200F06DFD20B101252846D3
:1080B00002B0BDE8F0817E0201A9206D324602F0D7
:1080C000B1FB05460028F1D0636C019A9A65012244
:1080D0001A654FF0FF329A634FF48D72DA639E6235
:1080E000236BE66CDB06334658BF4FEA4828012F66
:1080F000424619D919212046FFF782FEB0B93268ED
:108100000F4B134093B9636C42F2910239462046FB
:10811000DA62E26CFFF78AFE064638B90199354605
:10812000206D02F0BBFBC2E71821E4E73946204688
:10813000E26CFFF7ABFE0199206D02F0AFFBB6E7F2
:1081400008E0FFFD12F0030F2DE9F04107460C4651
:1081500015461E4617D00E44B44202D10020BDE899
:10816000F0810123FA6B21463846FFF71FFF0028F4
:10817000F5D128464FF40072F96B05F5007501340E
:10818000F9F700FFE8E7BDE8F041FFF70FBF000097
:1081900012F0030F2DE9F04107460C4615461E4626
:1081A00017D00E44B44202D10020BDE8F081294628
:1081B0004FF40072F86B05F50075F9F7E3FE012343
:1081C000FA6B21463846FFF759FF0028EDD10134FC
:1081D000E8E7BDE8F041FFF751BF0000002070471D
:1081E000302310B583F311880024436C40302146BE
:1081F000DC6301F031FB84F3118810BD0268436831
:108200001143016003B1184770470000024A136828
:1082100043F0C0031360704700480040024A1368EF
:1082200043F0C0031360704700500040024A1368D7
:1082300043F0C0031360704700780040064BD3F84A
:10824000E8200243C3F8E820D3F810211043C3F814
:108250001001D3F8103170470044025837B5274C4D
:10826000274D204600F028FD04F11400009400235F
:108270004FF40072234900F0C3F94FF40072224911
:1082800004F138000094214B00F03CFA204BC4E983
:108290001735204C204600F00FFD04F11400009427
:1082A00000234FF400721C4900F0AAF94FF4007249
:1082B0001A4904F138000094194B00F023FA194BC5
:1082C000C4E91735184C204600F0F6FC04F1140000
:1082D00000234FF400721549009400F091F9144BFB
:1082E0004FF40072134904F13800009400F00AFAC8
:1082F000114BC4E9173503B030BD00BF3C39002035
:1083000000E1F505803A0020804000200D82000841
:1083100000480040A8390020803C00208042002016
:108320001D82000800500040143A0020803E0020CA
:108330002D820008804400200078004038B5264D8A
:108340000446037C002918BF0D46012B06D1234BA0
:10835000984230D14FF48020FFF770FF2A68236ED7
:10836000E16D03EB5203A566B3FBF2F36A681004F8
:1083700042BF23F0070003F0070343EA4003CB604A
:10838000AB6843F040034B60EB6843F001038B6044
:1083900042F4967343F001030B604FF0FF330B621E
:1083A000510505D512F0102211D0B2F1805F10D026
:1083B00084F8643038BD0A4B984205D0094B984286
:1083C000CCD14FF08040C7E74FF48010C4E77F2343
:1083D000EEE73F23ECE700BFE4D100083C39002082
:1083E000A8390020143A00202DE9F047C66D054653
:1083F0003768F469210734621AD014F0080118BFF5
:108400004FF48071E20748BF41F02001A3074FF00D
:10841000300348BF41F04001600748BF41F0800190
:1084200083F31188281DFFF7E9FE002383F31188E9
:10843000E2050AD5302383F311884FF48061281DAB
:10844000FFF7DCFE002383F311884FF030094FF073
:10845000000A14F0200838D13B0616D54FF0300939
:1084600005F1380A200610D589F31188504600F02E
:108470007DF9002836DA0821281DFFF7BFFE27F016
:1084800080033360002383F31188790614D56206D4
:1084900012D5302383F31188D5E913239A4208D1EA
:1084A0002B6C33B127F040071021281DFFF7A6FEE3
:1084B0003760002383F31188E30618D5AA6E136989
:1084C000ABB15069BDE8F047184789F31188736A6A
:1084D000284695F86410194000F008FC8AF31188CA
:1084E000F469B6E7B06288F31188F469BAE7BDE8C9
:1084F000F0870000090100F16043012203F56143A8
:10850000C9B283F8001300F01F039A4043099B008F
:1085100003F1604303F56143C3F880211A6070479B
:1085200000F01F0301229A40430900F160409B00C4
:1085300000F5614003F1604303F56143C3F8802017
:10854000C3F88021002380F800337047F8B5154642
:10855000826804460B46AA4200D28568A169266952
:10856000761AB5420BD218462A46F9F70BFDA369D5
:108570002B44A3612846A3685B1BA360F8BD0CD9FC
:10858000AF1B18463246F9F7FDFC3A46E168304425
:10859000F9F7F8FCE3683B44EBE718462A46F9F79D
:1085A000F1FCE368E5E7000083689342F7B5044611
:1085B000154600D28568D4E90460361AB5420BD25C
:1085C0002A46F9F7DFFC63692B4463612846A368F8
:1085D0005B1BA36003B0F0BD0DD93246AF1B019108
:1085E000F9F7D0FC01993A46E0683144F9F7CAFC42
:1085F000E3683B44E9E72A46F9F7C4FCE368E4E7AB
:1086000010B50A440024C361029B8460C16002610A
:108610000362C0E90000C0E9051110BD08B5D0E94A
:108620000532934201D1826882B982680132826048
:108630005A1C426119700021D0E904329A4224BFC9
:10864000C368436101F022F9002008BD4FF0FF30FC
:10865000FBE7000070B5302304460E4683F3118813
:10866000A568A5B1A368A269013BA360531CA361DF
:1086700015782269934224BFE368A361E3690BB1D3
:1086800020469847002383F31188284607E03146A7
:10869000204601F0EBF80028E2DA85F3118870BD7E
:1086A0002DE9F74F04460E4617469846D0F81C9021
:1086B0004FF0300A8AF311884FF0000B154665B170
:1086C0002A4631462046FFF741FF034660B941463E
:1086D000204601F0CBF80028F1D0002383F3118865
:1086E000781B03B0BDE8F08FB9F1000F03D0019003
:1086F0002046C847019B8BF31188ED1A1E448AF36C
:108700001188DCE7C160C361009B82600362C0E93D
:1087100005111144C0E9000001617047F8B5044635
:108720000D461646302383F31188A768A7B1A368C6
:10873000013BA36063695A1C62611D70D4E9043275
:108740009A4224BFE3686361E3690BB1204698470E
:10875000002080F3118807E03146204601F086F8BA
:108760000028E2DA87F31188F8BD0000D0E905237C
:1087700010B59A4201D182687AB98268002101322B
:1087800082605A1C82611C7803699A4224BFC368C4
:10879000836101F07BF8204610BD4FF0FF30FBE70E
:1087A0002DE9F74F04460E4617469846D0F81C9020
:1087B0004FF0300A8AF311884FF0000B154665B16F
:1087C0002A4631462046FFF7EFFE034660B9414690
:1087D000204601F04BF80028F1D0002383F31188E4
:1087E000781B03B0BDE8F08FB9F1000F03D0019002
:1087F0002046C847019B8BF31188ED1A1E448AF36B
:108800001188DCE70379052B05BF836A002001206E
:108810004B6004BF4FF400730B60704770B55D1E72
:10882000866A04460D44B54205D9436B43F0800384
:108830004363012070BD06250571FFF783FC052306
:108840002371F7E770B55D1E866A04460D44B54294
:1088500005D9436B43F080034363012070BD0725B6
:108860000571FFF795FC05232371F7E738B5057906
:108870000446052D05D108230371FFF7AFFC2571D0
:1088800038BD0120FCE700000323F0B5037185B07B
:108890000446FFF749FA002220461146FFF78EFAF8
:1088A0004FF4D57203AB08212046FFF7A9FA024620
:1088B000B8B901232363039BC3F30323012B09D11D
:1088C00003AB37212046FFF79BFA18B9A44B039A54
:1088D0001340ABB120460125FFF758FA022323715C
:1088E00037E103AB002237212046FFF789FA28B988
:1088F0009B4A039B1A40002A00F0A78002232363AF
:10890000236B03F00F03022B40F0A9806425954EE2
:1089100042F2107000F086FF03AB32460121204680
:10892000FFF758FA0028D5D1039B002B80F29380E3
:108930005A0003D5236B43F010032363002204F194
:10894000080302212046FFF7B9FA02460028C1D1E8
:1089500004F1380303212046FFF752FA0028B9D169
:1089600004F11805A26B092120462B46FFF7A6FA51
:108970000028AFD102ABA26B07212046FFF740FAD7
:1089800006460028A6D1236B03F00F03022B40F00C
:108990008F807E227F21284603F052F9012840F281
:1089A0008780E76B42F2107000F03CFF08234FF421
:1089B0000072394620460096FFF79CFA002889D1BC
:1089C000384603F08BF9236BA06203F00F03022BF0
:1089D00072D103AB644A06212046FFF711FA002842
:1089E00071D15F49039B1940B1FA81F149092046D1
:1089F000FFF7ACF902AB4FF4007210212046FFF7ED
:108A0000FFF9054600287FF465AF554E029B3342BF
:108A10007FF460AF236B13F00E0F03F00F0273D0DF
:108A2000022A7FF457AFE36A1978012900F0948095
:108A3000022900F09380002900F089804B4F2046E6
:108A4000FFF7AAF903AB3A4676E0114620462263C7
:108A5000FFF7B4F954E7013D7FF45AAF3AE7444DCC
:108A60006426444A3E4F012B18BF154603AB002233
:108A700037212046FFF7C4F900287FF42BAF039B72
:108A80003B427FF427AF03AB2A4629212046FFF75C
:108A9000A1F900287FF41EAF039B002BFFF648AF1F
:108AA000013E3FF417AF42F2107000F0BBFEDDE76D
:108AB000284603F0E7F886E77E227F212846E66B0A
:108AC00003F0BEF808B9002191E7002340223146A7
:108AD000204600930623FFF70DFA0028F3D1B3894F
:108AE0005BBA9B07EFD5244B4022314620460093CA
:108AF0000623FFF7FFF90028E5D1317C01F00F01D3
:108B00000F3918BF012172E7E36A1978F9B1012919
:108B10007FF4E0AE2046FFF73FF903ABA26B3721AD
:108B20002046FFF76DF900287FF4D4AE039B334253
:108B30007FF4D0AE03AB022206212046FFF760F996
:108B400000287FF4C7AE039B33427FF4C3AE0523F6
:108B50002371284605B0F0BD084F70E7084F6EE757
:108B600008E0FFFD0080FFC00001B9030000B7036B
:108B70000080FF5000001080F1FFFF800001B7036C
:108B80000002B70337B504460C4D01ABA26B0D21B3
:108B90002046FFF735F978B9019B2B420BD1C3F37F
:108BA0004323042B08D0053B022B04D84FF47A70E2
:108BB00000F038FEE9E7012003B030BD08E0FFFD1A
:108BC00070B53023054683F3118803790024022B06
:108BD00003D184F31188204670BD0423037184F30C
:108BE00011880226FFF7CEFF04462846FFF7CEF88D
:108BF0002E71F0E7FFF722B8044B036001230371E5
:108C000000234363C0E90A33704700BFFCD100086A
:108C100010B53023044683F31188C162FFF728F8AA
:108C200002230020237180F3118810BD10B530237A
:108C3000044683F31188FFF745F800230122E3621D
:108C4000227183F3118810BD0268436811430160EB
:108C500003B11847704700001430FFF721BD000032
:108C60004FF0FF331430FFF71BBD00003830FFF723
:108C700097BD00004FF0FF333830FFF791BD000083
:108C80001430FFF7E7BC00004FF0FF311430FFF75E
:108C9000E1BC00003830FFF741BD00004FF0FF326B
:108CA0003830FFF73BBD0000012914BF6FF01300FF
:108CB00000207047FFF7D2BA044B036000234360E3
:108CC000C0E9023301230374704700BF20D20008BB
:108CD00010B53023044683F31188FFF72FFB0223DE
:108CE0000020237480F3118810BD000038B5C369DB
:108CF00004460D461BB904210844FFF7A5FF294689
:108D000004F11400FFF78AFC002806DA201D4FF456
:108D10000061BDE83840FFF797BF38BD026843687F
:108D20001143016003B118477047000013B5406B51
:108D300000F58054D4F8A4381A681178042914D1A5
:108D4000017C022911D11979012312898B40134228
:108D50000BD101A94C3002F0A1FED4F8A448024680
:108D6000019B2179206800F0DFF902B010BD0000FE
:108D7000143002F023BE00004FF0FF33143002F035
:108D80001DBE00004C3002F0F5BE00004FF0FF3376
:108D90004C3002F0EFBE0000143002F0F1BD0000D4
:108DA0004FF0FF31143002F0EBBD00004C3002F008
:108DB000C1BE00004FF0FF324C3002F0BBBE0000DD
:108DC0000020704710B500F58054D4F8A4381A6814
:108DD0001178042917D1017C022914D15979012372
:108DE00052898B4013420ED1143002F083FD0246AB
:108DF00048B1D4F8A4484FF4407361792068BDE8C5
:108E0000104000F07FB910BD406BFFF7DBBF0000E2
:108E1000704700007FB5124B01250426044603600D
:108E20000023057400F1840243602946C0E902333F
:108E30000C4B0290143001934FF44073009602F0F3
:108E400035FD094B04F69442294604F14C00029486
:108E5000CDE900634FF4407302F0FCFD04B070BD37
:108E600048D20008098E00082D8D00080A683023BA
:108E700083F311880B790B3342F823004B791333BA
:108E800042F823008B7913B10B3342F8230000F52D
:108E90008053C3F8A41802230374002080F31188C0
:108EA0007047000038B5037F044613B190F8543082
:108EB000ABB90125201D0221FFF730FF04F114009A
:108EC0006FF00101257700F0EDFC04F14C0084F80F
:108ED00054506FF00101BDE8384000F0E3BC38BDEC
:108EE00010B5012104460430FFF718FF0023237753
:108EF00084F8543010BD000038B504460025143005
:108F000002F0ECFC04F14C00257702F0BBFD201DC3
:108F100084F854500121FFF701FF2046BDE8384096
:108F2000FFF750BF90F8803003F06003202B06D18C
:108F300090F881200023212A03D81F2A06D8002078
:108F40007047222AFBD1C0E91D3303E0034A426780
:108F500007228267C3670120704700BF44220020B8
:108F600037B500F58055D5F8A4381A68117804296A
:108F70001AD1017C022917D11979012312898B405A
:108F8000134211D100F14C04204602F03BFE58B1CF
:108F900001A9204602F082FDD5F8A4480246019BB3
:108FA0002179206800F0C0F803B030BD01F10B0357
:108FB000F0B550F8236085B004460D46FEB130236D
:108FC00083F3118804EB8507301D0821FFF7A6FE07
:108FD000FB6806F14C005B691B681BB1019002F055
:108FE0006BFD019803A902F059FD024648B1039BAD
:108FF0002946204600F098F8002383F3118805B035
:10900000F0BDFB685A691268002AF5D01B8A013B43
:109010001340F1D104F18002EAE70000133138B5C2
:1090200050F82140ECB1302383F3118804F58053CC
:10903000D3F8A4281368527903EB8203DB689B6999
:109040005D6845B104216018FFF768FE294604F108
:10905000140002F059FC2046FFF7B4FE002383F30E
:10906000118838BD7047000001F070BD0123402217
:10907000002110B5044600F8303BF8F7A9FF0023A3
:10908000C4E9013310BD000010B53023044683F35A
:1090900011882422416000210C30F8F799FF204606
:1090A00001F076FD02230020237080F3118810BDAB
:1090B00070B500EB8103054650690E461446DA6030
:1090C00018B110220021F8F783FFA06918B110220F
:1090D0000021F8F77DFF31462846BDE8704001F0D9
:1090E0005DBE000083682022002103F0011310B54B
:1090F000044683601030F8F76BFF2046BDE810404F
:1091000001F0D8BEF0B4012500EB810447898D4001
:10911000E4683D43A469458123600023A260636045
:10912000F0BC01F0F5BE0000F0B4012500EB8104B5
:1091300007898D40E4683D4364690581236000230D
:10914000A2606360F0BC01F06BBF000070B5022349
:1091500000250446242203702946C0F888500C30AC
:1091600040F8045CF8F734FF204684F8705001F0B2
:10917000A9FD63681B6823B129462046BDE87040FD
:10918000184770BD0378052B10B504460AD080F847
:109190008C300523037043681B680BB1042198478A
:1091A0000023A36010BD00000178052906D190F8C6
:1091B0008C20436802701B6803B118477047000099
:1091C00070B590F87030044613B1002380F8703009
:1091D00004F18002204601F091FE63689B68B3B9F8
:1091E00094F8803013F0600535D00021204602F05D
:1091F00083F90021204602F073F963681B6813B1FC
:10920000062120469847062384F8703070BD20461A
:1092100098470028E4D0B4F88630A26F9A4288BFFD
:10922000A36794F98030A56F002B4FF0300380F2D4
:109230000381002D00F0F280092284F8702083F36E
:10924000118800212046D4E91D23FFF76DFF00237C
:1092500083F31188DAE794F8812003F07F0343EA6F
:10926000022340F20232934200F0C58021D8B3F5C8
:10927000807F48D00DD8012B3FD0022B00F0938087
:10928000002BB2D104F1880262670222A267E36771
:10929000C1E7B3F5817F00F09B80B3F5407FA4D197
:1092A00094F88230012BA0D1B4F8883043F0020347
:1092B00032E0B3F5006F4DD017D8B3F5A06F31D0C1
:1092C000A3F5C063012B90D86368204694F88220F0
:1092D0005E6894F88310B4F88430B047002884D0D6
:1092E000436863670368A3671AE0B3F5106F36D06D
:1092F00040F6024293427FF478AF5C4B63670223EF
:10930000A3670023C3E794F88230012B7FF46DAF8D
:10931000B4F8883023F00203A4F88830C4E91D555E
:10932000E56778E7B4F88030B3F5A06F0ED194F814
:109330008230204684F88A3001F022FD63681B6881
:1093400013B1012120469847032323700023C4E969
:109350001D339CE704F18B0363670123C3E7237884
:10936000042B10D1302383F311882046FFF7BAFE77
:1093700085F311880321636884F88B5021701B6882
:109380000BB12046984794F88230002BDED084F849
:109390008B300423237063681B68002BD6D0022116
:1093A00020469847D2E794F8843020461D0603F003
:1093B0000F010AD501F094FD012804D002287FF4A2
:1093C00014AF2B4B9AE72B4B98E701F07BFDF3E7AB
:1093D00094F88230002B7FF408AF94F8843013F0B7
:1093E0000F01B3D01A06204602D502F09DF8ADE772
:1093F00002F08EF8AAE794F88230002B7FF4F5AEE5
:1094000094F8843013F00F01A0D01B06204602D53B
:1094100002F072F89AE702F063F897E7142284F8F2
:10942000702083F311882B462A4629462046FFF7F1
:1094300069FE85F31188E9E65DB1152284F8702094
:1094400083F3118800212046D4E91D23FFF75AFE3B
:10945000FDE60B2284F8702083F311882B462A4600
:1094600029462046FFF760FEE3E700BF78D20008F8
:1094700070D2000874D2000838B590F870300446F5
:10948000002B3ED0063BDAB20F2A34D80F2B32D84D
:10949000DFE803F0373131082232313131313131F7
:1094A00031313737856FB0F886309D4214D2C368AA
:1094B0001B8AB5FBF3F203FB12556DB9302383F31E
:1094C00011882B462A462946FFF72EFE85F3118880
:1094D0000A2384F870300EE0142384F870303023AF
:1094E00083F31188002320461A461946FFF70AFE27
:1094F000002383F3118838BDC36F03B1984700235D
:10950000E7E70021204601F0F7FF0021204601F0A7
:10951000E7FF63681B6813B10621204698470623BE
:10952000D7E7000010B590F870300446142B29D00E
:1095300017D8062B05D001D81BB110BD093B022B53
:10954000FBD80021204601F0D7FF0021204601F082
:10955000C7FF63681B6813B106212046984706239E
:1095600019E0152BE9D10B2380F87030302383F3F9
:10957000118800231A461946FFF7D6FD002383F30E
:109580001188DAE7C3689B695B68002BD5D1C36F8C
:1095900003B19847002384F87030CEE70023826837
:1095A00080F8243083691B6899689142FBD25A681D
:1095B00003604260106058607047000000238268BA
:1095C00080F8243083691B6899689142FBD85A68F7
:1095D00003604260106058607047000008B508469C
:1095E000302383F3118891F82430032B05D0042B0A
:1095F0000DD02BB983F3118808BD8B6A00221A6045
:109600004FF0FF338362FFF7C9FF0023F2E7D1E990
:10961000003213605A60F3E7034610B51B689842A6
:1096200003D09C688A689442F8D25A680B604A60FA
:109630001160596010BD0000FFF7B0BF38B50B4B8B
:109640001C68DD6885F82400226853601A600122D6
:10965000DC60A36884F82420934201D101F03CF936
:1096600029462046BDE83840F6F798BF80460020DE
:109670000C4B30B5DD684B1C87B004460FD02B4631
:10968000094A684600F0A2F92046FFF7D7FF009B81
:1096900013B1684600F0A4F9A86A07B030BDFFF71F
:1096A000CDFFF9E780460020DD950008044B1A68DD
:1096B000DB6890689B68984294BF00200120704747
:1096C0008046002038B50C4B1C68DD68226853606A
:1096D0001A600122DC6084F82420AB68934201D137
:1096E00001F0FCF82846FFF769FF01462046BDE877
:1096F0003840F6F753BF00BF80460020044B1A687D
:10970000DB6892689B689A4201D9FFF7DBBF70471C
:109710008046002038B50123084C00252370656081
:1097200002F00AFB02F030FB0549064802F006FC95
:109730000223237085F3118838BD00BF284900201B
:1097400080D200088046002000F080B9034A5168AA
:1097500053685B1A9842FBD8704700BF001000E0C6
:109760008B604B630023CA6100F128020B63022364
:109770000A618B840123886181F8263001F110038E
:10978000C26A4A611360C36201F12C030846CB62CE
:1097900070470000D0E90131026841F8183CA1F19E
:1097A0009C033839CB60036941F8243C436941F894
:1097B000203C034B41F8043CC3680248FFF7D0BF8C
:1097C000B50500088046002008B5FFF7E3FFBDE8B7
:1097D0000840FFF731BF000038B50E4BDC6804F1DC
:1097E0002C05A062E06AA8420FD194F826303BB95C
:1097F00094F825309B0702BFD4E9043213605A6005
:109800000F20BDE83840FFF719BF0368E362FFF798
:1098100013FFE7E780460020302383F31188FFF72A
:10982000DBBF000008B50146302383F31188082010
:10983000FFF71EFF002383F3118808BD054BDB688B
:1098400021B1036098620320FFF712BF4FF0FF3091
:10985000704700BF8046002003682BB100220260E1
:1098600018469962FFF7E8BE70470000064BDB68B8
:1098700039B1426818605A60136043600420FFF7F2
:10988000F7BE4FF0FF3070478046002003689842D3
:1098900006D01A680260506018469962FFF7CCBE85
:1098A0007047000038B504460D462068844200D158
:1098B00038BD036823605C608562FFF7BDFEF4E796
:1098C000036810B59C68A2420CD85C688A600B6083
:1098D0004C602160596099688A1A9A604FF0FF3392
:1098E000836010BD121B1B68ECE700000A2938BF1B
:1098F0000A2170B504460D460A26601902F016FAD0
:1099000002F0FEF9041BA54203D8751C04462E463E
:10991000F3E70A2E04D90120BDE8704002F0D6BB5F
:1099200070BD0000F8B5144B0D460A2A4FF00A0727
:10993000D96103F11001826038BF0A2241601969C0
:109940001446016048601861A81802F0DFF902F0BF
:10995000D7F9431B0646A34206D37C1C2819274689
:10996000354602F0E3F9F2E70A2F04D90120BDE8F9
:10997000F84002F0ABBBF8BD80460020F8B50646C3
:109980000D4602F0BDF90F4A134653F8107F9F426F
:1099900006D12A4601463046BDE8F840FFF7C2BF6F
:1099A000D169BB68441A2C1928BF2C46A34202D99E
:1099B0002946FFF79BFF224631460348BDE8F840A1
:1099C000FFF77EBF8046002090460020C0E90323B9
:1099D000002310B45DF8044B4361FFF7CFBF0000D4
:1099E00010B5194C236998420DD08168D0E9003236
:1099F00013605A609A680A449A60002303604FF02B
:109A0000FF33A36110BD0268234643F8102F536053
:109A10000022026022699A4203D1BDE8104002F0A0
:109A20007FB9936881680B44936002F069F92269F9
:109A3000E1699268441AA242E4D91144BDE8104099
:109A4000091AFFF753BF00BF804600202DE9F047F9
:109A5000DFF8BC8008F110072C4ED8F8105002F047
:109A60004FF9D8F81C40AA68031B9A423ED8144408
:109A70004FF00009D5E90032C8F81C4013605A6065
:109A8000C5F80090D8F81030B34201D102F048F97F
:109A900089F31188D5E9033128469847302383F3A9
:109AA00011886B69002BD8D002F02AF96A69A0EB03
:109AB000040982464A450DD2022002F007FB00222B
:109AC000D8F81030B34208D151462846BDE8F047D7
:109AD000FFF728BF121A2244F2E712EB09092946C0
:109AE000384638BF4A46FFF7EBFEB5E7D8F81030E6
:109AF000B34208D01444C8F81C00211AA960BDE87C
:109B0000F047FFF7F3BEBDE8F08700BF90460020A6
:109B10008046002038B502F0F3F8054AD2E908453E
:109B2000031B181945F10001C2E9080138BD00BF47
:109B30008046002010B560B9074804790368053CE9
:109B40009B6818BF0124984708B144F004042046DC
:109B500010BD0124FBE700BFE4360020FFF7EABF99
:109B60002DE9F047884617469A460446B0B90D4E8F
:109B70003579052D05D003240DE0013D15F0FF05D5
:109B80000ED03268534639463046D2F814904246D9
:109B9000C8470028F1D12046BDE8F0870424FAE741
:109BA0000124F8E7E43600202DE9F04788461746FF
:109BB0009A460446B0B90D4E3579052D05D00324DB
:109BC0000DE0013D15F0FF050ED0326853463946D1
:109BD0003046D2F818904246C8470028F1D12046B6
:109BE000BDE8F0870424FAE70124F8E7E436002012
:109BF00037B50C46154670B951B101290BD107484C
:109C0000694603681B6A984710B9019B04462B609C
:109C1000204603B030BD0424FAE700BFE43600203C
:109C200000207047FEE70000704700004FF0FF3053
:109C3000704700004B6843608B688360CB68C360EB
:109C40000B6943614B6903628B6943620B68036074
:109C50007047000008B53C4B40F2FF713B48D3F819
:109C600088200A43C3F88820D3F8882022F4FF62B2
:109C700022F00702C3F88820D3F88820D3F8E02028
:109C80000A43C3F8E020D3F808210A43C3F80821A7
:109C90002F4AD3F808311146FFF7CCFF00F580605A
:109CA00002F11C01FFF7C6FF00F5806002F13801E8
:109CB000FFF7C0FF00F5806002F15401FFF7BAFF23
:109CC00000F5806002F17001FFF7B4FF00F58060DD
:109CD00002F18C01FFF7AEFF00F5806002F1A801F0
:109CE000FFF7A8FF00F5806002F1C401FFF7A2FFB3
:109CF00000F5806002F1E001FFF79CFF00F5806055
:109D000002F1FC01FFF796FF02F58C7100F580600F
:109D1000FFF790FF01F0A0FC0E4BD3F8902242F029
:109D20000102C3F89022D3F8942242F00102C3F852
:109D300094220522C3F898204FF06052C3F89C206B
:109D4000054AC3F8A02008BD00440258000002588C
:109D500094D2000800ED00E01F00080308B501F0F0
:109D600091FDFFF7D7FC104BD3F8DC2042F0400206
:109D7000C3F8DC20D3F8042122F04002C3F8042108
:109D8000D3F80431094B1A6842F008021A601A68C5
:109D900042F004021A6000F089FD00F041FBBDE8CA
:109DA000084000F0B5B800BF00440258001802484F
:109DB00001207047002070477047000002290CD036
:109DC000032904D00129074818BF00207047032A3F
:109DD00005D8054800EBC2007047044870470020D2
:109DE000704700BF9CD400085422002050D40008C3
:109DF00070B59AB005460846144601A900F0C2F8AD
:109E000001A8F8F7DDF8431C0022C6B25B0010463B
:109E1000C5E9003423700323023404F8013C01AB8C
:109E2000D1B202348E4201D81AB070BD13F8011BB2
:109E3000013204F8010C04F8021CF1E708B53023E4
:109E400083F311880348FFF78BF8002383F311880D
:109E500008BD00BF3049002090F8803003F01F0299
:109E6000012A07D190F881200B2A03D10023C0E9F1
:109E70001D3315E003F06003202B08D1B0F88430C7
:109E80002BB990F88120212A03D81F2A04D8FFF784
:109E900049B8222AEBD0FAE7034A426707228267D1
:109EA000C3670120704700BF4B22002007B505297A
:109EB00017D8DFE801F0191603191920302383F3AE
:109EC0001188104A01210190FFF7F2F80198022150
:109ED0000D4AFFF7EDF80D48FFF70EF8002383F366
:109EE000118803B05DF804FB302383F31188074821
:109EF000FEF7D8FFF2E7302383F311880348FEF71B
:109F0000EFFFEBE7F0D3000814D40008304900203D
:109F100038B50C4D0C4C2A460C4904F10800FFF7EB
:109F200067FF05F1CA0204F110000949FFF760FF5D
:109F300005F5CA7204F118000649BDE83840FFF77C
:109F400057BF00BF0862002054220020C8D3000879
:109F5000D0D30008E6D3000870B5044608460D4685
:109F6000F8F72EF8C6B22046013403780BB918462C
:109F700070BD32462946F8F70FF80028F3D10120CA
:109F8000F6E700002DE9F84F05460C46F8F718F8FB
:109F90002C49C6B22846FFF7DFFF08B10236F6B2F9
:109FA00029492846FFF7D8FF08B11036F6B2632ECC
:109FB0000DD8DFF89080DFF89090244FDFF894A060
:109FC000DFF894B02E7846B92670BDE8F88F2946A0
:109FD0002046BDE8F84F02F039B9252E2ED10722D0
:109FE00041462846F7F7D8FF70B9DBF8003007354F
:109FF000093444F8093CDBF8043044F8053C9BF88C
:10A00000083004F8013CDDE7082249462846F7F706
:10A01000C3FF98B9A21C0E4B197802320909C95D19
:10A0200002F8041C13F8011B01F00F015345C95D30
:10A0300002F8031CF0D118340835C3E7013504F8E1
:10A04000016BBFE7BCD40008E6D30008CED40008FB
:10A0500000E8F11F0CE8F11FC4D40008BFF34F8FD4
:10A06000044B1A695107FCD1D3F810215207F8D1DB
:10A07000704700BF0020005208B50D4B1B78ABB9EC
:10A08000FFF7ECFF0B4BDA68D10704D50A4A5A6098
:10A0900002F188325A60D3F80C21D20706D5064A5D
:10A0A000C3F8042102F18832C3F8042108BD00BFBF
:10A0B00066640020002000522301674508B5114B5B
:10A0C0001B78F3B9104B1A69510703D5DA6842F0CF
:10A0D0004002DA60D3F81021520705D5D3F80C21DD
:10A0E00042F04002C3F80C21FFF7B8FF064BDA68D4
:10A0F00042F00102DA60D3F80C2142F00102C3F809
:10A100000C2108BD66640020002000520F289ABF71
:10A1100000F5806040040020704700004FF40030DC
:10A1200070470000102070470F2808B50BD8FFF7C4
:10A13000EDFF00F500330268013204D104308342A0
:10A14000F9D1012008BD0020FCE700000F2838B538
:10A1500005463FD8FFF782FF1F4CFFF78DFF4FF0FA
:10A16000FF3307286361C4F814311DD82361FFF75A
:10A1700075FF030243F02403E360E36843F08003C8
:10A18000E36023695A07FCD42846FFF767FFFFF70F
:10A19000BDFF4FF4003100F0B9FA2846FFF78EFFFB
:10A1A000BDE83840FFF7C0BFC4F81031FFF756FFD5
:10A1B000A0F108031B0243F02403C4F80C31D4F8C7
:10A1C0000C3143F08003C4F80C31D4F810315B0734
:10A1D000FBD4D9E7002038BD002000522DE9F84F0C
:10A1E00004460D46104644EA0203DE0602D0002073
:10A1F000BDE8F88F20F01F00DFF8D4B0DFF8D4A05E
:10A20000FFF73AFF05EB0008454503D10120FFF7B2
:10A2100055FFEDE720222946204601F0BDFF10B989
:10A2200020342035F0E7234604F120021F68791C12
:10A23000DDD104339342F9D104F178432048214E13
:10A24000B3F5801F204B38BF184603F1F80332BF27
:10A25000D946D1461E46FFF701FF0760A4EB050C67
:10A26000336805F11C0143F0020333602B1FD9F85A
:10A27000007017F00507FAD153F8042F8B424CF801
:10A280000320F4D1BFF34F8FFFF7E8FE4FF0FF3309
:10A290000360336823F002033360BFF34F8F0B4B2F
:10A2A000C3F85C42BFF34F8FBFF36F8F2022294664
:10A2B000204601F071FF0028B2D03846A7E700BF62
:10A2C000142100520C2000521420005200ED00E036
:10A2D000102000521021005210B5084C237828B1EC
:10A2E0001BB9FFF7C9FE0123237010BD002BFCD062
:10A2F0002070BDE81040FFF7E1BE00BF666400209B
:10A300002DE9F04F0D4685B0814658B111F00D068C
:10A3100014BF2022082211F00803019304D0431E29
:10A32000034269D0002435E0002E37D009F11F0127
:10A3300021F01F094FF00108314F05F00403DFF849
:10A34000CCA005EA080BBBF1000F32D07869C0073A
:10A350002FD408F101080C37B8F1060FF3D19EB9DC
:10A36000284D4946A819019201F030FD0446002805
:10A3700039D12036019AA02EF3D1494601F026FDAD
:10A38000044600282FD1019A49461F4801F01EFDBE
:10A39000044660BB204605B0BDE8F08F0029C9D156
:10A3A00001462846029201F011FD0446D8B9029AEE
:10A3B000C0E713B178694107CBD5AC0702D57869FE
:10A3C0008007C6D5019911B178690107C1D5494601
:10A3D0000AEB4810CDE9022301F0F8FC0446DDE960
:10A3E00002230028B5D04A460021204601E04A4613
:10A3F0000021F7F7EDFDCDE70246002E96D199E753
:10A40000E0D40008A864002068640020886400206C
:10A410000021FFF775BF00000121FFF771BF0000A9
:10A4200000231A4670B51A600433B3F5806FFAD171
:10A43000104D0124104E06EB441001342A6955F8E2
:10A440000C1F01F0AFFC062CF5D137254FF4C0549A
:10A450002046FFF7E1FF014628B122460748BDE844
:10A46000704001F09FBCC4EBC404013D4FEAD4042A
:10A47000EED170BDE0D4000888640020686400203C
:10A480000421FFF73DBF00004843FFF7C1BF0000B4
:10A4900008B101F00DBD7047B0F5805F10B50446FE
:10A4A00007D8FFF7EDFF28B92046BDE81040FFF7B9
:10A4B000AFBF002010BD0000FFF7EABF70B5AAB122
:10A4C00040EA010313F01F030FD1094C0144A568B2
:10A4D0006D0706D52568A84203D366683544A942AE
:10A4E00004D903330C34122BF1D10022104670BD75
:10A4F000E0D4000808B501F0F1FD034AD2E90032CA
:10A50000C01842EB010108BD48650020434BD3E968
:10A5100000232DE9F34113437CD0FFF7EBFF404AC2
:10A5200000230027F6F754F806460D463D4A00235F
:10A53000F6F74EF80023144630462946394AF6F716
:10A5400047F84FF461613C23ADF80170B4FBF1F5BD
:10A55000B4FBF3F601FB154103FB16464624B1FBA1
:10A56000F3F1314BF6B28DF8004098423CD84FF0F1
:10A57000640C4FF4C87EA30704F26C7225D1B2FBC1
:10A58000FCF30CFB132313BBB2FBFEF30EFB1322F5
:10A59000B2FA82F35B0903F26D18621C8045D2B2F5
:10A5A00017D90FB18DF800400022204C4FF00C0C51
:10A5B00017460CFB0343D4B2013213F804C08445A0
:10A5C0000CD8A0EB0C000127F5E70023E3E70123FB
:10A5D000E1E7A0EB080014460127CCE70FB18DF8A6
:10A5E0000140431C8DF802309DF80100431C9DF88A
:10A5F00000005038400640EA43509DF8023040EADF
:10A60000034040EA560040EAC52040EA411002B04B
:10A61000BDE8F0814FF40410F9E700BF4865002061
:10A6200040420F008051010090230B0028D5000804
:10A630000244074BD2B210B5904200D110BD441C69
:10A6400000B253F8200041F8040BE0B2F4E700BF79
:10A65000504000580E4B30B51C6F240405D41C6FBD
:10A660001C671C6F44F400441C670A4C02442368B6
:10A67000D2B243F480732360074B904200D130BDC7
:10A68000441C51F8045B00B243F82050E0B2F4E7F8
:10A6900000440258004802585040005807B50122B3
:10A6A00001A90020FFF7C4FF019803B05DF804FB87
:10A6B00013B50446FFF7F2FFA04205D0012201A91D
:10A6C00000200194FFF7C6FF02B010BD10B564244E
:10A6D000013C4FF47A70FFF7A5F814F0FF04F7D1AE
:10A6E000094B4FF4802214249A61A3F500634FF0C4
:10A6F00080629A61013C4FF47A70FFF793F814F08E
:10A70000FF04F7D110BD00BF001002580144BFF391
:10A710004F8F064B884204D3BFF34F8FBFF36F8F29
:10A720007047C3F85C022030F4E700BF00ED00E0A2
:10A730000144BFF34F8F064B884204D3BFF34F8FC2
:10A74000BFF36F8F7047C3F870022030F4E700BF8B
:10A7500000ED00E070B5054616460C4601201021BC
:10A76000FFF792FE286046733CB1204636B1FFF7F2
:10A7700087FE2B68186000B19C6070BDFFF74CFE2F
:10A78000F7E70000F8B50F461546044648B905F14D
:10A790001F010126386821F01F01FFF7B7FF30467F
:10A7A000F8BD427B29463868FFF788FE0646002838
:10A7B000EDD13B686360A368AB4210D213B120684F
:10A7C000FFF766FE637B28462BB1FFF759FE20603A
:10A7D00020B9A060E3E7FFF71FFEF8E7A560206857
:10A7E00005F11F01012621F01F013860FFF78EFFE0
:10A7F0002673D4E770B50E4602F11F0104461546D4
:10A8000021F01F013046FFF793FF4CB12168B142A0
:10A8100006D1606810B12A46F7F7B4FB0023237312
:10A8200070BD0000F8B50F461446054648B904F15E
:10A830001F010126386821F01F01FFF779FF30461C
:10A84000F8BD427B21463868FFF738FE06460028EF
:10A85000EDD1AB68A34210D213B12868FFF718FE00
:10A860006B7B20462BB1FFF70BFE286020B9A86058
:10A87000E5E7FFF7D1FDF8E7AC60396819B122468A
:10A880002868F7F77FFB286804F11F01012621F0F3
:10A890001F013860FFF74CFF2E73D0E720B103682B
:10A8A0008B4204BF0023037370470000034B1A68F8
:10A8B0001AB9034AD2F8D0241A60704750650020B4
:10A8C0000040025808B5FFF7F1FF024B1868C0F3CB
:10A8D000806008BD50650020704700007047000090
:10A8E000EFF30983054968334A6B22F001024A639A
:10A8F00083F30988002383F31188704700EF00E099
:10A90000302080F3118862B60D4B0E4AD96821F4CD
:10A91000E0610904090C0A430B49DA60D3F8FC2012
:10A9200042F08072C3F8FC20084AC2F8B01F1168D8
:10A9300041F0010111602022DA7783F8220070478C
:10A9400000ED00E00003FA0555CEACC5001000E0B4
:10A95000302310B583F311880E4B5B6813F400634A
:10A9600014D0F1EE103AEFF309844FF08073683C95
:10A97000E361094BDB6B236684F30988FEF796FEDF
:10A9800010B1064BA36110BD054BFBE783F31188A3
:10A99000F9E700BF00ED00E000EF00E0C7050008A8
:10A9A000CA05000870B5BFF34F8FBFF36F8F1A4A07
:10A9B0000021C2F85012BFF34F8FBFF36F8F53695E
:10A9C00043F400335361BFF34F8FBFF36F8FC2F86F
:10A9D0008410BFF34F8FD2F8803043F6E074C3F396
:10A9E000C900C3F34E335B0103EA0406014646EA9D
:10A9F00081750139C2F86052F9D2203B13F1200F62
:10AA0000F2D1BFF34F8F536943F480335361BFF3E7
:10AA10004F8FBFF36F8F70BD00ED00E0FEE70000C9
:10AA2000214B2248224A70B5904237D3214BC11E98
:10AA3000DA1C121A22F003028B4238BF00220021D6
:10AA4000F7F7C6FA1C4A0023C2F88430BFF34F8FD1
:10AA5000D2F8803043F6E074C3F3C900C3F34E3339
:10AA60005B0103EA0406014646EA81750139C2F832
:10AA70006C52F9D2203B13F1200FF2D1BFF34F8F6C
:10AA8000BFF36F8FBFF34F8FBFF36F8F0023C2F8F9
:10AA90005032BFF34F8FBFF36F8F70BD53F8041B5D
:10AAA00040F8041BC0E700BF2CD60008CC6600208D
:10AAB000CC660020CC66002000ED00E0074BD3F808
:10AAC000D81021EA0001C3F8D810D3F8002122EAF7
:10AAD0000002C3F80021D3F8003170470044025847
:10AAE00070B5D0E9244300224FF0FF359E6804EB97
:10AAF00042135101D3F80009002805DAD3F8000900
:10AB000040F08040C3F80009D3F8000B002805DAB4
:10AB1000D3F8000B40F08040C3F8000B01326318FB
:10AB20009642C3F80859C3F8085BE0D24FF001130E
:10AB3000C4F81C3870BD0000890141F0200101619A
:10AB400003699B06FCD41220FEF700BE10B50A4C28
:10AB50002046FEF78BFA094BC4F89030084BC4F836
:10AB60009430084C2046FEF781FA074BC4F8903029
:10AB7000064BC4F8943010BD546500200000084016
:10AB800064D50008F06500200000044070D500087E
:10AB900070B503780546012B5CD1434BD0F890404B
:10ABA000984258D1414B0E216520D3F8D82042F06D
:10ABB0000062C3F8D820D3F8002142F00062C3F845
:10ABC0000021D3F80021D3F8802042F00062C3F8BE
:10ABD0008020D3F8802022F00062C3F88020D3F8D0
:10ABE0008030FDF787FC324BE360324BC4F800380D
:10ABF0000023D5F89060C4F8003EC02323604FF4D2
:10AC00000413A3633369002BFCDA01230C203361A6
:10AC1000FEF79CFD3369DB07FCD41220FEF796FD9E
:10AC20003369002BFCDA00262846A660FFF758FFA0
:10AC30006B68C4F81068DB68C4F81468C4F81C6852
:10AC400083BB1D4BA3614FF0FF336361A36843F0E7
:10AC50000103A36070BD194B9842C9D1134B4FF04B
:10AC60008060D3F8D82042F00072C3F8D820D3F81F
:10AC7000002142F00072C3F80021D3F80021D3F87C
:10AC8000802042F00072C3F88020D3F8802022F0A8
:10AC90000072C3F88020D3F88030FFF70FFF0E2139
:10ACA0004D209EE7064BCDE7546500200044025836
:10ACB0004014004003002002003C30C0F06500203A
:10ACC000083C30C0F8B5D0F89040054600214FF060
:10ACD00000662046FFF730FFD5F8941000234FF0B0
:10ACE00001128F684FF0FF30C4F83438C4F81C28C4
:10ACF00004EB431201339F42C2F80069C2F8006BB3
:10AD0000C2F80809C2F8080BF2D20B68D5F89020F7
:10AD1000C5F89830636210231361166916F01006A7
:10AD2000FBD11220FEF712FDD4F8003823F4FE63A5
:10AD3000C4F80038A36943F4402343F01003A3612F
:10AD40000923C4F81038C4F814380B4BEB604FF0EB
:10AD5000C043C4F8103B094BC4F8003BC4F8106969
:10AD6000C4F80039D5F8983003F1100243F4801389
:10AD7000C5F89820A362F8BD40D5000840800010B7
:10AD8000D0F8902090F88A10D2F8003823F4FE63AF
:10AD900043EA0113C2F80038704700002DE9F84378
:10ADA00000EB8103D0F890500C468046DA680FFA29
:10ADB00081F94801166806F00306731E022B05EBA5
:10ADC00041134FF0000194BFB604384EC3F8101B76
:10ADD0004FF0010104F1100398BF06F1805601FA0B
:10ADE00003F3916998BF06F5004600293AD0578AC7
:10ADF00004F15801374349016F50D5F81C180B4333
:10AE00000021C5F81C382B180127C3F81019A740DA
:10AE10005369611E9BB3138A928B9B08012A88BFDA
:10AE20005343D8F89820981842EA034301F14002AE
:10AE30002146C8F89800284605EB82025360FFF7C8
:10AE40007BFE08EB8900C3681B8A43EA84534834BD
:10AE50001E4364012E51D5F81C381F43C5F81C78D9
:10AE6000BDE8F88305EB4917D7F8001B21F4004132
:10AE7000C7F8001BD5F81C1821EA0303C0E704F14A
:10AE80003F030B4A2846214605EB83035A60FFF730
:10AE900053FE05EB4910D0F8003923F40043C0F805
:10AEA0000039D5F81C3823EA0707D7E700800010DF
:10AEB00000040002D0F894201268C0F89820FFF730
:10AEC0000FBE00005831D0F8903049015B5813F4A0
:10AED000004004D013F4001F0CBF02200120704773
:10AEE0004831D0F8903049015B5813F4004004D049
:10AEF00013F4001F0CBF02200120704700EB8101FA
:10AF0000CB68196A0B6813604B6853607047000088
:10AF100000EB810330B5DD68AA691368D36019B905
:10AF2000402B84BF402313606B8A1468D0F89020B4
:10AF30001C4402EB4110013C09B2B4FBF3F463433F
:10AF4000033323F0030343EAC44343F0C043C0F890
:10AF5000103B2B6803F00303012B0ED1D2F8083805
:10AF600002EB411013F4807FD0F8003B14BF43F094
:10AF7000805343F00053C0F8003B02EB4112D2F87B
:10AF8000003B43F00443C2F8003B30BD2DE9F041E3
:10AF9000D0F8906005460C4606EB4113D3F8087BC9
:10AFA0003A07C3F8087B08D5D6F814381B0704D530
:10AFB00000EB8103DB685B689847FA071FD5D6F87A
:10AFC0001438DB071BD505EB8403D968CCB98B6932
:10AFD000488A5A68B2FBF0F600FB16228AB9186854
:10AFE000DA6890420DD2121AC3E90024302383F3A9
:10AFF000118821462846FFF78BFF84F31188BDE8AE
:10B00000F081012303FA04F26B8923EA02036B81C6
:10B01000CB68002BF3D021462846BDE8F041184705
:10B0200000EB81034A0170B5DD68D0F890306C699F
:10B030002668E66056BB1A444FF40020C2F8100997
:10B040002A6802F00302012A0AB20ED1D3F80808D6
:10B0500003EB421410F4807FD4F8000914BF40F0D1
:10B06000805040F00050C4F8000903EB4212D2F8BF
:10B07000000940F00440C2F800090122D3F8340866
:10B0800002FA01F10143C3F8341870BD19B9402E1A
:10B0900084BF4020206020681A442E8A8419013C15
:10B0A000B4FBF6F440EAC44040F00050C6E70000AC
:10B0B0002DE9F843D0F8906005460C464F0106EBA9
:10B0C0004113D3F8088918F0010FC3F808891CD080
:10B0D000D6F81038DB0718D500EB8103D3F80CC085
:10B0E000DCF81430D3F800E0DA68964530D2A2EBF1
:10B0F0000E024FF000091A60C3F80490302383F366
:10B100001188FFF78DFF89F3118818F0800F1DD08B
:10B11000D6F834380126A640334217D005EB840315
:10B120000134D5F89050D3F80CC0E4B22F44DCF8C9
:10B13000142005EB0434D2F800E05168714514D3B3
:10B14000D5F8343823EA0606C5F83468BDE8F88334
:10B15000012303FA01F2038923EA02030381DCF8E5
:10B160000830002BD1D09847CFE7AEEB0103BCF8F5
:10B170001000834228BF0346D7F8180980B2B3EB0A
:10B18000800FE3D89068A0F1040959F8048FC4F83F
:10B190000080A0EB09089844B8F1040FF5D81844D2
:10B1A0000B4490605360C8E72DE9F84FD0F89050F9
:10B1B00004466E69AB691E4016F480586E6103D078
:10B1C000BDE8F84FFDF7C2BF002E12DAD5F8003EF9
:10B1D0009B0705D0D5F8003E23F00303C5F8003ED9
:10B1E000D5F80438204623F00103C5F80438FDF7EC
:10B1F000DBFF370505D52046FFF772FC2046FDF73B
:10B20000C1FFB0040CD5D5F8083813F0060FEB6871
:10B2100023F470530CBF43F4105343F4A053EB607A
:10B2200031071BD56368DB681BB9AB6923F00803E2
:10B23000AB612378052B0CD1D5F8003E9A0705D0D9
:10B24000D5F8003E23F00303C5F8003E2046FDF785
:10B25000ABFF6368DB680BB120469847F30200F14F
:10B26000BA80B70226D5D4F8909000274FF0010A93
:10B2700009EB4712D2F8003B03F44023B3F5802FCB
:10B2800011D1D2F8003B002B0DDA62890AFA07F3DC
:10B2900022EA0303638104EB8703DB68DB6813B1F5
:10B2A0003946204698470137D4F89430FFB29B685E
:10B2B0009F42DDD9F00619D5D4F89000026AC2F396
:10B2C0000A1702F00F0302F4F012B2F5802F00F01B
:10B2D000CA80B2F5402F09D104EB8303002200F5A8
:10B2E0008050DB681B6A974240F0B0803003D5F88D
:10B2F000185835D5E90303D500212046FFF746FE4F
:10B30000AA0303D501212046FFF740FE6B0303D5B6
:10B3100002212046FFF73AFE2F0303D503212046E2
:10B32000FFF734FEE80203D504212046FFF72EFE86
:10B33000A90203D505212046FFF728FE6A0203D59E
:10B3400006212046FFF722FE2B0203D507212046C7
:10B35000FFF71CFEEF0103D508212046FFF716FE7C
:10B36000700340F1A780E90703D500212046FFF7CD
:10B370009FFEAA0703D501212046FFF799FE6B0720
:10B3800003D502212046FFF793FE2F0703D50321A3
:10B390002046FFF78DFEEE0603D504212046FFF779
:10B3A00087FEA80603D505212046FFF781FE690622
:10B3B00003D506212046FFF77BFE2A0603D5072189
:10B3C0002046FFF775FEEB0574D520460821BDE841
:10B3D000F84FFFF76DBED4F890904FF0000B4FF090
:10B3E000010AD4F894305FFA8BF79B689F423FF6CE
:10B3F00038AF09EB4713D3F8002902F44022B2F525
:10B40000802F20D1D3F80029002A1CDAD3F8002994
:10B4100042F09042C3F80029D3F80029002AFBDB50
:10B420003946D4F89000FFF787FB22890AFA07F320
:10B4300022EA0303238104EB8703DB689B6813B1D3
:10B440003946204698470BF1010BCAE7910701D115
:10B45000D0F80080072A02F101029CBF03F8018B9B
:10B460004FEA18283FE704EB830300F58050DA68C1
:10B47000D2F818C0DCF80820DCE9001CA1EB0C0CA9
:10B4800000218F4208D1DB689B699A683A449A6030
:10B490005A683A445A6029E711F0030F01D1D0F8F5
:10B4A00000808C4501F1010184BF02F8018B4FEA55
:10B4B0001828E6E7BDE8F88F08B50348FFF774FEE3
:10B4C000BDE80840FFF744BA5465002008B50348BA
:10B4D000FFF76AFEBDE80840FFF73ABAF0650020C2
:10B4E000D0F8903003EB4111D1F8003B43F4001346
:10B4F000C1F8003B70470000D0F8903003EB4111D9
:10B50000D1F8003943F40013C1F800397047000046
:10B51000D0F8903003EB4111D1F8003B23F4001335
:10B52000C1F8003B70470000D0F8903003EB4111A8
:10B53000D1F8003923F40013C1F800397047000036
:10B54000064BD3F8DC200243C3F8DC20D3F80421F7
:10B550001043C3F80401D3F8043170470044025883
:10B5600008B53C4B4FF0FF31D3F8802062F0004229
:10B57000C3F88020D3F8802002F00042C3F8802076
:10B58000D3F88020D3F88420C3F88410D3F8842023
:10B590000022C3F88420D3F88400D86F40F0FF4025
:10B5A00040F4FF0040F4DF4040F07F00D867D86FE0
:10B5B00020F0FF4020F4FF0020F4DF4020F07F0067
:10B5C000D867D86FD3F888006FEA40506FEA5050C0
:10B5D000C3F88800D3F88800C0F30A00C3F88800D5
:10B5E000D3F88800D3F89000C3F89010D3F89000F7
:10B5F000C3F89020D3F89000D3F89400C3F89410C7
:10B60000D3F89400C3F89420D3F89400D3F89800AA
:10B61000C3F89810D3F89800C3F89820D3F898008E
:10B62000D3F88C00C3F88C10D3F88C00C3F88C20AE
:10B63000D3F88C00D3F89C00C3F89C10D3F89C106E
:10B64000C3F89C20D3F89C30FCF7F4F9BDE808401F
:10B6500000F0FCB80044025808B50122534BC3F86F
:10B660000821534BD3F8F42042F00202C3F8F4202F
:10B67000D3F81C2142F00202C3F81C210222D3F8A5
:10B680001C314C4BDA605A689104FCD54A4A1A6066
:10B6900001229A60494ADA6000221A614FF440425E
:10B6A0009A61444B9A699204FCD51A6842F48072FC
:10B6B0001A603F4B1A6F12F4407F04D04FF480326F
:10B6C0001A6700221A671A6842F001021A60384BA2
:10B6D0001A685007FCD500221A611A6912F0380264
:10B6E000FBD1012119604FF0804159605A67344AFB
:10B6F000DA62344A1A611A6842F480321A602C4BBA
:10B700001A689103FCD51A6842F480521A601A68CC
:10B710009204FCD52C4A2D499A6200225A6319637F
:10B7200001F57C01DA6301F2E71199635A64284A52
:10B730001A64284ADA621A6842F0A8521A601C4B4E
:10B740001A6802F02852B2F1285FF9D148229A61B2
:10B750004FF48862DA6140221A621F4ADA641F4A93
:10B760001A651F4A5A651F4A9A6532231E4A13609A
:10B77000136803F00F03022BFAD10D4A136943F04B
:10B7800003031361136903F03803182BFAD14FF048
:10B790000050FFF7D5FE4FF08040FFF7D1FE4FF08D
:10B7A0000040BDE80840FFF7CBBE00BF008000515D
:10B7B000004402580048025800C000F00200000196
:10B7C0000000FF0100889008222040006302090168
:10B7D000470E0508DD0BBF0120000020000001100E
:10B7E0000910E000000101100020005208B50348D4
:10B7F000FCF7F6FCBDE80840FFF7AAB8E4360020E5
:10B8000008B50348FCF7F0FDBDE80840FFF7A0B815
:10B810003C39002008B50348FCF7E6FDBDE80840C8
:10B82000FFF796B8A839002008B50348FCF7DCFDFF
:10B83000BDE80840FFF78CB8143A002008B500F0C6
:10B8400095FCBDE80840FFF783B8000008B5092162
:10B850007A20FCF74FFE09217C20FCF74BFE0721E4
:10B860003220FCF747FE0C212720FCF743FE0C2179
:10B870003520FCF73FFE0C215220BDE80840FCF7C4
:10B8800039BE000008B5FFF76BFE00F043FCFDF782
:10B8900011FAFDF7AFF9FDF7E7FBFDF7B9FAFEF78F
:10B8A0008BFABDE8084000F029BA000030B5043337
:10B8B000039C0172002104FB0325C160C0E906530B
:10B8C000049B0363059BC0E90000C0E90422C0E9B2
:10B8D0000842C0E90A11436330BD00000022416AFA
:10B8E000C260C0E90411C0E90A226FF00101FDF74E
:10B8F000D9BF0000D0E90432934201D1C2680AB92D
:10B90000181D704700207047036919600021C26844
:10B910000132C260C269134482699342036124BF49
:10B92000436A0361FDF7B2BF38B504460D46E368CC
:10B930003BB162690020131D1268A3621344E362E5
:10B9400007E0237A33B929462046FDF78FFF002808
:10B95000EDDA38BD6FF00100FBE70000C368C26993
:10B96000013BC3604369134482699342436124BF2E
:10B97000436A436100238362036B03B11847704736
:10B9800070B53023044683F31188866A3EB9FFF709
:10B99000CBFF054618B186F31188284670BDA36A0F
:10B9A000E26A13F8015B9342A36202D32046FFF7D9
:10B9B000D5FF002383F31188EFE700002DE9F84F4E
:10B9C00004460E46174698464FF0300989F3118811
:10B9D0000025AA46D4F828B0BBF1000F09D1414692
:10B9E0002046FFF7A1FF20B18BF311882846BDE860
:10B9F000F88FD4E90A12A7EB050B521A934528BF1A
:10BA00009346BBF1400F1BD9334601F1400251F878
:10BA1000040B914243F8040BF9D1A36A4036403538
:10BA20004033A362D4E90A239A4202D32046FFF7A7
:10BA300095FF8AF31188BD42D8D289F31188C9E7EE
:10BA400030465A46F6F79EFAA36A5E445D445B446C
:10BA5000A362E7E710B5029C0433017203FB0421E3
:10BA6000C460C0E906130023C0E90A33039B0363E3
:10BA7000049BC0E90000C0E90422C0E90842436316
:10BA800010BD0000026A6FF00101C260426AC0E9A5
:10BA900004220022C0E90A22FDF704BFD0E90423F2
:10BAA0009A4201D1C26822B9184650F8043B0B6093
:10BAB000704700231846FAE7C3680021C2690133C2
:10BAC000C3604369134482699342436124BF436A5C
:10BAD0004361FDF7DBBE000038B504460D46E36860
:10BAE0003BB1236900201A1DA262E2691344E3629C
:10BAF00007E0237A33B929462046FDF7B7FE002830
:10BB0000EDDA38BD6FF00100FBE700000369196052
:10BB1000C268013AC260C2691344826993420361F8
:10BB200024BF436A036100238362036B03B1184798
:10BB30007047000070B530230D460446114683F36C
:10BB40001188866A2EB9FFF7C7FF10B186F31188F6
:10BB500070BDA36A1D70A36AE26A01339342A362B7
:10BB600004D3E16920460439FFF7D0FF002080F3B9
:10BB70001188EDE72DE9F84F04460D4690469946A9
:10BB80004FF0300A8AF311880026B346A76A4FB9EE
:10BB900049462046FFF7A0FF20B187F311883046C1
:10BBA000BDE8F88FD4E90A073A1AA8EB06079742CE
:10BBB00028BF1746402F1BD905F1400355F8042B29
:10BBC0009D4240F8042BF9D1A36A40364033A3626A
:10BBD000D4E90A239A4204D3E16920460439FFF7E5
:10BBE00095FF8BF311884645D9D28AF31188CDE7AA
:10BBF00029463A46F6F7C6F9A36A3D443E443B441B
:10BC0000A362E5E7D0E904239A4217D1C3689BB148
:10BC1000836A8BB1043B9B1A0ED01360C368013B4F
:10BC2000C360C3691A4483699A42026124BF436AAC
:10BC30000361002383620123184670470023FBE75A
:10BC400001F01F03F0B502F01F0456095A1C01232E
:10BC5000B6EB511F50F8265003FA02F34FEA511782
:10BC600003F1FF333DBF50F82720C4F120001340FB
:10BC700003EA05003BBF03FA00F225FA04F0E040B6
:10BC80001043F0BD70B57E227F210546FFF7D8FF37
:10BC900018B1012819D0002070BD3E224921284644
:10BCA000FFF7CEFF2F22044631212846FFF7C8FFB9
:10BCB000064601345022023653212846B440FFF78D
:10BCC000BFFF093804FA00F0E6E730224521284694
:10BCD000FFF7B6FF01308002DEE7000090F8D630B3
:10BCE00090F8D7201B0403EB026390F8D42090F85F
:10BCF000D500134403EB00207047000000F00CBA9D
:10BD0000014B586A704700BF000C0040034B0022F3
:10BD100058631A610222DA60704700BF000C0040CD
:10BD2000014B0022DA607047000C0040014B586361
:10BD3000704700BF000C0040024B034A1A60034AE0
:10BD40005A607047A4660020D066002000000220E0
:10BD5000074B494210B55C68201A08401968821ADE
:10BD60008A4203D3A24201D85A6010BD0020FCE7EA
:10BD7000A466002008B5302383F31188FFF7E8FF9D
:10BD8000002383F3118808BD0448054B036000239A
:10BD9000C0E901330C3000F017B900BFAC660020D9
:10BDA00075BD0008CB1D083A23F00703591A521A33
:10BDB00010B4D2080024C0E9004384600C301C6039
:10BDC0005A605DF8044B00F0FFB800002DE9F74F12
:10BDD000364FCD1D8846002818BF0746082A4FEA6F
:10BDE000D50538BF082207F10C003C1D9146019093
:10BDF00000F02CF9019809F10701C9F1000E224663
:10BE0000246864B900F02CF93B68CBB3082249469A
:10BE1000E8009847044698B340E9027830E004EB24
:10BE2000010CD4F804A00CEA0E0C0AF10106ACF1E6
:10BE3000080304EBC6069E42E1D9A6EB0C0CB5EB59
:10BE4000EC0F4FEAEC0BDAD89C421DD204F1080249
:10BE5000AB45A3EB02024FEAE202626009D9691C1A
:10BE6000ED4303EBC1025D445560256843F8315052
:10BE700022601C46C3F8048044F8087B00F0F0F808
:10BE8000204603B0BDE8F08FAA45216802D11160B9
:10BE90002346EEE7013504EBC50344F8351003F102
:10BEA0000801761AF6105E601360F1E7AC660020B8
:10BEB00073B50446A0F1080550F8080C54F8043C8A
:10BEC000061D0C3007330190DB0844F8043C00F0F9
:10BED000BDF8334601989E421A6801D0AB4228D281
:10BEE0000AB1954225D244F8082C54F8042C1D6060
:10BEF000013254F8081C05EBC206B14206D14E6867
:10BF0000324444F8042C0A6844F8082C5E68711C1A
:10BF100003EBC1018D4207D154F8042C01323244A5
:10BF20005A6054F8082C1A6002B0BDE8704000F066
:10BF300097B81346CFE70000FEE7000070B51E4B30
:10BF40000025044686B058600E4605638163FEF7FF
:10BF5000D7FC04F12803A5606563C4E90A3304F142
:10BF60001003C4E904334FF0FF33C4E90044C4E9CB
:10BF70000635FFF7C5FE2B46024604F13C0120467C
:10BF8000C4E9082380230D4A6567FDF7E9FB736860
:10BF9000E0600B4A03620123009280F82430684677
:10BFA000F26801923269CDE90223064BCDE90435EE
:10BFB000FDF70AFC06B070BD2849002084D50008B2
:10BFC0007CD5000839BF00080023C0E90000836069
:10BFD0000361704770B51C4B05468468DE685CB32E
:10BFE000B44213D103690133036170BDA36094F8B7
:10BFF000243083B1062B15D1A06A2146D4E9003242
:10C0000013605A60FDF708FBA36A9C68B368A268D6
:10C010009A42EBD306E0D4E90032204613605A601E
:10C02000FDF70AFB28463146FDF7F6FAB562062011
:10C03000BDE87040FDF702BB036986600133036110
:10C04000336BC3603063D0E78046002008B53023EF
:10C0500083F31188FFF7BEFF002383F3118808BD27
:10C06000194BD96883688B4210B520D1302383F3F4
:10C0700011880269013A0261B2B90468C368A0423A
:10C080000B631ED04A6B9BB901238A60036103686E
:10C090001A68026050601A6B8360C26018631846A9
:10C0A000FDF7CAFAFDF72AFB002383F3118810BDC0
:10C0B0001C68A34203D0A468A24238BF2246DB68B2
:10C0C000E1E78260F0E700BF80460020024A536B40
:10C0D00018435063704700BF8046002038B5EFF327
:10C0E00011859DB9EFF30584C4F30804302334B1FE
:10C0F00083F31188FDF70EFD85F3118838BD83F3B6
:10C100001188FDF707FD84F3118838BDBDE838407C
:10C11000FDF700BD70470000114BD3F8E82042F056
:10C120000802C3F8E820D3F8102142F00802C3F84F
:10C1300010210C4AD3F81031D36B43F00803D363BA
:10C14000C722094B9A624FF0FF32DA6200229A61ED
:10C150005A63DA605A6001225A611A60704700BF60
:10C16000004402580010005C000C0040094A08B569
:10C170001169D3680B40D9B29B076FEA01011161C5
:10C1800007D5302383F31188FDF7DEFA002383F30C
:10C19000118808BD000C004010B5013902449042DE
:10C1A00001D1002005E0037811F8014FA34201D02E
:10C1B000181B10BD0130F2E72DE9F041A3B1C91AF7
:10C1C00017780144044603F1FF3C8C42204601D914
:10C1D000002009E00578BD4204F10104F5D10CEB23
:10C1E0000405D618A54201D1BDE8F08115F8018DEE
:10C1F00016F801EDF045F5D0E7E70000884210B5EC
:10C2000001EB020402D98442234607D8431EA1420F
:10C2100008D011F8012B03F8012FF8E7024401467A
:10C220008A4200D110BD13F8014D02F8014DF7E725
:10C23000C9B2034610F8012B1AB18A42F9D1184647
:10C240007047002918BF0023F9E70000034611F8E2
:10C25000012B03F8012B002AF9D1704710B50139E1
:10C26000034632B111F8014F03F8014B013A002C9B
:10C27000F7D11A440021934200D110BD03F8011BED
:10C28000F9E70000504F5354204F4B3A2025730AD2
:10C2900000504F5354204641494C3A2025732028E2
:10C2A0002564290A00000000653766653636653664
:10C2B00035346336336564640000000012100000FA
:10C2C00012110000121300004D4435002D2D0A00FC
:10C2D0002F6172647570696C6F742E6162696E0093
:10C2E0002F6172647570696C6F742D766572696602
:10C2F000792E6162696E002F6172647570696C6F6E
:10C30000742D666C6173682E6162696E002F6172B4
:10C31000647570696C6F742D666C61736865642EEA
:10C320006162696E00000000000000000000000073
:10C33000F51000089111000841130008C911000808
:10C34000891100080000000000000000F110000842
:10C350009D11000879130008ED100008F91000087D
:10C3600053544D333248373F3F3F0053544D3332DF
:10C37000483733782F3732780053544D33324837AB
:10C3800034332F3735332F373530000001105A0042
:10C39000031059000120580003205600756E6B6E83
:10C3A0006F776E206669726D77617265206368656C
:10C3B000636B20726573756C7400000041A3E5F235
:10C3C0006569920700435253756D5265670000001E
:10C3D00040A2E4F164689106000000006669726D95
:10C3E00077617265207665726966696564006D695A
:10C3F0007373696E67206170706C69636174696FD3
:10C400006E207369676E6174757265006170706C1F
:10C4100069636174696F6E206C656E67746820690A
:10C420006E76616C696400626F6172642069642079
:10C430006D69736D61746368006669726D776172AE
:10C440006520637263206D69736D61746368006653
:10C4500069726D77617265207570646174652069B9
:10C460006E2070726F6772657373007761746368B2
:10C47000646F6720726573657420647572696E6796
:10C480002073656375726520626F6F742077696EC3
:10C49000646F770064657363726970746F72206C87
:10C4A000656E67746820696E76616C6964006669A0
:10C4B000726D77617265207369676E6174757265FC
:10C4C000206C656E67746820696E76616C696400C3
:10C4D0006669726D77617265207369676E617475E4
:10C4E000726520766572696669636174696F6E2032
:10C4F0006661696C656400636F64652F6461746173
:10C5000020636865636B73756D207265676973740A
:10C510007279206D69736D6174636800DCC3000813
:10C520009CC300089CC300089CC300089CC300086F
:10C530009CC300089CC300089CC300089CC300085F
:10C540009CC30008EEC300080CC4000827C4000800
:10C5500039C400084FC400086BC4000894C4000824
:10C56000AEC40008D0C40008F7C40008982F8A425F
:10C5700091443771CFFBC0B5A5DBB5E95BC2563935
:10C58000F111F159A4823F92D55E1CAB98AA07D84D
:10C59000015B8312BE853124C37D0C55745DBE7270
:10C5A000FEB1DE80A706DC9B74F19BC1C1699BE4F0
:10C5B0008647BEEFC69DC10FCCA10C246F2CE92D80
:10C5C000AA84744ADCA9B05CDA88F97652513E98A4
:10C5D0006DC631A8C82703B0C77F59BFF30BE0C6AB
:10C5E0004791A7D55163CA0667292914850AB72739
:10C5F00038211B2EFC6D2C4D130D385354730A65D6
:10C60000BB0A6A762EC9C281852C7292A1E8BFA2AC
:10C610004B661AA8708B4BC2A3516CC719E892D114
:10C62000240699D685350EF470A06A1016C1A41997
:10C63000086C371E4C774827B5BCB034B30C1C3996
:10C640004AAAD84E4FCA9C5BF36F2E68EE828F7455
:10C650006F63A5781478C8840802C78CFAFFBE906F
:10C66000EB6C50A4F7A3F9BEF27871C6000000008D
:10C6700000000000000000000000000000000000BA
:10C68000000000000000000000000000E57600004F
:10C6900000000000EDD3F55C1A631258D69CF7A297
:10C6A000DEF9DE14000000000000000000000000C1
:10C6B00000000010B67859FF8572D300BD6E15FFDB
:10C6C0000F0A6A0029C0010098E879FFBC3CA0FF6E
:10C6D0009971CEFF00B7E2FEB40D48FF59F1B2FEEA
:10C6E0000AE5A6FF7BDD2AFE1E14D400528003005B
:10C6F00030D1F300777940FF32E39CFF006EC50133
:10C70000671B900008C9BCF367E6096A3BA7CA84A7
:10C7100085AE67BB2BF894FE72F36E3CF1361D5F5D
:10C720003AF54FA5D182E6AD7F520E511F6C3E2BDC
:10C730008C68059B6BBD41FBABD9831F79217E13B0
:10C7400019CDE05BB0A00EFED3C986FF9E188F0006
:10C750007F693500600CBD00A7D7FBFF9F4C80FEB2
:10C760006A65E1FF1EFC0400920CAE00853B8C0163
:10C77000BDF124FFF825C30160DC3700B74C3EFF54
:10C78000C3423D00324CA401E1A44CFF4C3DA3FF49
:10C79000753E1F00519140FF76410E00A273D6FFF7
:10C7A000068A2E007CE6F4FF0A8A8F00341AC20043
:10C7B000B8F44C00818F2901BEF413FF7BAA7AFFE5
:10C7C0006281440079D5930056651EFFA1679B00E6
:10C7D0008C5943FFEFE5BE01430BB500C6F089FE5F
:10C7E000EE45BCFF4397EE00132A6CFFE55571013F
:10C7F000324487FF116A0900326701FF5001A80126
:10C8000023981EFF10A8B9013859E8FF65D2FC0033
:10C8100029FA4700CCAA4FFF0E2EEFFF504DEF0034
:10C82000BDD64BFF118DF90026504CFFBE5575004B
:10C8300056E4AA009CD8D001C3CFA4FF96424CFF77
:10C84000AFE110FF8D5062014CDBF200C6A2720016
:10C850002EDA98009B2BF1FE9BA068FF33BBA5004E
:10C860000211AF004254A001F73A1E00234135FEE9
:10C8700045ECBF002D86F501A37BDD00206E14FF83
:10C880003417A500BAD64700E9B06000F2EF3601D0
:10C8900039598A00530054FF88A064005C8E78FEEA
:10C8A000687CBE00B5B13EFFFA29550098822A0186
:10C8B00060FCF60097973FFEEF853E0020389C0015
:10C8C0002DA7BDFF8E85B3018356D300BBB396FE63
:10C8D000FAAA0EFFD2A34E0025349700634D1A002A
:10C8E000EE9CD5FFD5C0D101492E54001441290139
:10C8F00036CE4F00C98392FEAA6F18FFB12132FED7
:10C90000AB26CBFF4EF77400D1DD99008580B201D4
:10C910003A2C1900C9273B01BD13FC0031E5D201B7
:10C9200075BB7500B5B3B8010072DB00305E9300D3
:10C93000F52938007D0DCCFEF4AD77002CDD20FE0E
:10C9400054EA1400F9A0C601EC7EEAFF2F63A8FEAA
:10C95000AAE299FF66B3D800E28D7AFF7A4299FE87
:10C96000B6F58600E3E41901D639EBFFD8AD38FF00
:10C97000B5E7D20077809DFF815F88FF6E7E330030
:10C9800002A9B7FF078262FE45B05EFF7404E301AF
:10C99000D9F291FFCAAD1F01690127FF2EAF4500F3
:10C9A000E42F3AFFD7E045FECF3845FF10FE8BFF5E
:10C9B00017CFD4FFCA147EFF5FD560FF09B02100F6
:10C9C000C805CFFFF12A80FE2321C0FFF8E5C4018E
:10C9D00081117800FB6797FF073470FF8C3842FFA6
:10C9E00028E2F5FFD94625FEACD609FF484386016B
:10C9F00092C0D6FF2C26700044B84BFFCE5AFB00E5
:10CA000095EB8D00B5AA3A0074F4EF005C9D02002E
:10CA100066AD6200E98960017F31CB00059B94001F
:10CA2000179409FFD37A0C0022861AFFDBCC88000A
:10CA3000860829FFE0532BFE5519F7006D7F00FE95
:10CA4000A9883000EE77DBFFE7ADD500CE12FEFE01
:10CA500008BA07FF7E0907016F2A48006F34ECFE11
:10CA6000603F8D0093BF7FFECD4EC0FF0E6AED018B
:10CA7000BBDB4C00AFF3BBFE6959AD005519590142
:10CA8000A2F394000276D1FE219E09008BA32EFF13
:10CA90005D4628006C2A8EFE6FFC8EFF9BDF9000A7
:10CAA00033E5A7FF49FC9BFF5E740CFF98A0DAFFFB
:10CAB0009CEE25FFB3EACFFFC500B3FF9AA48D001B
:10CAC000E1C468000A2319FED1D4F2FF61FDDEFE45
:10CAD000B865E500DE127F01A48887FF1ECF8CFEBB
:10CAE0009261F30081C01AFEC95421FF6F0A4EFF04
:10CAF0009351B2FF04041800A1EED7FF068D210068
:10CB000035D70EFF29B5D0FFE78B9D00B3CBDDFFF6
:10CB1000FFB97100BDE2ACFF7142D6FFCA3E2DFFE6
:10CB2000664008FF4EAE10FE857544FF000102030B
:10CB30000405060708090A0B0C0D0E0F0E0A04085F
:10CB4000090F0D06010C00020B0705030B080C0072
:10CB500005020F0D0A0E0306070109040709030168
:10CB60000D0C0B0E0206050A04000F08090005074C
:10CB700002040A0F0E010B0C0608030D020C060A34
:10CB8000000B0803040D07050F0E01090C05010F2A
:10CB90000E0D040A000706030902080B0D0B070E11
:10CBA0000C01030905000F040806020A060F0E090E
:10CBB0000B0300080C020D0701040A050A02080411
:10CBC000070601050F0B090E030C0D0000010203FF
:10CBD0000405060708090A0B0C0D0E0F0E0A0408BF
:10CBE000090F0D06010C00020B0705031B132C0A8D
:10CBF000A3E59CEDA72963085D210621EBFFFFFF5C
:10CC0000FFFFFFFFFFFFFFFFFFFFFFFF0F00000021
:10CC100045490008F1470008714800081949000813
:10CC2000600100002F000000537563636573736635
:10CC3000756C6C79206D6F756E7465642053444318
:10CC40006172642028736C6F77646F776E3D257511
:10CC5000290A0000EB7690455846415420202000D8
:10CC60004641543332202020000000002A3A3C3E46
:10CC70007C223F7F002B2C3B3D5B5D0043554541B3
:10CC80004141414345454549494941414592924FBA
:10CC90004F4F5555594F554F9C4F9E9F41494F55AA
:10CCA000A5A5A6A7A8A9AAABACADAEAFB0B1B2B3CB
:10CCB000B4414141B8B9BABBBCBDBEBFC0C1C2C31B
:10CCC000C4C54141C8C9CACBCCCDCECFD1D14545D1
:10CCD0004549494949D9DADBDCDD49DF4FE14F4FAE
:10CCE0004F4FE6E8E85555555959EEEFF0F1F2F39C
:10CCF000F4F5F6F7F8F9FAFBFCFDFEFF0103050772
:10CD0000090E10121416181C1E00000061001A03F0
:10CD1000E0001703F8000703FF000100780100019D
:10CD2000300132010601390110014A012E01790159
:10CD3000060180014D0043028101820182018401CC
:10CD4000840186018701870189018A018B018B019A
:10CD50008D018E018F019001910191019301940148
:10CD6000F60196019701980198013D029B019C01F3
:10CD70009D0120029F01A001A001A201A201A40126
:10CD8000A401A601A701A701A901AA01AB01AC0159
:10CD9000AC01AE01AF01AF01B101B201B301B3010A
:10CDA000B501B501B701B801B801BA01BB01BC01B9
:10CDB000BC01BE01F701C001C101C201C301C40130
:10CDC000C501C401C701C801C701CA01CB01CA011D
:10CDD000CD011001DD0101008E01DE011201F30120
:10CDE0000300F101F401F401F8012801220212010B
:10CDF0003A020900652C3B023B023D02662C3F02D1
:10CE000040024102410246020A01530240008101F0
:10CE10008601550289018A0158028F015A02900148
:10CE20005C025D025E025F02930161026202940194
:10CE30006402650266026702970196016A02622C2B
:10CE40006C026D026E029C01700271029D01730200
:10CE500074029F0176027702780279027A027B02DD
:10CE60007C02642C7E027F02A60181028202A9015B
:10CE70008402850286028702AE014402B101B2013A
:10CE800045028D028E028F0290029102B7017B0350
:10CE90000300FD03FE03FF03AC03040086038803C5
:10CEA00089038A03B1031103C2030200A303A3038E
:10CEB000C4030803CC0303008C038E038F03D80341
:10CEC0001801F2030A00F903F303F403F503F60370
:10CED000F703F703F903FA03FA03300420035004BD
:10CEE0001007600422018A043601C1040E01CF0438
:10CEF0000100C004D00444016105260400000000C4
:10CF00007D1D0100632C001E9601A01E5A01001F0A
:10CF10000806101F0606201F0806301F0806401FBF
:10CF20000606511F0700591F521F5B1F541F5D1F2C
:10CF3000561F5F1F601F0806701F0E00BA1FBB1F21
:10CF4000C81FC91FCA1FCB1FDA1FDB1FF81FF91F1D
:10CF5000EA1FEB1FFA1FFB1F801F0806901F080621
:10CF6000A01F0806B01F0400B81FB91FB21FBC1FC6
:10CF7000CC1F0100C31FD01F0206E01F0206E51FE1
:10CF80000100EC1FF31F0100FC1F4E2101003221A4
:10CF900070211002842101008321D0241A05302C35
:10CFA0002F04602C0201672C0601752C0201802CD5
:10CFB0006401002D260841FF1A030000C700FC0091
:10CFC000E900E200E400E000E500E700EA00EB0031
:10CFD000E800EF00EE00EC00C400C500C900E60068
:10CFE000C600F400F600F200FB00F900FF00D600D6
:10CFF000DC00F800A300D800D7009201E100ED00AA
:10D00000F300FA00F100D100AA00BA00BF00AE00A0
:10D01000AC00BD00BC00A100AB00BB009125922577
:10D02000932502252425C100C200C000A900632564
:10D03000512557255D25A200A5001025142534256E
:10D040002C251C2500253C25E300C3005A2554252A
:10D0500069256625602550256C25A400F000D000C8
:10D06000CA00CB00C8003101CD00CE00CF0018258A
:10D070000C2588258425A600CC008025D300DF0060
:10D08000D400D200F500D500B500FE00DE00DA00C5
:10D09000DB00D900FD00DD00AF00B400AD00B10041
:10D0A0001720BE00B600A700F700B800B000A80027
:10D0B000B700B900B300B200A025A000286E756CBF
:10D0C0006C29000000000000457700081D7700086B
:10D0D000CD760008E97600080577000810000240C8
:10D0E000080002400008024000000B002800024037
:10D0F000080002400408024006010C004000024003
:10D10000080002400808024010020D0058000240CA
:10D11000080002400C08024016030E007000024096
:10D120000C0002401008024000040F00880002407A
:10D130000C0002401408024006051000A000024046
:10D140000C0002401808024010061100B80002400E
:10D150000C0002401C08024016072F001004024079
:10D160000804024020080240000838002804024059
:10D170000804024024080240060939004004024025
:10D180000804024028080240100A3A0058040240ED
:10D19000080402402C080240160B3B0070040240B9
:10D1A0000C04024030080240000C3C00880402409D
:10D1B0000C04024034080240060D4400A004024062
:10D1C0000C04024038080240100E4500B80402402A
:10D1D0000C0402403C080240160F4600010000000B
:10D1E00000000000009600000000000000000000A9
:10D1F000000000000000000000000000000000002F
:10D20000B19D0008B59D000889880008C18B000801
:10D210001D880008458800086D88000805880008FA
:10D2200000000000758C0008618C00089D8C0008CF
:10D23000898C0008958C0008818C00086D8C000892
:10D24000598C0008A98C0008000000008D8D000892
:10D25000798D0008B58D0008A18D0008AD8D0008FE
:10D26000998D0008858D0008718D0008C18D00081A
:10D27000000000000100000000000000633000001A
:10D280007CD200080000000000000000F8460020EA
:10D29000284900200000802A00020000AAAAAAAAA9
:10D2A00000000024FFFF00000000000000A00A00B2
:10D2B000800200A000000000AAAAAAAA4001005013
:10D2C000FFFF0000009009000000009900001056C8
:10D2D00000000000AAAAAAAA00000055FFFB000057
:10D2E000000000000000080020A15A00000C00000F
:10D2F000AAAAAAAA10410500FFFF0000000800BB6F
:10D30000770000001080020000000000AAAAAAAA6C
:10D3100000400100FBFF000000000070070000005B
:10D320000000000000000000AAAAAAAA0000000055
:10D33000FFFF0000000000000000000000000000EF
:10D3400000000000AAAAAAAA00000000FFFF000037
:10D3500000000000000000000000000000000000CD
:10D36000AAAAAAAA00000000FFFF00000000000017
:10D37000000000000000000000000000AAAAAAAA05
:10D3800000000000FFFF000000000000000000009F
:10D390000000000000000000AAAAAAAA00000000E5
:10D3A000FFFF00000000000000000000000000007F
:10D3B00000000000AAAAAAAA00000000FFFF0000C7
:10D3C0000000000000000000486F6C7962726F007E
:10D3D00025424F415244252D5365637572652D4298
:10D3E0004C2D763130002553455249414C250000E3
:10D3F0000200000000000000AD8F00081D90000832
:10D4000040004000D8610020E861002002000000D8
:10D41000000000000300000000000000659000080C
:10D420000000000010000000F86100200000000073
:10D43000010000000000000054650020010102000E
:10D44000AD9E0008BD9D0008599E00083D9E000845
:10D450004300000058D4000809024300020100C044
:10D460003209040000010202010005240010010538
:10D47000240100010424020205240600010705829C
:10D48000030800FF09040100020A0000000705016B
:10D490000240000007058102400000001200000069
:10D4A000A4D40008120110010200004062315300B0
:10D4B00000020102030100000403090425424F4158
:10D4C000524425005069786861776B3643003031EB
:10D4D000323334353637383941424344454600000B
:10D4E00000000020000002000200000000000030E8
:10D4F00000000400080000000000002400000800F4
:10D50000040000000004000000FC00000200000015
:10D510000000043000800000080000000000003817
:10D5200000000100010000001F1C1F1E1F1E1F1F06
:10D530001E1F1E1F1F1D1F1E1F1E1F1F1E1F1E1F03
:10D5400000000000C19100087994000825950008AA
:10D55000400040008C6600208C6600200100000026
:10D560009C660020800000004001000008000000D0
:10D5700000010000001000000800000069646C65F4
:10D58000000000006D61696E002C04380404380846
:10D590000C10141C20242526000000000000640448
:10D5A0000100040000000000000C001028303400CE
:10D5B0005030FF7F01000000380000000000000034
:10D5C00000001E0000000000FF00000030490020A5
:10D5D000143A0020A83900203C3900200000000047
:10D5E00060C30008830400006BC3000850040000FF
:10D5F00079C3000801000000000000000096000050
:10D600000000080096000000000800000400000070
:10D61000B8D4000800000000000000000000000076
:0CD62000000000000000000000000000FE
:00000001FF
